日付,ファンド名,基準価額,販売基準価額,解約価額,純資産総額(百万円),分配金
2011-12-09,三井住友・ＤＣつみたてＮＩＳＡ・日本株インデックスファンド,9898,,,1,0
2011-12-12,三井住友・ＤＣつみたてＮＩＳＡ・日本株インデックスファンド,10013,,,1,0
2011-12-13,三井住友・ＤＣつみたてＮＩＳＡ・日本株インデックスファンド,9934,,,1,0
2011-12-14,三井住友・ＤＣつみたてＮＩＳＡ・日本株インデックスファンド,9884,,,1,0
2011-12-15,三井住友・ＤＣつみたてＮＩＳＡ・日本株インデックスファンド,9723,,,1,0
2011-12-16,三井住友・ＤＣつみたてＮＩＳＡ・日本株インデックスファンド,9703,,,1,0
2011-12-19,三井住友・ＤＣつみたてＮＩＳＡ・日本株インデックスファンド,9607,,,1,0
2011-12-20,三井住友・ＤＣつみたてＮＩＳＡ・日本株インデックスファンド,9635,,,1,0
2011-12-21,三井住友・ＤＣつみたてＮＩＳＡ・日本株インデックスファンド,9732,,,1,0
2011-12-22,三井住友・ＤＣつみたてＮＩＳＡ・日本株インデックスファンド,9697,,,1,0
2011-12-26,三井住友・ＤＣつみたてＮＩＳＡ・日本株インデックスファンド,9741,,,1,0
2011-12-27,三井住友・ＤＣつみたてＮＩＳＡ・日本株インデックスファンド,9711,,,1,0
2011-12-28,三井住友・ＤＣつみたてＮＩＳＡ・日本株インデックスファンド,9684,,,1,0
2011-12-29,三井住友・ＤＣつみたてＮＩＳＡ・日本株インデックスファンド,9694,,,1,0
2011-12-30,三井住友・ＤＣつみたてＮＩＳＡ・日本株インデックスファンド,9783,,,1,0
2012-01-04,三井住友・ＤＣつみたてＮＩＳＡ・日本株インデックスファンド,9975,,,1,0
2012-01-05,三井住友・ＤＣつみたてＮＩＳＡ・日本株インデックスファンド,9885,,,1,0
2012-01-06,三井住友・ＤＣつみたてＮＩＳＡ・日本株インデックスファンド,9796,,,1,0
2012-01-10,三井住友・ＤＣつみたてＮＩＳＡ・日本株インデックスファンド,9825,,,1,0
2012-01-11,三井住友・ＤＣつみたてＮＩＳＡ・日本株インデックスファンド,9846,,,1,0
2012-01-12,三井住友・ＤＣつみたてＮＩＳＡ・日本株インデックスファンド,9761,,,1,0
2012-01-13,三井住友・ＤＣつみたてＮＩＳＡ・日本株インデックスファンド,9860,,,1,0
2012-01-16,三井住友・ＤＣつみたてＮＩＳＡ・日本株インデックスファンド,9734,,,1,0
2012-01-17,三井住友・ＤＣつみたてＮＩＳＡ・日本株インデックスファンド,9820,,,1,0
2012-01-18,三井住友・ＤＣつみたてＮＩＳＡ・日本株インデックスファンド,9864,,,1,0
2012-01-19,三井住友・ＤＣつみたてＮＩＳＡ・日本株インデックスファンド,9941,,,1,0
2012-01-20,三井住友・ＤＣつみたてＮＩＳＡ・日本株インデックスファンド,10139,,,1,0
2012-01-23,三井住友・ＤＣつみたてＮＩＳＡ・日本株インデックスファンド,10157,,,1,0
2012-01-24,三井住友・ＤＣつみたてＮＩＳＡ・日本株インデックスファンド,10165,,,1,0
2012-01-25,三井住友・ＤＣつみたてＮＩＳＡ・日本株インデックスファンド,10299,,,1,0
2012-01-26,三井住友・ＤＣつみたてＮＩＳＡ・日本株インデックスファンド,10261,,,1,0
2012-01-27,三井住友・ＤＣつみたてＮＩＳＡ・日本株インデックスファンド,10215,,,1,0
2012-01-30,三井住友・ＤＣつみたてＮＩＳＡ・日本株インデックスファンド,10162,,,1,0
2012-01-31,三井住友・ＤＣつみたてＮＩＳＡ・日本株インデックスファンド,10140,,,1,0
2012-02-01,三井住友・ＤＣつみたてＮＩＳＡ・日本株インデックスファンド,10174,,,1,0
2012-02-02,三井住友・ＤＣつみたてＮＩＳＡ・日本株インデックスファンド,10233,,,1,0
2012-02-03,三井住友・ＤＣつみたてＮＩＳＡ・日本株インデックスファンド,10210,,,1,0
2012-02-06,三井住友・ＤＣつみたてＮＩＳＡ・日本株インデックスファンド,10333,,,1,0
2012-02-07,三井住友・ＤＣつみたてＮＩＳＡ・日本株インデックスファンド,10373,,,1,0
2012-02-08,三井住友・ＤＣつみたてＮＩＳＡ・日本株インデックスファンド,10499,,,1,0
2012-02-09,三井住友・ＤＣつみたてＮＩＳＡ・日本株インデックスファンド,10530,,,1,0
2012-02-10,三井住友・ＤＣつみたてＮＩＳＡ・日本株インデックスファンド,10456,,,1,0
2012-02-13,三井住友・ＤＣつみたてＮＩＳＡ・日本株インデックスファンド,10491,,,1,0
2012-02-14,三井住友・ＤＣつみたてＮＩＳＡ・日本株インデックスファンド,10560,,,1,0
2012-02-15,三井住友・ＤＣつみたてＮＩＳＡ・日本株インデックスファンド,10777,,,1,0
2012-02-16,三井住友・ＤＣつみたてＮＩＳＡ・日本株インデックスファンド,10740,,,1,0
2012-02-17,三井住友・ＤＣつみたてＮＩＳＡ・日本株インデックスファンド,10877,,,1,0
2012-02-20,三井住友・ＤＣつみたてＮＩＳＡ・日本株インデックスファンド,10992,,,1,0
2012-02-21,三井住友・ＤＣつみたてＮＩＳＡ・日本株インデックスファンド,10956,,,1,0
2012-02-22,三井住友・ＤＣつみたてＮＩＳＡ・日本株インデックスファンド,11078,,,1,0
2012-02-23,三井住友・ＤＣつみたてＮＩＳＡ・日本株インデックスファンド,11131,,,1,0
2012-02-24,三井住友・ＤＣつみたてＮＩＳＡ・日本株インデックスファンド,11198,,,1,0
2012-02-27,三井住友・ＤＣつみたてＮＩＳＡ・日本株インデックスファンド,11213,,,1,0
2012-02-28,三井住友・ＤＣつみたてＮＩＳＡ・日本株インデックスファンド,11259,,,1,0
2012-02-29,三井住友・ＤＣつみたてＮＩＳＡ・日本株インデックスファンド,11222,,,1,0
2012-03-01,三井住友・ＤＣつみたてＮＩＳＡ・日本株インデックスファンド,11164,,,1,0
2012-03-02,三井住友・ＤＣつみたてＮＩＳＡ・日本株インデックスファンド,11249,,,1,0
2012-03-05,三井住友・ＤＣつみたてＮＩＳＡ・日本株インデックスファンド,11183,,,1,0
2012-03-06,三井住友・ＤＣつみたてＮＩＳＡ・日本株インデックスファンド,11108,,,1,0
2012-03-07,三井住友・ＤＣつみたてＮＩＳＡ・日本株インデックスファンド,11045,,,1,0
2012-03-08,三井住友・ＤＣつみたてＮＩＳＡ・日本株インデックスファンド,11223,,,3,0
2012-03-09,三井住友・ＤＣつみたてＮＩＳＡ・日本株インデックスファンド,11384,,,6,0
2012-03-12,三井住友・ＤＣつみたてＮＩＳＡ・日本株インデックスファンド,11337,,,6,0
2012-03-13,三井住友・ＤＣつみたてＮＩＳＡ・日本株インデックスファンド,11339,,,7,0
2012-03-14,三井住友・ＤＣつみたてＮＩＳＡ・日本株インデックスファンド,11497,,,7,0
2012-03-15,三井住友・ＤＣつみたてＮＩＳＡ・日本株インデックスファンド,11585,,,8,0
2012-03-16,三井住友・ＤＣつみたてＮＩＳＡ・日本株インデックスファンド,11626,,,8,0
2012-03-19,三井住友・ＤＣつみたてＮＩＳＡ・日本株インデックスファンド,11647,,,8,0
2012-03-21,三井住友・ＤＣつみたてＮＩＳＡ・日本株インデックスファンド,11516,,,9,0
2012-03-22,三井住友・ＤＣつみたてＮＩＳＡ・日本株インデックスファンド,11560,,,9,0
2012-03-23,三井住友・ＤＣつみたてＮＩＳＡ・日本株インデックスファンド,11433,,,9,0
2012-03-26,三井住友・ＤＣつみたてＮＩＳＡ・日本株インデックスファンド,11422,,,9,0
2012-03-27,三井住友・ＤＣつみたてＮＩＳＡ・日本株インデックスファンド,11697,,,9,0
2012-03-28,三井住友・ＤＣつみたてＮＩＳＡ・日本株インデックスファンド,11707,,,20,0
2012-03-29,三井住友・ＤＣつみたてＮＩＳＡ・日本株インデックスファンド,11618,,,20,0
2012-03-30,三井住友・ＤＣつみたてＮＩＳＡ・日本株インデックスファンド,11573,,,20,0
2012-04-02,三井住友・ＤＣつみたてＮＩＳＡ・日本株インデックスファンド,11595,,,20,0
2012-04-03,三井住友・ＤＣつみたてＮＩＳＡ・日本株インデックスファンド,11525,,,20,0
2012-04-04,三井住友・ＤＣつみたてＮＩＳＡ・日本株インデックスファンド,11315,,,20,0
2012-04-05,三井住友・ＤＣつみたてＮＩＳＡ・日本株インデックスファンド,11277,,,19,0
2012-04-06,三井住友・ＤＣつみたてＮＩＳＡ・日本株インデックスファンド,11182,,,19,0
2012-04-09,三井住友・ＤＣつみたてＮＩＳＡ・日本株インデックスファンド,11020,,,19,0
2012-04-10,三井住友・ＤＣつみたてＮＩＳＡ・日本株インデックスファンド,11015,,,19,0
2012-04-11,三井住友・ＤＣつみたてＮＩＳＡ・日本株インデックスファンド,10913,,,19,0
2012-04-12,三井住友・ＤＣつみたてＮＩＳＡ・日本株インデックスファンド,10968,,,19,0
2012-04-13,三井住友・ＤＣつみたてＮＩＳＡ・日本株インデックスファンド,11044,,,20,0
2012-04-16,三井住友・ＤＣつみたてＮＩＳＡ・日本株インデックスファンド,10885,,,19,0
2012-04-17,三井住友・ＤＣつみたてＮＩＳＡ・日本株インデックスファンド,10876,,,20,0
2012-04-18,三井住友・ＤＣつみたてＮＩＳＡ・日本株インデックスファンド,11095,,,20,0
2012-04-19,三井住友・ＤＣつみたてＮＩＳＡ・日本株インデックスファンド,11025,,,20,0
2012-04-20,三井住友・ＤＣつみたてＮＩＳＡ・日本株インデックスファンド,10995,,,20,0
2012-04-23,三井住友・ＤＣつみたてＮＩＳＡ・日本株インデックスファンド,10962,,,20,0
2012-04-24,三井住友・ＤＣつみたてＮＩＳＡ・日本株インデックスファンド,10888,,,20,0
2012-04-25,三井住友・ＤＣつみたてＮＩＳＡ・日本株インデックスファンド,10962,,,20,0
2012-04-26,三井住友・ＤＣつみたてＮＩＳＡ・日本株インデックスファンド,10970,,,21,0
2012-04-27,三井住友・ＤＣつみたてＮＩＳＡ・日本株インデックスファンド,10892,,,20,0
2012-05-01,三井住友・ＤＣつみたてＮＩＳＡ・日本株インデックスファンド,10690,,,30,0
2012-05-02,三井住友・ＤＣつみたてＮＩＳＡ・日本株インデックスファンド,10735,,,31,0
2012-05-07,三井住友・ＤＣつみたてＮＩＳＡ・日本株インデックスファンド,10453,,,30,0
2012-05-08,三井住友・ＤＣつみたてＮＩＳＡ・日本株インデックスファンド,10513,,,29,0
2012-05-09,三井住友・ＤＣつみたてＮＩＳＡ・日本株インデックスファンド,10368,,,29,0
2012-05-10,三井住友・ＤＣつみたてＮＩＳＡ・日本株インデックスファンド,10364,,,29,0
2012-05-11,三井住友・ＤＣつみたてＮＩＳＡ・日本株インデックスファンド,10268,,,28,0
2012-05-14,三井住友・ＤＣつみたてＮＩＳＡ・日本株インデックスファンド,10245,,,28,0
2012-05-15,三井住友・ＤＣつみたてＮＩＳＡ・日本株インデックスファンド,10121,,,28,0
2012-05-16,三井住友・ＤＣつみたてＮＩＳＡ・日本株インデックスファンド,10004,,,28,0
2012-05-17,三井住友・ＤＣつみたてＮＩＳＡ・日本株インデックスファンド,10116,,,28,0
2012-05-18,三井住友・ＤＣつみたてＮＩＳＡ・日本株インデックスファンド,9824,,,27,0
2012-05-21,三井住友・ＤＣつみたてＮＩＳＡ・日本株インデックスファンド,9817,,,27,0
2012-05-22,三井住友・ＤＣつみたてＮＩＳＡ・日本株インデックスファンド,9929,,,28,0
2012-05-23,三井住友・ＤＣつみたてＮＩＳＡ・日本株インデックスファンド,9770,,,27,0
2012-05-24,三井住友・ＤＣつみたてＮＩＳＡ・日本株インデックスファンド,9778,,,28,0
2012-05-25,三井住友・ＤＣつみたてＮＩＳＡ・日本株インデックスファンド,9776,,,28,0
2012-05-28,三井住友・ＤＣつみたてＮＩＳＡ・日本株インデックスファンド,9764,,,28,0
2012-05-29,三井住友・ＤＣつみたてＮＩＳＡ・日本株インデックスファンド,9845,,,28,0
2012-05-30,三井住友・ＤＣつみたてＮＩＳＡ・日本株インデックスファンド,9797,,,29,0
2012-05-31,三井住友・ＤＣつみたてＮＩＳＡ・日本株インデックスファンド,9742,,,29,0
2012-06-01,三井住友・ＤＣつみたてＮＩＳＡ・日本株インデックスファンド,9598,,,29,0
2012-06-04,三井住友・ＤＣつみたてＮＩＳＡ・日本株インデックスファンド,9417,,,29,0
2012-06-05,三井住友・ＤＣつみたてＮＩＳＡ・日本株インデックスファンド,9590,,,29,0
2012-06-06,三井住友・ＤＣつみたてＮＩＳＡ・日本株インデックスファンド,9728,,,30,0
2012-06-07,三井住友・ＤＣつみたてＮＩＳＡ・日本株インデックスファンド,9891,,,30,0
2012-06-08,三井住友・ＤＣつみたてＮＩＳＡ・日本株インデックスファンド,9716,,,30,0
2012-06-11,三井住友・ＤＣつみたてＮＩＳＡ・日本株インデックスファンド,9883,,,30,0
2012-06-12,三井住友・ＤＣつみたてＮＩＳＡ・日本株インデックスファンド,9805,,,30,0
2012-06-13,三井住友・ＤＣつみたてＮＩＳＡ・日本株インデックスファンド,9835,,,30,0
2012-06-14,三井住友・ＤＣつみたてＮＩＳＡ・日本株インデックスファンド,9825,,,30,0
2012-06-15,三井住友・ＤＣつみたてＮＩＳＡ・日本株インデックスファンド,9835,,,30,0
2012-06-18,三井住友・ＤＣつみたてＮＩＳＡ・日本株インデックスファンド,10002,,,31,0
2012-06-19,三井住友・ＤＣつみたてＮＩＳＡ・日本株インデックスファンド,9946,,,31,0
2012-06-20,三井住友・ＤＣつみたてＮＩＳＡ・日本株インデックスファンド,10118,,,31,0
2012-06-21,三井住友・ＤＣつみたてＮＩＳＡ・日本株インデックスファンド,10206,,,32,0
2012-06-22,三井住友・ＤＣつみたてＮＩＳＡ・日本株インデックスファンド,10165,,,31,0
2012-06-25,三井住友・ＤＣつみたてＮＩＳＡ・日本株インデックスファンド,10089,,,31,0
2012-06-26,三井住友・ＤＣつみたてＮＩＳＡ・日本株インデックスファンド,10004,,,31,0
2012-06-27,三井住友・ＤＣつみたてＮＩＳＡ・日本株インデックスファンド,10102,,,31,0
2012-06-28,三井住友・ＤＣつみたてＮＩＳＡ・日本株インデックスファンド,10281,,,33,0
2012-06-29,三井住友・ＤＣつみたてＮＩＳＡ・日本株インデックスファンド,10433,,,34,0
2012-07-02,三井住友・ＤＣつみたてＮＩＳＡ・日本株インデックスファンド,10426,,,34,0
2012-07-03,三井住友・ＤＣつみたてＮＩＳＡ・日本株インデックスファンド,10530,,,34,0
2012-07-04,三井住友・ＤＣつみたてＮＩＳＡ・日本株インデックスファンド,10551,,,35,0
2012-07-05,三井住友・ＤＣつみたてＮＩＳＡ・日本株インデックスファンド,10519,,,35,0
2012-07-06,三井住友・ＤＣつみたてＮＩＳＡ・日本株インデックスファンド,10458,,,36,0
2012-07-09,三井住友・ＤＣつみたてＮＩＳＡ・日本株インデックスファンド,10350,,,35,0
2012-07-10,三井住友・ＤＣつみたてＮＩＳＡ・日本株インデックスファンド,10278,,,35,0
2012-07-11,三井住友・ＤＣつみたてＮＩＳＡ・日本株インデックスファンド,10260,,,35,0
2012-07-12,三井住友・ＤＣつみたてＮＩＳＡ・日本株インデックスファンド,10126,,,35,0
2012-07-13,三井住友・ＤＣつみたてＮＩＳＡ・日本株インデックスファンド,10111,,,35,0
2012-07-17,三井住友・ＤＣつみたてＮＩＳＡ・日本株インデックスファンド,10070,,,35,0
2012-07-18,三井住友・ＤＣつみたてＮＩＳＡ・日本株インデックスファンド,10032,,,34,0
2012-07-19,三井住友・ＤＣつみたてＮＩＳＡ・日本株インデックスファンド,10122,,,35,0
2012-07-20,三井住友・ＤＣつみたてＮＩＳＡ・日本株インデックスファンド,9941,,,35,0
2012-07-23,三井住友・ＤＣつみたてＮＩＳＡ・日本株インデックスファンド,9763,,,35,0
2012-07-24,三井住友・ＤＣつみたてＮＩＳＡ・日本株インデックスファンド,9722,,,34,0
2012-07-25,三井住友・ＤＣつみたてＮＩＳＡ・日本株インデックスファンド,9572,,,34,0
2012-07-26,三井住友・ＤＣつみたてＮＩＳＡ・日本株インデックスファンド,9685,,,34,0
2012-07-27,三井住友・ＤＣつみたてＮＩＳＡ・日本株インデックスファンド,9842,,,35,0
2012-07-30,三井住友・ＤＣつみたてＮＩＳＡ・日本株インデックスファンド,9912,,,36,0
2012-07-31,三井住友・ＤＣつみたてＮＩＳＡ・日本株インデックスファンド,9973,,,37,0
2012-08-01,三井住友・ＤＣつみたてＮＩＳＡ・日本株インデックスファンド,9886,,,37,0
2012-08-02,三井住友・ＤＣつみたてＮＩＳＡ・日本株インデックスファンド,9929,,,37,0
2012-08-03,三井住友・ＤＣつみたてＮＩＳＡ・日本株インデックスファンド,9807,,,36,0
2012-08-06,三井住友・ＤＣつみたてＮＩＳＡ・日本株インデックスファンド,9966,,,37,0
2012-08-07,三井住友・ＤＣつみたてＮＩＳＡ・日本株インデックスファンド,10073,,,38,0
2012-08-08,三井住友・ＤＣつみたてＮＩＳＡ・日本株インデックスファンド,10100,,,38,0
2012-08-09,三井住友・ＤＣつみたてＮＩＳＡ・日本株インデックスファンド,10184,,,38,0
2012-08-10,三井住友・ＤＣつみたてＮＩＳＡ・日本株インデックスファンド,10116,,,38,0
2012-08-13,三井住友・ＤＣつみたてＮＩＳＡ・日本株インデックスファンド,10118,,,38,0
2012-08-14,三井住友・ＤＣつみたてＮＩＳＡ・日本株インデックスファンド,10154,,,38,0
2012-08-15,三井住友・ＤＣつみたてＮＩＳＡ・日本株インデックスファンド,10123,,,38,0
2012-08-16,三井住友・ＤＣつみたてＮＩＳＡ・日本株インデックスファンド,10283,,,38,0
2012-08-17,三井住友・ＤＣつみたてＮＩＳＡ・日本株インデックスファンド,10373,,,39,0
2012-08-20,三井住友・ＤＣつみたてＮＩＳＡ・日本株インデックスファンド,10359,,,39,0
2012-08-21,三井住友・ＤＣつみたてＮＩＳＡ・日本株インデックスファンド,10365,,,39,0
2012-08-22,三井住友・ＤＣつみたてＮＩＳＡ・日本株インデックスファンド,10331,,,39,0
2012-08-23,三井住友・ＤＣつみたてＮＩＳＡ・日本株インデックスファンド,10356,,,39,0
2012-08-24,三井住友・ＤＣつみたてＮＩＳＡ・日本株インデックスファンド,10256,,,39,0
2012-08-27,三井住友・ＤＣつみたてＮＩＳＡ・日本株インデックスファンド,10232,,,39,0
2012-08-28,三井住友・ＤＣつみたてＮＩＳＡ・日本株インデックスファンド,10109,,,38,0
2012-08-29,三井住友・ＤＣつみたてＮＩＳＡ・日本株インデックスファンド,10162,,,39,0
2012-08-30,三井住友・ＤＣつみたてＮＩＳＡ・日本株インデックスファンド,10078,,,39,0
2012-08-31,三井住友・ＤＣつみたてＮＩＳＡ・日本株インデックスファンド,9911,,,39,0
2012-09-03,三井住友・ＤＣつみたてＮＩＳＡ・日本株インデックスファンド,9872,,,38,0
2012-09-04,三井住友・ＤＣつみたてＮＩＳＡ・日本株インデックスファンド,9846,,,38,0
2012-09-05,三井住友・ＤＣつみたてＮＩＳＡ・日本株インデックスファンド,9728,,,38,0
2012-09-06,三井住友・ＤＣつみたてＮＩＳＡ・日本株インデックスファンド,9742,,,38,0
2012-09-07,三井住友・ＤＣつみたてＮＩＳＡ・日本株インデックスファンド,9963,,,39,0
2012-09-10,三井住友・ＤＣつみたてＮＩＳＡ・日本株インデックスファンド,9989,,,39,0
2012-09-11,三井住友・ＤＣつみたてＮＩＳＡ・日本株インデックスファンド,9921,,,39,0
2012-09-12,三井住友・ＤＣつみたてＮＩＳＡ・日本株インデックスファンド,10051,,,39,0
2012-09-13,三井住友・ＤＣつみたてＮＩＳＡ・日本株インデックスファンド,10083,,,39,0
2012-09-14,三井住友・ＤＣつみたてＮＩＳＡ・日本株インデックスファンド,10254,,,40,0
2012-09-18,三井住友・ＤＣつみたてＮＩＳＡ・日本株インデックスファンド,10276,,,40,0
2012-09-19,三井住友・ＤＣつみたてＮＩＳＡ・日本株インデックスファンド,10362,,,41,0
2012-09-20,三井住友・ＤＣつみたてＮＩＳＡ・日本株インデックスファンド,10213,,,40,0
2012-09-21,三井住友・ＤＣつみたてＮＩＳＡ・日本株インデックスファンド,10246,,,40,0
2012-09-24,三井住友・ＤＣつみたてＮＩＳＡ・日本株インデックスファンド,10210,,,40,0
2012-09-25,三井住友・ＤＣつみたてＮＩＳＡ・日本株インデックスファンド,10263,,,40,0
2012-09-26,三井住友・ＤＣつみたてＮＩＳＡ・日本株インデックスファンド,10161,,,40,0
2012-09-27,三井住友・ＤＣつみたてＮＩＳＡ・日本株インデックスファンド,10204,,,40,0
2012-09-28,三井住友・ＤＣつみたてＮＩＳＡ・日本株インデックスファンド,10092,,,41,0
2012-10-01,三井住友・ＤＣつみたてＮＩＳＡ・日本株インデックスファンド,10020,,,40,0
2012-10-02,三井住友・ＤＣつみたてＮＩＳＡ・日本株インデックスファンド,10006,,,41,0
2012-10-03,三井住友・ＤＣつみたてＮＩＳＡ・日本株インデックスファンド,9954,,,40,0
2012-10-04,三井住友・ＤＣつみたてＮＩＳＡ・日本株インデックスファンド,10062,,,41,0
2012-10-05,三井住友・ＤＣつみたてＮＩＳＡ・日本株インデックスファンド,10088,,,41,0
2012-10-09,三井住友・ＤＣつみたてＮＩＳＡ・日本株インデックスファンド,9956,,,40,0
2012-10-10,三井住友・ＤＣつみたてＮＩＳＡ・日本株インデックスファンド,9807,,,40,0
2012-10-11,三井住友・ＤＣつみたてＮＩＳＡ・日本株インデックスファンド,9769,,,40,0
2012-10-12,三井住友・ＤＣつみたてＮＩＳＡ・日本株インデックスファンド,9829,,,40,0
2012-10-15,三井住友・ＤＣつみたてＮＩＳＡ・日本株インデックスファンド,9891,,,41,0
2012-10-16,三井住友・ＤＣつみたてＮＩＳＡ・日本株インデックスファンド,10022,,,41,0
2012-10-17,三井住友・ＤＣつみたてＮＩＳＡ・日本株インデックスファンド,10122,,,42,0
2012-10-18,三井住友・ＤＣつみたてＮＩＳＡ・日本株インデックスファンド,10292,,,42,0
2012-10-19,三井住友・ＤＣつみたてＮＩＳＡ・日本株インデックスファンド,10317,,,42,0
2012-10-22,三井住友・ＤＣつみたてＮＩＳＡ・日本株インデックスファンド,10312,,,42,0
2012-10-23,三井住友・ＤＣつみたてＮＩＳＡ・日本株インデックスファンド,10252,,,42,0
2012-10-24,三井住友・ＤＣつみたてＮＩＳＡ・日本株インデックスファンド,10168,,,42,0
2012-10-25,三井住友・ＤＣつみたてＮＩＳＡ・日本株インデックスファンド,10279,,,42,0
2012-10-26,三井住友・ＤＣつみたてＮＩＳＡ・日本株インデックスファンド,10139,,,42,0
2012-10-29,三井住友・ＤＣつみたてＮＩＳＡ・日本株インデックスファンド,10126,,,42,0
2012-10-30,三井住友・ＤＣつみたてＮＩＳＡ・日本株インデックスファンド,10031,,,42,0
2012-10-31,三井住友・ＤＣつみたてＮＩＳＡ・日本株インデックスファンド,10155,,,43,0
2012-11-01,三井住友・ＤＣつみたてＮＩＳＡ・日本株インデックスファンド,10166,,,43,0
2012-11-02,三井住友・ＤＣつみたてＮＩＳＡ・日本株インデックスファンド,10286,,,43,0
2012-11-05,三井住友・ＤＣつみたてＮＩＳＡ・日本株インデックスファンド,10228,,,43,0
2012-11-06,三井住友・ＤＣつみたてＮＩＳＡ・日本株インデックスファンド,10188,,,43,0
2012-11-07,三井住友・ＤＣつみたてＮＩＳＡ・日本株インデックスファンド,10198,,,42,0
2012-11-08,三井住友・ＤＣつみたてＮＩＳＡ・日本株インデックスファンド,10057,,,41,0
2012-11-09,三井住友・ＤＣつみたてＮＩＳＡ・日本株インデックスファンド,9993,,,41,0
2012-11-12,三井住友・ＤＣつみたてＮＩＳＡ・日本株インデックスファンド,9881,,,40,0
2012-11-13,三井住友・ＤＣつみたてＮＩＳＡ・日本株インデックスファンド,9882,,,40,0
2012-11-14,三井住友・ＤＣつみたてＮＩＳＡ・日本株インデックスファンド,9878,,,40,0
2012-11-15,三井住友・ＤＣつみたてＮＩＳＡ・日本株インデックスファンド,10085,,,41,0
2012-11-16,三井住友・ＤＣつみたてＮＩＳＡ・日本株インデックスファンド,10274,,,42,0
2012-11-19,三井住友・ＤＣつみたてＮＩＳＡ・日本株インデックスファンド,10422,,,42,0
2012-11-20,三井住友・ＤＣつみたてＮＩＳＡ・日本株インデックスファンド,10419,,,42,0
2012-11-21,三井住友・ＤＣつみたてＮＩＳＡ・日本株インデックスファンド,10488,,,43,0
2012-11-22,三井住友・ＤＣつみたてＮＩＳＡ・日本株インデックスファンド,10617,,,43,0
2012-11-26,三井住友・ＤＣつみたてＮＩＳＡ・日本株インデックスファンド,10661,,,43,0
2012-11-27,三井住友・ＤＣつみたてＮＩＳＡ・日本株インデックスファンド,10688,,,44,0
2012-11-28,三井住友・ＤＣつみたてＮＩＳＡ・日本株インデックスファンド,10548,,,45,0
2012-11-29,三井住友・ＤＣつみたてＮＩＳＡ・日本株インデックスファンド,10659,,,45,0
2012-11-30,三井住友・ＤＣつみたてＮＩＳＡ・日本株インデックスファンド,10686,,,46,0
2012-12-03,三井住友・ＤＣつみたてＮＩＳＡ・日本株インデックスファンド,10690,,,46,0
2012-12-04,三井住友・ＤＣつみたてＮＩＳＡ・日本株インデックスファンド,10692,,,46,0
2012-12-05,三井住友・ＤＣつみたてＮＩＳＡ・日本株インデックスファンド,10692,,,47,0
2012-12-06,三井住友・ＤＣつみたてＮＩＳＡ・日本株インデックスファンド,10784,,,48,0
2012-12-07,三井住友・ＤＣつみたてＮＩＳＡ・日本株インデックスファンド,10806,,,48,0
2012-12-10,三井住友・ＤＣつみたてＮＩＳＡ・日本株インデックスファンド,10781,,,48,0
2012-12-11,三井住友・ＤＣつみたてＮＩＳＡ・日本株インデックスファンド,10747,,,48,0
2012-12-12,三井住友・ＤＣつみたてＮＩＳＡ・日本株インデックスファンド,10818,,,48,0
2012-12-13,三井住友・ＤＣつみたてＮＩＳＡ・日本株インデックスファンド,10926,,,49,0
2012-12-14,三井住友・ＤＣつみたてＮＩＳＡ・日本株インデックスファンド,10951,,,49,0
2012-12-17,三井住友・ＤＣつみたてＮＩＳＡ・日本株インデックスファンド,11043,,,49,0
2012-12-18,三井住友・ＤＣつみたてＮＩＳＡ・日本株インデックスファンド,11166,,,50,0
2012-12-19,三井住友・ＤＣつみたてＮＩＳＡ・日本株インデックスファンド,11473,,,51,0
2012-12-20,三井住友・ＤＣつみたてＮＩＳＡ・日本株インデックスファンド,11463,,,51,0
2012-12-21,三井住友・ＤＣつみたてＮＩＳＡ・日本株インデックスファンド,11384,,,51,0
2012-12-25,三井住友・ＤＣつみたてＮＩＳＡ・日本株インデックスファンド,11454,,,51,0
2012-12-26,三井住友・ＤＣつみたてＮＩＳＡ・日本株インデックスファンド,11600,,,52,0
2012-12-27,三井住友・ＤＣつみたてＮＩＳＡ・日本株インデックスファンド,11688,,,53,0
2012-12-28,三井住友・ＤＣつみたてＮＩＳＡ・日本株インデックスファンド,11767,,,55,0
2013-01-04,三井住友・ＤＣつみたてＮＩＳＡ・日本株インデックスファンド,12158,,,57,0
2013-01-07,三井住友・ＤＣつみたてＮＩＳＡ・日本株インデックスファンド,12057,,,56,0
2013-01-08,三井住友・ＤＣつみたてＮＩＳＡ・日本株インデックスファンド,11927,,,56,0
2013-01-09,三井住友・ＤＣつみたてＮＩＳＡ・日本株インデックスファンド,12026,,,57,0
2013-01-10,三井住友・ＤＣつみたてＮＩＳＡ・日本株インデックスファンド,12164,,,58,0
2013-01-11,三井住友・ＤＣつみたてＮＩＳＡ・日本株インデックスファンド,12297,,,58,0
2013-01-15,三井住友・ＤＣつみたてＮＩＳＡ・日本株インデックスファンド,12400,,,57,0
2013-01-16,三井住友・ＤＣつみたてＮＩＳＡ・日本株インデックスファンド,12150,,,56,0
2013-01-17,三井住友・ＤＣつみたてＮＩＳＡ・日本株インデックスファンド,12185,,,57,0
2013-01-18,三井住友・ＤＣつみたてＮＩＳＡ・日本株インデックスファンド,12472,,,59,0
2013-01-21,三井住友・ＤＣつみたてＮＩＳＡ・日本株インデックスファンド,12383,,,58,0
2013-01-22,三井住友・ＤＣつみたてＮＩＳＡ・日本株インデックスファンド,12328,,,58,0
2013-01-23,三井住友・ＤＣつみたてＮＩＳＡ・日本株インデックスファンド,12145,,,57,0
2013-01-24,三井住友・ＤＣつみたてＮＩＳＡ・日本株インデックスファンド,12281,,,58,0
2013-01-25,三井住友・ＤＣつみたてＮＩＳＡ・日本株インデックスファンド,12546,,,60,0
2013-01-28,三井住友・ＤＣつみたてＮＩＳＡ・日本株インデックスファンド,12501,,,60,0
2013-01-29,三井住友・ＤＣつみたてＮＩＳＡ・日本株インデックスファンド,12598,,,60,0
2013-01-30,三井住友・ＤＣつみたてＮＩＳＡ・日本株インデックスファンド,12787,,,62,0
2013-01-31,三井住友・ＤＣつみたてＮＩＳＡ・日本株インデックスファンド,12862,,,63,0
2013-02-01,三井住友・ＤＣつみたてＮＩＳＡ・日本株インデックスファンド,12895,,,63,0
2013-02-04,三井住友・ＤＣつみたてＮＩＳＡ・日本株インデックスファンド,13076,,,64,0
2013-02-05,三井住友・ＤＣつみたてＮＩＳＡ・日本株インデックスファンド,12855,,,63,0
2013-02-06,三井住友・ＤＣつみたてＮＩＳＡ・日本株インデックスファンド,13253,,,67,0
2013-02-07,三井住友・ＤＣつみたてＮＩＳＡ・日本株インデックスファンド,13258,,,67,0
2013-02-08,三井住友・ＤＣつみたてＮＩＳＡ・日本株インデックスファンド,13097,,,67,0
2013-02-12,三井住友・ＤＣつみたてＮＩＳＡ・日本株インデックスファンド,13249,,,68,0
2013-02-13,三井住友・ＤＣつみたてＮＩＳＡ・日本株インデックスファンド,13093,,,69,0
2013-02-14,三井住友・ＤＣつみたてＮＩＳＡ・日本株インデックスファンド,13063,,,69,0
2013-02-15,三井住友・ＤＣつみたてＮＩＳＡ・日本株インデックスファンド,12893,,,68,0
2013-02-18,三井住友・ＤＣつみたてＮＩＳＡ・日本株インデックスファンド,13168,,,70,0
2013-02-19,三井住友・ＤＣつみたてＮＩＳＡ・日本株インデックスファンド,13182,,,70,0
2013-02-20,三井住友・ＤＣつみたてＮＩＳＡ・日本株インデックスファンド,13319,,,71,0
2013-02-21,三井住友・ＤＣつみたてＮＩＳＡ・日本株インデックスファンド,13173,,,71,0
2013-02-22,三井住友・ＤＣつみたてＮＩＳＡ・日本株インデックスファンド,13181,,,71,0
2013-02-25,三井住友・ＤＣつみたてＮＩＳＡ・日本株インデックスファンド,13416,,,72,0
2013-02-26,三井住友・ＤＣつみたてＮＩＳＡ・日本株インデックスファンド,13229,,,71,0
2013-02-27,三井住友・ＤＣつみたてＮＩＳＡ・日本株インデックスファンド,13048,,,70,0
2013-02-28,三井住友・ＤＣつみたてＮＩＳＡ・日本株インデックスファンド,13348,,,73,0
2013-03-01,三井住友・ＤＣつみたてＮＩＳＡ・日本株インデックスファンド,13469,,,73,0
2013-03-04,三井住友・ＤＣつみたてＮＩＳＡ・日本株インデックスファンド,13577,,,74,0
2013-03-05,三井住友・ＤＣつみたてＮＩＳＡ・日本株インデックスファンド,13527,,,77,0
2013-03-06,三井住友・ＤＣつみたてＮＩＳＡ・日本株インデックスファンド,13726,,,78,0
2013-03-07,三井住友・ＤＣつみたてＮＩＳＡ・日本株インデックスファンド,13742,,,79,0
2013-03-08,三井住友・ＤＣつみたてＮＩＳＡ・日本株インデックスファンド,13963,,,80,0
2013-03-11,三井住友・ＤＣつみたてＮＩＳＡ・日本株インデックスファンド,14230,,,82,0
2013-03-12,三井住友・ＤＣつみたてＮＩＳＡ・日本株インデックスファンド,14174,,,81,0
2013-03-13,三井住友・ＤＣつみたてＮＩＳＡ・日本株インデックスファンド,14112,,,82,0
2013-03-14,三井住友・ＤＣつみたてＮＩＳＡ・日本株インデックスファンド,14205,,,84,0
2013-03-15,三井住友・ＤＣつみたてＮＩＳＡ・日本株インデックスファンド,14390,,,85,0
2013-03-18,三井住友・ＤＣつみたてＮＩＳＡ・日本株インデックスファンド,14070,,,83,0
2013-03-19,三井住友・ＤＣつみたてＮＩＳＡ・日本株インデックスファンド,14310,,,84,0
2013-03-21,三井住友・ＤＣつみたてＮＩＳＡ・日本株インデックスファンド,14478,,,86,0
2013-03-22,三井住友・ＤＣつみたてＮＩＳＡ・日本株インデックスファンド,14211,,,84,0
2013-03-25,三井住友・ＤＣつみたてＮＩＳＡ・日本株インデックスファンド,14328,,,85,0
2013-03-26,三井住友・ＤＣつみたてＮＩＳＡ・日本株インデックスファンド,14286,,,85,0
2013-03-27,三井住友・ＤＣつみたてＮＩＳＡ・日本株インデックスファンド,14443,,,87,0
2013-03-28,三井住友・ＤＣつみたてＮＩＳＡ・日本株インデックスファンド,14308,,,88,0
2013-03-29,三井住友・ＤＣつみたてＮＩＳＡ・日本株インデックスファンド,14280,,,87,0
2013-04-01,三井住友・ＤＣつみたてＮＩＳＡ・日本株インデックスファンド,13808,,,84,0
2013-04-02,三井住友・ＤＣつみたてＮＩＳＡ・日本株インデックスファンド,13679,,,85,0
2013-04-03,三井住友・ＤＣつみたてＮＩＳＡ・日本株インデックスファンド,13943,,,86,0
2013-04-04,三井住友・ＤＣつみたてＮＩＳＡ・日本株インデックスファンド,14324,,,89,0
2013-04-05,三井住友・ＤＣつみたてＮＩＳＡ・日本株インデックスファンド,14711,,,92,0
2013-04-08,三井住友・ＤＣつみたてＮＩＳＡ・日本株インデックスファンド,15201,,,94,0
2013-04-09,三井住友・ＤＣつみたてＮＩＳＡ・日本株インデックスファンド,15206,,,93,0
2013-04-10,三井住友・ＤＣつみたてＮＩＳＡ・日本株インデックスファンド,15464,,,92,0
2013-04-11,三井住友・ＤＣつみたてＮＩＳＡ・日本株インデックスファンド,15827,,,95,0
2013-04-12,三井住友・ＤＣつみたてＮＩＳＡ・日本株インデックスファンド,15846,,,96,0
2013-04-15,三井住友・ＤＣつみたてＮＩＳＡ・日本株インデックスファンド,15643,,,95,0
2013-04-16,三井住友・ＤＣつみたてＮＩＳＡ・日本株インデックスファンド,15439,,,94,0
2013-04-17,三井住友・ＤＣつみたてＮＩＳＡ・日本株インデックスファンド,15674,,,96,0
2013-04-18,三井住友・ＤＣつみたてＮＩＳＡ・日本株インデックスファンド,15492,,,94,0
2013-04-19,三井住友・ＤＣつみたてＮＩＳＡ・日本株インデックスファンド,15544,,,97,0
2013-04-22,三井住友・ＤＣつみたてＮＩＳＡ・日本株インデックスファンド,15802,,,100,0
2013-04-23,三井住友・ＤＣつみたてＮＩＳＡ・日本株インデックスファンド,15777,,,100,0
2013-04-24,三井住友・ＤＣつみたてＮＩＳＡ・日本株インデックスファンド,16059,,,102,0
2013-04-25,三井住友・ＤＣつみたてＮＩＳＡ・日本株インデックスファンド,16174,,,103,0
2013-04-26,三井住友・ＤＣつみたてＮＩＳＡ・日本株インデックスファンド,16021,,,102,0
2013-04-30,三井住友・ＤＣつみたてＮＩＳＡ・日本株インデックスファンド,16078,,,101,0
2013-05-01,三井住友・ＤＣつみたてＮＩＳＡ・日本株インデックスファンド,15980,,,114,0
2013-05-02,三井住友・ＤＣつみたてＮＩＳＡ・日本株インデックスファンド,15913,,,116,0
2013-05-07,三井住友・ＤＣつみたてＮＩＳＡ・日本株インデックスファンド,16396,,,121,0
2013-05-08,三井住友・ＤＣつみたてＮＩＳＡ・日本株インデックスファンド,16478,,,122,0
2013-05-09,三井住友・ＤＣつみたてＮＩＳＡ・日本株インデックスファンド,16311,,,122,0
2013-05-10,三井住友・ＤＣつみたてＮＩＳＡ・日本株インデックスファンド,16707,,,125,0
2013-05-13,三井住友・ＤＣつみたてＮＩＳＡ・日本株インデックスファンド,17005,,,128,0
2013-05-14,三井住友・ＤＣつみたてＮＩＳＡ・日本株インデックスファンド,16986,,,129,0
2013-05-15,三井住友・ＤＣつみたてＮＩＳＡ・日本株インデックスファンド,17292,,,132,0
2013-05-16,三井住友・ＤＣつみたてＮＩＳＡ・日本株インデックスファンド,17183,,,132,0
2013-05-17,三井住友・ＤＣつみたてＮＩＳＡ・日本株インデックスファンド,17298,,,133,0
2013-05-20,三井住友・ＤＣつみたてＮＩＳＡ・日本株インデックスファンド,17522,,,135,0
2013-05-21,三井住友・ＤＣつみたてＮＩＳＡ・日本株インデックスファンド,17533,,,134,0
2013-05-22,三井住友・ＤＣつみたてＮＩＳＡ・日本株インデックスファンド,17609,,,134,0
2013-05-23,三井住友・ＤＣつみたてＮＩＳＡ・日本株インデックスファンド,16400,,,126,0
2013-05-24,三井住友・ＤＣつみたてＮＩＳＡ・日本株インデックスファンド,16478,,,126,0
2013-05-27,三井住友・ＤＣつみたてＮＩＳＡ・日本株インデックスファンド,15924,,,122,0
2013-05-28,三井住友・ＤＣつみたてＮＩＳＡ・日本株インデックスファンド,16123,,,124,0
2013-05-29,三井住友・ＤＣつみたてＮＩＳＡ・日本株インデックスファンド,16265,,,151,0
2013-05-30,三井住友・ＤＣつみたてＮＩＳＡ・日本株インデックスファンド,15655,,,145,0
2013-05-31,三井住友・ＤＣつみたてＮＩＳＡ・日本株インデックスファンド,15667,,,145,0
2013-06-03,三井住友・ＤＣつみたてＮＩＳＡ・日本株インデックスファンド,15138,,,141,0
2013-06-04,三井住友・ＤＣつみたてＮＩＳＡ・日本株インデックスファンド,15535,,,142,0
2013-06-05,三井住友・ＤＣつみたてＮＩＳＡ・日本株インデックスファンド,15038,,,165,0
2013-06-06,三井住友・ＤＣつみたてＮＩＳＡ・日本株インデックスファンド,14770,,,162,0
2013-06-07,三井住友・ＤＣつみたてＮＩＳＡ・日本株インデックスファンド,14575,,,161,0
2013-06-10,三井住友・ＤＣつみたてＮＩＳＡ・日本株インデックスファンド,15342,,,170,0
2013-06-11,三井住友・ＤＣつみたてＮＩＳＡ・日本株インデックスファンド,15194,,,170,0
2013-06-12,三井住友・ＤＣつみたてＮＩＳＡ・日本株インデックスファンド,15128,,,166,0
2013-06-13,三井住友・ＤＣつみたてＮＩＳＡ・日本株インデックスファンド,14405,,,157,0
2013-06-14,三井住友・ＤＣつみたてＮＩＳＡ・日本株インデックスファンド,14576,,,159,0
2013-06-17,三井住友・ＤＣつみたてＮＩＳＡ・日本株インデックスファンド,14967,,,165,0
2013-06-18,三井住友・ＤＣつみたてＮＩＳＡ・日本株インデックスファンド,14988,,,165,0
2013-06-19,三井住友・ＤＣつみたてＮＩＳＡ・日本株インデックスファンド,15267,,,168,0
2013-06-20,三井住友・ＤＣつみたてＮＩＳＡ・日本株インデックスファンド,15062,,,166,0
2013-06-21,三井住友・ＤＣつみたてＮＩＳＡ・日本株インデックスファンド,15171,,,166,0
2013-06-24,三井住友・ＤＣつみたてＮＩＳＡ・日本株インデックスファンド,15028,,,165,0
2013-06-25,三井住友・ＤＣつみたてＮＩＳＡ・日本株インデックスファンド,14878,,,163,0
2013-06-26,三井住友・ＤＣつみたてＮＩＳＡ・日本株インデックスファンド,14760,,,162,0
2013-06-27,三井住友・ＤＣつみたてＮＩＳＡ・日本株インデックスファンド,15171,,,167,0
2013-06-28,三井住友・ＤＣつみたてＮＩＳＡ・日本株インデックスファンド,15651,,,182,0
2013-07-01,三井住友・ＤＣつみたてＮＩＳＡ・日本株インデックスファンド,15887,,,185,0
2013-07-02,三井住友・ＤＣつみたてＮＩＳＡ・日本株インデックスファンド,16177,,,188,0
2013-07-03,三井住友・ＤＣつみたてＮＩＳＡ・日本株インデックスファンド,16204,,,189,0
2013-07-04,三井住友・ＤＣつみたてＮＩＳＡ・日本株インデックスファンド,16161,,,188,0
2013-07-05,三井住友・ＤＣつみたてＮＩＳＡ・日本株インデックスファンド,16407,,,190,0
2013-07-08,三井住友・ＤＣつみたてＮＩＳＡ・日本株インデックスファンド,16184,,,187,0
2013-07-09,三井住友・ＤＣつみたてＮＩＳＡ・日本株インデックスファンド,16522,,,191,0
2013-07-10,三井住友・ＤＣつみたてＮＩＳＡ・日本株インデックスファンド,16499,,,191,0
2013-07-11,三井住友・ＤＣつみたてＮＩＳＡ・日本株インデックスファンド,16492,,,192,0
2013-07-12,三井住友・ＤＣつみたてＮＩＳＡ・日本株インデックスファンド,16591,,,196,0
2013-07-16,三井住友・ＤＣつみたてＮＩＳＡ・日本株インデックスファンド,16708,,,197,0
2013-07-17,三井住友・ＤＣつみたてＮＩＳＡ・日本株インデックスファンド,16746,,,198,0
2013-07-18,三井住友・ＤＣつみたてＮＩＳＡ・日本株インデックスファンド,16868,,,199,0
2013-07-19,三井住友・ＤＣつみたてＮＩＳＡ・日本株インデックスファンド,16730,,,198,0
2013-07-22,三井住友・ＤＣつみたてＮＩＳＡ・日本株インデックスファンド,16792,,,199,0
2013-07-23,三井住友・ＤＣつみたてＮＩＳＡ・日本株インデックスファンド,16877,,,200,0
2013-07-24,三井住友・ＤＣつみたてＮＩＳＡ・日本株インデックスファンド,16839,,,197,0
2013-07-25,三井住友・ＤＣつみたてＮＩＳＡ・日本株インデックスファンド,16594,,,193,0
2013-07-26,三井住友・ＤＣつみたてＮＩＳＡ・日本株インデックスファンド,16108,,,188,0
2013-07-29,三井住友・ＤＣつみたてＮＩＳＡ・日本株インデックスファンド,15575,,,181,0
2013-07-30,三井住友・ＤＣつみたてＮＩＳＡ・日本株インデックスファンド,15852,,,189,0
2013-07-31,三井住友・ＤＣつみたてＮＩＳＡ・日本株インデックスファンド,15619,,,186,0
2013-08-01,三井住友・ＤＣつみたてＮＩＳＡ・日本株インデックスファンド,16058,,,190,0
2013-08-02,三井住友・ＤＣつみたてＮＩＳＡ・日本株インデックスファンド,16510,,,195,0
2013-08-05,三井住友・ＤＣつみたてＮＩＳＡ・日本株インデックスファンド,16352,,,193,0
2013-08-06,三井住友・ＤＣつみたてＮＩＳＡ・日本株インデックスファンド,16475,,,196,0
2013-08-07,三井住友・ＤＣつみたてＮＩＳＡ・日本株インデックスファンド,15944,,,190,0
2013-08-08,三井住友・ＤＣつみたてＮＩＳＡ・日本株インデックスファンド,15728,,,188,0
2013-08-09,三井住友・ＤＣつみたてＮＩＳＡ・日本株インデックスファンド,15747,,,189,0
2013-08-12,三井住友・ＤＣつみたてＮＩＳＡ・日本株インデックスファンド,15659,,,188,0
2013-08-13,三井住友・ＤＣつみたてＮＩＳＡ・日本株インデックスファンド,15970,,,191,0
2013-08-14,三井住友・ＤＣつみたてＮＩＳＡ・日本株インデックスファンド,16165,,,193,0
2013-08-15,三井住友・ＤＣつみたてＮＩＳＡ・日本株インデックスファンド,15896,,,190,0
2013-08-16,三井住友・ＤＣつみたてＮＩＳＡ・日本株インデックスファンド,15769,,,189,0
2013-08-19,三井住友・ＤＣつみたてＮＩＳＡ・日本株インデックスファンド,15859,,,190,0
2013-08-20,三井住友・ＤＣつみたてＮＩＳＡ・日本株インデックスファンド,15529,,,187,0
2013-08-21,三井住友・ＤＣつみたてＮＩＳＡ・日本株インデックスファンド,15480,,,186,0
2013-08-22,三井住友・ＤＣつみたてＮＩＳＡ・日本株インデックスファンド,15450,,,186,0
2013-08-23,三井住友・ＤＣつみたてＮＩＳＡ・日本株インデックスファンド,15756,,,190,0
2013-08-26,三井住友・ＤＣつみたてＮＩＳＡ・日本株インデックスファンド,15733,,,190,0
2013-08-27,三井住友・ＤＣつみたてＮＩＳＡ・日本株インデックスファンド,15649,,,189,0
2013-08-28,三井住友・ＤＣつみたてＮＩＳＡ・日本株インデックスファンド,15377,,,190,0
2013-08-29,三井住友・ＤＣつみたてＮＩＳＡ・日本株インデックスファンド,15411,,,193,0
2013-08-30,三井住友・ＤＣつみたてＮＩＳＡ・日本株インデックスファンド,15266,,,192,0
2013-09-02,三井住友・ＤＣつみたてＮＩＳＡ・日本株インデックスファンド,15427,,,193,0
2013-09-03,三井住友・ＤＣつみたてＮＩＳＡ・日本株インデックスファンド,15861,,,199,0
2013-09-04,三井住友・ＤＣつみたてＮＩＳＡ・日本株インデックスファンド,15959,,,201,0
2013-09-05,三井住友・ＤＣつみたてＮＩＳＡ・日本株インデックスファンド,15980,,,201,0
2013-09-06,三井住友・ＤＣつみたてＮＩＳＡ・日本株インデックスファンド,15842,,,198,0
2013-09-09,三井住友・ＤＣつみたてＮＩＳＡ・日本株インデックスファンド,16190,,,203,0
2013-09-10,三井住友・ＤＣつみたてＮＩＳＡ・日本株インデックスファンド,16427,,,206,0
2013-09-11,三井住友・ＤＣつみたてＮＩＳＡ・日本株インデックスファンド,16414,,,205,0
2013-09-12,三井住友・ＤＣつみたてＮＩＳＡ・日本株インデックスファンド,16346,,,204,0
2013-09-13,三井住友・ＤＣつみたてＮＩＳＡ・日本株インデックスファンド,16359,,,205,0
2013-09-17,三井住友・ＤＣつみたてＮＩＳＡ・日本株インデックスファンド,16308,,,204,0
2013-09-18,三井住友・ＤＣつみたてＮＩＳＡ・日本株インデックスファンド,16466,,,206,0
2013-09-19,三井住友・ＤＣつみたてＮＩＳＡ・日本株インデックスファンド,16775,,,210,0
2013-09-20,三井住友・ＤＣつみたてＮＩＳＡ・日本株インデックスファンド,16824,,,211,0
2013-09-24,三井住友・ＤＣつみたてＮＩＳＡ・日本株インデックスファンド,16766,,,209,0
2013-09-25,三井住友・ＤＣつみたてＮＩＳＡ・日本株インデックスファンド,16715,,,209,0
2013-09-26,三井住友・ＤＣつみたてＮＩＳＡ・日本株インデックスファンド,16961,,,212,0
2013-09-27,三井住友・ＤＣつみたてＮＩＳＡ・日本株インデックスファンド,16917,,,212,0
2013-09-30,三井住友・ＤＣつみたてＮＩＳＡ・日本株インデックスファンド,16592,,,212,0
2013-10-01,三井住友・ＤＣつみたてＮＩＳＡ・日本株インデックスファンド,16583,,,211,0
2013-10-02,三井住友・ＤＣつみたてＮＩＳＡ・日本株インデックスファンド,16329,,,208,0
2013-10-03,三井住友・ＤＣつみたてＮＩＳＡ・日本株インデックスファンド,16311,,,209,0
2013-10-04,三井住友・ＤＣつみたてＮＩＳＡ・日本株インデックスファンド,16171,,,208,0
2013-10-07,三井住友・ＤＣつみたてＮＩＳＡ・日本株インデックスファンド,15945,,,208,0
2013-10-08,三井住友・ＤＣつみたてＮＩＳＡ・日本株インデックスファンド,15980,,,209,0
2013-10-09,三井住友・ＤＣつみたてＮＩＳＡ・日本株インデックスファンド,16214,,,215,0
2013-10-10,三井住友・ＤＣつみたてＮＩＳＡ・日本株インデックスファンド,16367,,,218,0
2013-10-11,三井住友・ＤＣつみたてＮＩＳＡ・日本株インデックスファンド,16635,,,222,0
2013-10-15,三井住友・ＤＣつみたてＮＩＳＡ・日本株インデックスファンド,16638,,,223,0
2013-10-16,三井住友・ＤＣつみたてＮＩＳＡ・日本株インデックスファンド,16628,,,223,0
2013-10-17,三井住友・ＤＣつみたてＮＩＳＡ・日本株インデックスファンド,16760,,,224,0
2013-10-18,三井住友・ＤＣつみたてＮＩＳＡ・日本株インデックスファンド,16750,,,224,0
2013-10-21,三井住友・ＤＣつみたてＮＩＳＡ・日本株インデックスファンド,16845,,,225,0
2013-10-22,三井住友・ＤＣつみたてＮＩＳＡ・日本株インデックスファンド,16873,,,226,0
2013-10-23,三井住友・ＤＣつみたてＮＩＳＡ・日本株インデックスファンド,16615,,,223,0
2013-10-24,三井住友・ＤＣつみたてＮＩＳＡ・日本株インデックスファンド,16718,,,223,0
2013-10-25,三井住友・ＤＣつみたてＮＩＳＡ・日本株インデックスファンド,16370,,,217,0
2013-10-28,三井住友・ＤＣつみたてＮＩＳＡ・日本株インデックスファンド,16648,,,221,0
2013-10-29,三井住友・ＤＣつみたてＮＩＳＡ・日本株インデックスファンド,16581,,,220,0
2013-10-30,三井住友・ＤＣつみたてＮＩＳＡ・日本株インデックスファンド,16735,,,226,0
2013-10-31,三井住友・ＤＣつみたてＮＩＳＡ・日本株インデックスファンド,16593,,,225,0
2013-11-01,三井住友・ＤＣつみたてＮＩＳＡ・日本株インデックスファンド,16435,,,229,0
2013-11-05,三井住友・ＤＣつみたてＮＩＳＡ・日本株インデックスファンド,16430,,,231,0
2013-11-06,三井住友・ＤＣつみたてＮＩＳＡ・日本株インデックスファンド,16562,,,233,0
2013-11-07,三井住友・ＤＣつみたてＮＩＳＡ・日本株インデックスファンド,16459,,,231,0
2013-11-08,三井住友・ＤＣつみたてＮＩＳＡ・日本株インデックスファンド,16344,,,230,0
2013-11-11,三井住友・ＤＣつみたてＮＩＳＡ・日本株インデックスファンド,16472,,,226,0
2013-11-12,三井住友・ＤＣつみたてＮＩＳＡ・日本株インデックスファンド,16746,,,230,0
2013-11-13,三井住友・ＤＣつみたてＮＩＳＡ・日本株インデックスファンド,16730,,,230,0
2013-11-14,三井住友・ＤＣつみたてＮＩＳＡ・日本株インデックスファンド,16928,,,232,0
2013-11-15,三井住友・ＤＣつみたてＮＩＳＡ・日本株インデックスファンド,17214,,,236,0
2013-11-18,三井住友・ＤＣつみたてＮＩＳＡ・日本株インデックスファンド,17251,,,237,0
2013-11-19,三井住友・ＤＣつみたてＮＩＳＡ・日本株インデックスファンド,17183,,,235,0
2013-11-20,三井住友・ＤＣつみたてＮＩＳＡ・日本株インデックスファンド,17136,,,233,0
2013-11-21,三井住友・ＤＣつみたてＮＩＳＡ・日本株インデックスファンド,17316,,,235,0
2013-11-22,三井住友・ＤＣつみたてＮＩＳＡ・日本株インデックスファンド,17346,,,235,0
2013-11-25,三井住友・ＤＣつみたてＮＩＳＡ・日本株インデックスファンド,17499,,,237,0
2013-11-26,三井住友・ＤＣつみたてＮＩＳＡ・日本株インデックスファンド,17407,,,235,0
2013-11-27,三井住友・ＤＣつみたてＮＩＳＡ・日本株インデックスファンド,17325,,,234,0
2013-11-28,三井住友・ＤＣつみたてＮＩＳＡ・日本株インデックスファンド,17518,,,240,0
2013-11-29,三井住友・ＤＣつみたてＮＩＳＡ・日本株インデックスファンド,17486,,,241,0
2013-12-02,三井住友・ＤＣつみたてＮＩＳＡ・日本株インデックスファンド,17489,,,241,0
2013-12-03,三井住友・ＤＣつみたてＮＩＳＡ・日本株インデックスファンド,17538,,,242,0
2013-12-04,三井住友・ＤＣつみたてＮＩＳＡ・日本株インデックスファンド,17240,,,237,0
2013-12-05,三井住友・ＤＣつみたてＮＩＳＡ・日本株インデックスファンド,17081,,,235,0
2013-12-06,三井住友・ＤＣつみたてＮＩＳＡ・日本株インデックスファンド,17167,,,237,0
2013-12-09,三井住友・ＤＣつみたてＮＩＳＡ・日本株インデックスファンド,17439,,,241,0
2013-12-10,三井住友・ＤＣつみたてＮＩＳＡ・日本株インデックスファンド,17452,,,241,0
2013-12-11,三井住友・ＤＣつみたてＮＩＳＡ・日本株インデックスファンド,17371,,,239,0
2013-12-12,三井住友・ＤＣつみたてＮＩＳＡ・日本株インデックスファンド,17257,,,238,0
2013-12-13,三井住友・ＤＣつみたてＮＩＳＡ・日本株インデックスファンド,17210,,,237,0
2013-12-16,三井住友・ＤＣつみたてＮＩＳＡ・日本株インデックスファンド,16989,,,234,0
2013-12-17,三井住友・ＤＣつみたてＮＩＳＡ・日本株インデックスファンド,17118,,,237,0
2013-12-18,三井住友・ＤＣつみたてＮＩＳＡ・日本株インデックスファンド,17371,,,241,0
2013-12-19,三井住友・ＤＣつみたてＮＩＳＡ・日本株インデックスファンド,17545,,,245,0
2013-12-20,三井住友・ＤＣつみたてＮＩＳＡ・日本株インデックスファンド,17525,,,244,0
2013-12-24,三井住友・ＤＣつみたてＮＩＳＡ・日本株インデックスファンド,17469,,,243,0
2013-12-25,三井住友・ＤＣつみたてＮＩＳＡ・日本株インデックスファンド,17478,,,241,0
2013-12-26,三井住友・ＤＣつみたてＮＩＳＡ・日本株インデックスファンド,17786,,,245,0
2013-12-27,三井住友・ＤＣつみたてＮＩＳＡ・日本株インデックスファンド,17935,,,247,0
2013-12-30,三井住友・ＤＣつみたてＮＩＳＡ・日本株インデックスファンド,18103,,,255,0
2014-01-06,三井住友・ＤＣつみたてＮＩＳＡ・日本株インデックスファンド,17961,,,254,0
2014-01-07,三井住友・ＤＣつみたてＮＩＳＡ・日本株インデックスファンド,17838,,,252,0
2014-01-08,三井住友・ＤＣつみたてＮＩＳＡ・日本株インデックスファンド,18157,,,256,0
2014-01-09,三井住友・ＤＣつみたてＮＩＳＡ・日本株インデックスファンド,18026,,,255,0
2014-01-10,三井住友・ＤＣつみたてＮＩＳＡ・日本株インデックスファンド,18050,,,256,0
2014-01-14,三井住友・ＤＣつみたてＮＩＳＡ・日本株インデックスファンド,17640,,,252,0
2014-01-15,三井住友・ＤＣつみたてＮＩＳＡ・日本株インデックスファンド,17994,,,257,0
2014-01-16,三井住友・ＤＣつみたてＮＩＳＡ・日本株インデックスファンド,17992,,,257,0
2014-01-17,三井住友・ＤＣつみたてＮＩＳＡ・日本株インデックスファンド,18034,,,258,0
2014-01-20,三井住友・ＤＣつみたてＮＩＳＡ・日本株インデックスファンド,17986,,,258,0
2014-01-21,三井住友・ＤＣつみたてＮＩＳＡ・日本株インデックスファンド,18013,,,258,0
2014-01-22,三井住友・ＤＣつみたてＮＩＳＡ・日本株インデックスファンド,18065,,,259,0
2014-01-23,三井住友・ＤＣつみたてＮＩＳＡ・日本株インデックスファンド,17896,,,257,0
2014-01-24,三井住友・ＤＣつみたてＮＩＳＡ・日本株インデックスファンド,17577,,,254,0
2014-01-27,三井住友・ＤＣつみたてＮＩＳＡ・日本株インデックスファンド,17085,,,247,0
2014-01-28,三井住友・ＤＣつみたてＮＩＳＡ・日本株インデックスファンド,17016,,,246,0
2014-01-29,三井住友・ＤＣつみたてＮＩＳＡ・日本株インデックスファンド,17461,,,260,0
2014-01-30,三井住友・ＤＣつみたてＮＩＳＡ・日本株インデックスファンド,17014,,,254,0
2014-01-31,三井住友・ＤＣつみたてＮＩＳＡ・日本株インデックスファンド,16964,,,254,0
2014-02-03,三井住友・ＤＣつみたてＮＩＳＡ・日本株インデックスファンド,16626,,,249,0
2014-02-04,三井住友・ＤＣつみたてＮＩＳＡ・日本株インデックスファンド,15831,,,237,0
2014-02-05,三井住友・ＤＣつみたてＮＩＳＡ・日本株インデックスファンド,16158,,,243,0
2014-02-06,三井住友・ＤＣつみたてＮＩＳＡ・日本株インデックスファンド,16155,,,242,0
2014-02-07,三井住友・ＤＣつみたてＮＩＳＡ・日本株インデックスファンド,16528,,,247,0
2014-02-10,三井住友・ＤＣつみたてＮＩＳＡ・日本株インデックスファンド,16739,,,251,0
2014-02-12,三井住友・ＤＣつみたてＮＩＳＡ・日本株インデックスファンド,16950,,,255,0
2014-02-13,三井住友・ＤＣつみたてＮＩＳＡ・日本株インデックスファンド,16674,,,250,0
2014-02-14,三井住友・ＤＣつみたてＮＩＳＡ・日本株インデックスファンド,16453,,,247,0
2014-02-17,三井住友・ＤＣつみたてＮＩＳＡ・日本株インデックスファンド,16567,,,249,0
2014-02-18,三井住友・ＤＣつみたてＮＩＳＡ・日本株インデックスファンド,17012,,,256,0
2014-02-19,三井住友・ＤＣつみたてＮＩＳＡ・日本株インデックスファンド,16936,,,254,0
2014-02-20,三井住友・ＤＣつみたてＮＩＳＡ・日本株インデックスファンド,16601,,,249,0
2014-02-21,三井住友・ＤＣつみたてＮＩＳＡ・日本株インデックスファンド,16987,,,255,0
2014-02-24,三井住友・ＤＣつみたてＮＩＳＡ・日本株インデックスファンド,16943,,,254,0
2014-02-25,三井住友・ＤＣつみたてＮＩＳＡ・日本株インデックスファンド,17144,,,257,0
2014-02-26,三井住友・ＤＣつみたてＮＩＳＡ・日本株インデックスファンド,17034,,,255,0
2014-02-27,三井住友・ＤＣつみたてＮＩＳＡ・日本株インデックスファンド,16923,,,257,0
2014-02-28,三井住友・ＤＣつみたてＮＩＳＡ・日本株インデックスファンド,16842,,,264,0
2014-03-03,三井住友・ＤＣつみたてＮＩＳＡ・日本株インデックスファンド,16636,,,261,0
2014-03-04,三井住友・ＤＣつみたてＮＩＳＡ・日本株インデックスファンド,16740,,,263,0
2014-03-05,三井住友・ＤＣつみたてＮＩＳＡ・日本株インデックスファンド,16860,,,265,0
2014-03-06,三井住友・ＤＣつみたてＮＩＳＡ・日本株インデックスファンド,17075,,,268,0
2014-03-07,三井住友・ＤＣつみたてＮＩＳＡ・日本株インデックスファンド,17196,,,270,0
2014-03-10,三井住友・ＤＣつみたてＮＩＳＡ・日本株インデックスファンド,17065,,,268,0
2014-03-11,三井住友・ＤＣつみたてＮＩＳＡ・日本株インデックスファンド,17143,,,269,0
2014-03-12,三井住友・ＤＣつみたてＮＩＳＡ・日本株インデックスファンド,16776,,,261,0
2014-03-13,三井住友・ＤＣつみたてＮＩＳＡ・日本株インデックスファンド,16728,,,261,0
2014-03-14,三井住友・ＤＣつみたてＮＩＳＡ・日本株インデックスファンド,16189,,,253,0
2014-03-17,三井住友・ＤＣつみたてＮＩＳＡ・日本株インデックスファンド,16054,,,251,0
2014-03-18,三井住友・ＤＣつみたてＮＩＳＡ・日本株インデックスファンド,16206,,,255,0
2014-03-19,三井住友・ＤＣつみたてＮＩＳＡ・日本株インデックスファンド,16184,,,255,0
2014-03-20,三井住友・ＤＣつみたてＮＩＳＡ・日本株インデックスファンド,15928,,,253,0
2014-03-24,三井住友・ＤＣつみたてＮＩＳＡ・日本株インデックスファンド,16166,,,259,0
2014-03-25,三井住友・ＤＣつみたてＮＩＳＡ・日本株インデックスファンド,16173,,,259,0
2014-03-26,三井住友・ＤＣつみたてＮＩＳＡ・日本株インデックスファンド,16290,,,262,0
2014-03-27,三井住友・ＤＣつみたてＮＩＳＡ・日本株インデックスファンド,16513,,,266,0
2014-03-28,三井住友・ＤＣつみたてＮＩＳＡ・日本株インデックスファンド,16648,,,273,0
2014-03-31,三井住友・ＤＣつみたてＮＩＳＡ・日本株インデックスファンド,16876,,,274,0
2014-04-01,三井住友・ＤＣつみたてＮＩＳＡ・日本株インデックスファンド,16895,,,275,0
2014-04-02,三井住友・ＤＣつみたてＮＩＳＡ・日本株インデックスファンド,16996,,,276,0
2014-04-03,三井住友・ＤＣつみたてＮＩＳＡ・日本株インデックスファンド,17071,,,277,0
2014-04-04,三井住友・ＤＣつみたてＮＩＳＡ・日本株インデックスファンド,17058,,,277,0
2014-04-07,三井住友・ＤＣつみたてＮＩＳＡ・日本株インデックスファンド,16791,,,273,0
2014-04-08,三井住友・ＤＣつみたてＮＩＳＡ・日本株インデックスファンド,16477,,,267,0
2014-04-09,三井住友・ＤＣつみたてＮＩＳＡ・日本株インデックスファンド,16140,,,261,0
2014-04-10,三井住友・ＤＣつみたてＮＩＳＡ・日本株インデックスファンド,16126,,,261,0
2014-04-11,三井住友・ＤＣつみたてＮＩＳＡ・日本株インデックスファンド,15911,,,258,0
2014-04-14,三井住友・ＤＣつみたてＮＩＳＡ・日本株インデックスファンド,15890,,,258,0
2014-04-15,三井住友・ＤＣつみたてＮＩＳＡ・日本株インデックスファンド,15938,,,258,0
2014-04-16,三井住友・ＤＣつみたてＮＩＳＡ・日本株インデックスファンド,16365,,,268,0
2014-04-17,三井住友・ＤＣつみたてＮＩＳＡ・日本株インデックスファンド,16364,,,268,0
2014-04-18,三井住友・ＤＣつみたてＮＩＳＡ・日本株インデックスファンド,16461,,,270,0
2014-04-21,三井住友・ＤＣつみたてＮＩＳＡ・日本株インデックスファンド,16432,,,269,0
2014-04-22,三井住友・ＤＣつみたてＮＩＳＡ・日本株インデックスファンド,16306,,,268,0
2014-04-23,三井住友・ＤＣつみたてＮＩＳＡ・日本株インデックスファンド,16466,,,271,0
2014-04-24,三井住友・ＤＣつみたてＮＩＳＡ・日本株インデックスファンド,16340,,,269,0
2014-04-25,三井住友・ＤＣつみたてＮＩＳＡ・日本株インデックスファンド,16413,,,270,0
2014-04-28,三井住友・ＤＣつみたてＮＩＳＡ・日本株インデックスファンド,16282,,,268,0
2014-04-30,三井住友・ＤＣつみたてＮＩＳＡ・日本株インデックスファンド,16304,,,269,0
2014-05-01,三井住友・ＤＣつみたてＮＩＳＡ・日本株インデックスファンド,16583,,,294,0
2014-05-02,三井住友・ＤＣつみたてＮＩＳＡ・日本株インデックスファンド,16588,,,294,0
2014-05-07,三井住友・ＤＣつみたてＮＩＳＡ・日本株インデックスファンド,16160,,,287,0
2014-05-08,三井住友・ＤＣつみたてＮＩＳＡ・日本株インデックスファンド,16272,,,289,0
2014-05-09,三井住友・ＤＣつみたてＮＩＳＡ・日本株インデックスファンド,16351,,,290,0
2014-05-12,三井住友・ＤＣつみたてＮＩＳＡ・日本株インデックスファンド,16245,,,289,0
2014-05-13,三井住友・ＤＣつみたてＮＩＳＡ・日本株インデックスファンド,16533,,,295,0
2014-05-14,三井住友・ＤＣつみたてＮＩＳＡ・日本株インデックスファンド,16600,,,297,0
2014-05-15,三井住友・ＤＣつみたてＮＩＳＡ・日本株インデックスファンド,16532,,,295,0
2014-05-16,三井住友・ＤＣつみたてＮＩＳＡ・日本株インデックスファンド,16265,,,292,0
2014-05-19,三井住友・ＤＣつみたてＮＩＳＡ・日本株インデックスファンド,16138,,,289,0
2014-05-20,三井住友・ＤＣつみたてＮＩＳＡ・日本株インデックスファンド,16183,,,292,0
2014-05-21,三井住友・ＤＣつみたてＮＩＳＡ・日本株インデックスファンド,16137,,,291,0
2014-05-22,三井住友・ＤＣつみたてＮＩＳＡ・日本株インデックスファンド,16408,,,296,0
2014-05-23,三井住友・ＤＣつみたてＮＩＳＡ・日本株インデックスファンド,16563,,,299,0
2014-05-26,三井住友・ＤＣつみたてＮＩＳＡ・日本株インデックスファンド,16764,,,303,0
2014-05-27,三井住友・ＤＣつみたてＮＩＳＡ・日本株インデックスファンド,16769,,,303,0
2014-05-28,三井住友・ＤＣつみたてＮＩＳＡ・日本株インデックスファンド,16804,,,860,0
2014-05-29,三井住友・ＤＣつみたてＮＩＳＡ・日本株インデックスファンド,16840,,,862,0
2014-05-30,三井住友・ＤＣつみたてＮＩＳＡ・日本株インデックスファンド,16849,,,864,0
2014-06-02,三井住友・ＤＣつみたてＮＩＳＡ・日本株インデックスファンド,17116,,,878,0
2014-06-03,三井住友・ＤＣつみたてＮＩＳＡ・日本株インデックスファンド,17230,,,883,0
2014-06-04,三井住友・ＤＣつみたてＮＩＳＡ・日本株インデックスファンド,17305,,,885,0
2014-06-05,三井住友・ＤＣつみたてＮＩＳＡ・日本株インデックスファンド,17288,,,882,0
2014-06-06,三井住友・ＤＣつみたてＮＩＳＡ・日本株インデックスファンド,17314,,,883,0
2014-06-09,三井住友・ＤＣつみたてＮＩＳＡ・日本株インデックスファンド,17317,,,883,0
2014-06-10,三井住友・ＤＣつみたてＮＩＳＡ・日本株インデックスファンド,17230,,,880,0
2014-06-11,三井住友・ＤＣつみたてＮＩＳＡ・日本株インデックスファンド,17376,,,888,0
2014-06-12,三井住友・ＤＣつみたてＮＩＳＡ・日本株インデックスファンド,17358,,,888,0
2014-06-13,三井住友・ＤＣつみたてＮＩＳＡ・日本株インデックスファンド,17445,,,893,0
2014-06-16,三井住友・ＤＣつみたてＮＩＳＡ・日本株インデックスファンド,17314,,,889,0
2014-06-17,三井住友・ＤＣつみたてＮＩＳＡ・日本株インデックスファンド,17364,,,891,0
2014-06-18,三井住友・ＤＣつみたてＮＩＳＡ・日本株インデックスファンド,17516,,,900,0
2014-06-19,三井住友・ＤＣつみたてＮＩＳＡ・日本株インデックスファンド,17795,,,916,0
2014-06-20,三井住友・ＤＣつみたてＮＩＳＡ・日本株インデックスファンド,17793,,,918,0
2014-06-23,三井住友・ＤＣつみたてＮＩＳＡ・日本株インデックスファンド,17773,,,918,0
2014-06-24,三井住友・ＤＣつみたてＮＩＳＡ・日本株インデックスファンド,17788,,,923,0
2014-06-25,三井住友・ＤＣつみたてＮＩＳＡ・日本株インデックスファンド,17680,,,918,0
2014-06-26,三井住友・ＤＣつみたてＮＩＳＡ・日本株インデックスファンド,17729,,,922,0
2014-06-27,三井住友・ＤＣつみたてＮＩＳＡ・日本株インデックスファンド,17585,,,920,0
2014-06-30,三井住友・ＤＣつみたてＮＩＳＡ・日本株インデックスファンド,17715,,,968,0
2014-07-01,三井住友・ＤＣつみたてＮＩＳＡ・日本株インデックスファンド,17905,,,986,0
2014-07-02,三井住友・ＤＣつみたてＮＩＳＡ・日本株インデックスファンド,17971,,,991,0
2014-07-03,三井住友・ＤＣつみたてＮＩＳＡ・日本株インデックスファンド,17940,,,990,0
2014-07-04,三井住友・ＤＣつみたてＮＩＳＡ・日本株インデックスファンド,18033,,,995,0
2014-07-07,三井住友・ＤＣつみたてＮＩＳＡ・日本株インデックスファンド,17958,,,992,0
2014-07-08,三井住友・ＤＣつみたてＮＩＳＡ・日本株インデックスファンド,17899,,,989,0
2014-07-09,三井住友・ＤＣつみたてＮＩＳＡ・日本株インデックスファンド,17831,,,984,0
2014-07-10,三井住友・ＤＣつみたてＮＩＳＡ・日本株インデックスファンド,17669,,,976,0
2014-07-11,三井住友・ＤＣつみたてＮＩＳＡ・日本株インデックスファンド,17611,,,973,0
2014-07-14,三井住友・ＤＣつみたてＮＩＳＡ・日本株インデックスファンド,17755,,,982,0
2014-07-15,三井住友・ＤＣつみたてＮＩＳＡ・日本株インデックスファンド,17871,,,989,0
2014-07-16,三井住友・ＤＣつみたてＮＩＳＡ・日本株インデックスファンド,17869,,,990,0
2014-07-17,三井住友・ＤＣつみたてＮＩＳＡ・日本株インデックスファンド,17866,,,990,0
2014-07-18,三井住友・ＤＣつみたてＮＩＳＡ・日本株インデックスファンド,17724,,,983,0
2014-07-22,三井住友・ＤＣつみたてＮＩＳＡ・日本株インデックスファンド,17864,,,991,0
2014-07-23,三井住友・ＤＣつみたてＮＩＳＡ・日本株インデックスファンド,17851,,,990,0
2014-07-24,三井住友・ＤＣつみたてＮＩＳＡ・日本株インデックスファンド,17816,,,989,0
2014-07-25,三井住友・ＤＣつみたてＮＩＳＡ・日本株インデックスファンド,17977,,,998,0
2014-07-28,三井住友・ＤＣつみたてＮＩＳＡ・日本株インデックスファンド,18043,,,1000,0
2014-07-29,三井住友・ＤＣつみたてＮＩＳＡ・日本株インデックスファンド,18105,,,1004,0
2014-07-30,三井住友・ＤＣつみたてＮＩＳＡ・日本株インデックスファンド,18129,,,1019,0
2014-07-31,三井住友・ＤＣつみたてＮＩＳＡ・日本株インデックスファンド,18091,,,1016,0
2014-08-01,三井住友・ＤＣつみたてＮＩＳＡ・日本株インデックスファンド,17976,,,1011,0
2014-08-04,三井住友・ＤＣつみたてＮＩＳＡ・日本株インデックスファンド,17903,,,1006,0
2014-08-05,三井住友・ＤＣつみたてＮＩＳＡ・日本株インデックスファンド,17726,,,995,0
2014-08-06,三井住友・ＤＣつみたてＮＩＳＡ・日本株インデックスファンド,17554,,,986,0
2014-08-07,三井住友・ＤＣつみたてＮＩＳＡ・日本株インデックスファンド,17650,,,993,0
2014-08-08,三井住友・ＤＣつみたてＮＩＳＡ・日本株インデックスファンド,17231,,,970,0
2014-08-11,三井住友・ＤＣつみたてＮＩＳＡ・日本株インデックスファンド,17571,,,989,0
2014-08-12,三井住友・ＤＣつみたてＮＩＳＡ・日本株インデックスファンド,17644,,,995,0
2014-08-13,三井住友・ＤＣつみたてＮＩＳＡ・日本株インデックスファンド,17706,,,998,0
2014-08-14,三井住友・ＤＣつみたてＮＩＳＡ・日本株インデックスファンド,17824,,,1004,0
2014-08-15,三井住友・ＤＣつみたてＮＩＳＡ・日本株インデックスファンド,17827,,,1005,0
2014-08-18,三井住友・ＤＣつみたてＮＩＳＡ・日本株インデックスファンド,17835,,,1006,0
2014-08-19,三井住友・ＤＣつみたてＮＩＳＡ・日本株インデックスファンド,17961,,,1013,0
2014-08-20,三井住友・ＤＣつみたてＮＩＳＡ・日本株インデックスファンド,17952,,,1014,0
2014-08-21,三井住友・ＤＣつみたてＮＩＳＡ・日本株インデックスファンド,18114,,,1029,0
2014-08-22,三井住友・ＤＣつみたてＮＩＳＡ・日本株インデックスファンド,18042,,,1024,0
2014-08-25,三井住友・ＤＣつみたてＮＩＳＡ・日本株インデックスファンド,18115,,,1028,0
2014-08-26,三井住友・ＤＣつみたてＮＩＳＡ・日本株インデックスファンド,18026,,,1023,0
2014-08-27,三井住友・ＤＣつみたてＮＩＳＡ・日本株インデックスファンド,18043,,,1024,0
2014-08-28,三井住友・ＤＣつみたてＮＩＳＡ・日本株インデックスファンド,17971,,,1032,0
2014-08-29,三井住友・ＤＣつみたてＮＩＳＡ・日本株インデックスファンド,17931,,,1030,0
2014-09-01,三井住友・ＤＣつみたてＮＩＳＡ・日本株インデックスファンド,18003,,,1035,0
2014-09-02,三井住友・ＤＣつみたてＮＩＳＡ・日本株インデックスファンド,18199,,,1046,0
2014-09-03,三井住友・ＤＣつみたてＮＩＳＡ・日本株インデックスファンド,18262,,,1050,0
2014-09-04,三井住友・ＤＣつみたてＮＩＳＡ・日本株インデックスファンド,18189,,,1046,0
2014-09-05,三井住友・ＤＣつみたてＮＩＳＡ・日本株インデックスファンド,18145,,,1041,0
2014-09-08,三井住友・ＤＣつみたてＮＩＳＡ・日本株インデックスファンド,18221,,,1045,0
2014-09-09,三井住友・ＤＣつみたてＮＩＳＡ・日本株インデックスファンド,18235,,,1045,0
2014-09-10,三井住友・ＤＣつみたてＮＩＳＡ・日本株インデックスファンド,18335,,,1052,0
2014-09-11,三井住友・ＤＣつみたてＮＩＳＡ・日本株インデックスファンド,18398,,,1057,0
2014-09-12,三井住友・ＤＣつみたてＮＩＳＡ・日本株インデックスファンド,18432,,,1060,0
2014-09-16,三井住友・ＤＣつみたてＮＩＳＡ・日本株インデックスファンド,18391,,,1058,0
2014-09-17,三井住友・ＤＣつみたてＮＩＳＡ・日本株インデックスファンド,18309,,,1053,0
2014-09-18,三井住友・ＤＣつみたてＮＩＳＡ・日本株インデックスファンド,18491,,,1061,0
2014-09-19,三井住友・ＤＣつみたてＮＩＳＡ・日本株インデックスファンド,18688,,,1073,0
2014-09-22,三井住友・ＤＣつみたてＮＩＳＡ・日本株インデックスファンド,18672,,,1074,0
2014-09-24,三井住友・ＤＣつみたてＮＩＳＡ・日本株インデックスファンド,18606,,,1070,0
2014-09-25,三井住友・ＤＣつみたてＮＩＳＡ・日本株インデックスファンド,18890,,,1085,0
2014-09-26,三井住友・ＤＣつみたてＮＩＳＡ・日本株インデックスファンド,18819,,,1085,0
2014-09-29,三井住友・ＤＣつみたてＮＩＳＡ・日本株インデックスファンド,18894,,,1090,0
2014-09-30,三井住友・ＤＣつみたてＮＩＳＡ・日本株インデックスファンド,18738,,,1092,0
2014-10-01,三井住友・ＤＣつみたてＮＩＳＡ・日本株インデックスファンド,18625,,,1086,0
2014-10-02,三井住友・ＤＣつみたてＮＩＳＡ・日本株インデックスファンド,18085,,,1055,0
2014-10-03,三井住友・ＤＣつみたてＮＩＳＡ・日本株インデックスファンド,18120,,,1059,0
2014-10-06,三井住友・ＤＣつみたてＮＩＳＡ・日本株インデックスファンド,18315,,,1071,0
2014-10-07,三井住友・ＤＣつみたてＮＩＳＡ・日本株インデックスファンド,18237,,,1067,0
2014-10-08,三井住友・ＤＣつみたてＮＩＳＡ・日本株インデックスファンド,18009,,,1053,0
2014-10-09,三井住友・ＤＣつみたてＮＩＳＡ・日本株インデックスファンド,17810,,,1042,0
2014-10-10,三井住友・ＤＣつみたてＮＩＳＡ・日本株インデックスファンド,17561,,,1029,0
2014-10-14,三井住友・ＤＣつみたてＮＩＳＡ・日本株インデックスファンド,17152,,,1008,0
2014-10-15,三井住友・ＤＣつみたてＮＩＳＡ・日本株インデックスファンド,17285,,,1017,0
2014-10-16,三井住友・ＤＣつみたてＮＩＳＡ・日本株インデックスファンド,16886,,,993,0
2014-10-17,三井住友・ＤＣつみたてＮＩＳＡ・日本株インデックスファンド,16628,,,979,0
2014-10-20,三井住友・ＤＣつみたてＮＩＳＡ・日本株インデックスファンド,17295,,,1017,0
2014-10-21,三井住友・ＤＣつみたてＮＩＳＡ・日本株インデックスファンド,17024,,,1001,0
2014-10-22,三井住友・ＤＣつみたてＮＩＳＡ・日本株インデックスファンド,17464,,,1026,0
2014-10-23,三井住友・ＤＣつみたてＮＩＳＡ・日本株インデックスファンド,17406,,,1024,0
2014-10-24,三井住友・ＤＣつみたてＮＩＳＡ・日本株インデックスファンド,17549,,,1033,0
2014-10-27,三井住友・ＤＣつみたてＮＩＳＡ・日本株インデックスファンド,17716,,,1043,0
2014-10-28,三井住友・ＤＣつみたてＮＩＳＡ・日本株インデックスファンド,17684,,,1042,0
2014-10-29,三井住友・ＤＣつみたてＮＩＳＡ・日本株インデックスファンド,17949,,,1072,0
2014-10-30,三井住友・ＤＣつみたてＮＩＳＡ・日本株インデックスファンド,18066,,,1080,0
2014-10-31,三井住友・ＤＣつみたてＮＩＳＡ・日本株インデックスファンド,18842,,,1128,0
2014-11-04,三井住友・ＤＣつみたてＮＩＳＡ・日本株インデックスファンド,19334,,,1158,0
2014-11-05,三井住友・ＤＣつみたてＮＩＳＡ・日本株インデックスファンド,19380,,,1160,0
2014-11-06,三井住友・ＤＣつみたてＮＩＳＡ・日本株インデックスファンド,19164,,,1142,0
2014-11-07,三井住友・ＤＣつみたてＮＩＳＡ・日本株インデックスファンド,19268,,,1143,0
2014-11-10,三井住友・ＤＣつみたてＮＩＳＡ・日本株インデックスファンド,19216,,,1135,0
2014-11-11,三井住友・ＤＣつみたてＮＩＳＡ・日本株インデックスファンド,19430,,,1145,0
2014-11-12,三井住友・ＤＣつみたてＮＩＳＡ・日本株インデックスファンド,19456,,,1145,0
2014-11-13,三井住友・ＤＣつみたてＮＩＳＡ・日本株インデックスファンド,19634,,,1154,0
2014-11-14,三井住友・ＤＣつみたてＮＩＳＡ・日本株インデックスファンド,19786,,,1163,0
2014-11-17,三井住友・ＤＣつみたてＮＩＳＡ・日本株インデックスファンド,19301,,,1137,0
2014-11-18,三井住友・ＤＣつみたてＮＩＳＡ・日本株インデックスファンド,19708,,,1160,0
2014-11-19,三井住友・ＤＣつみたてＮＩＳＡ・日本株インデックスファンド,19732,,,1155,0
2014-11-20,三井住友・ＤＣつみたてＮＩＳＡ・日本株インデックスファンド,19746,,,1158,0
2014-11-21,三井住友・ＤＣつみたてＮＩＳＡ・日本株インデックスファンド,19783,,,1164,0
2014-11-25,三井住友・ＤＣつみたてＮＩＳＡ・日本株インデックスファンド,19909,,,1173,0
2014-11-26,三井住友・ＤＣつみたてＮＩＳＡ・日本株インデックスファンド,19869,,,1172,0
2014-11-27,三井住友・ＤＣつみたてＮＩＳＡ・日本株インデックスファンド,19664,,,1159,0
2014-11-28,三井住友・ＤＣつみたてＮＩＳＡ・日本株インデックスファンド,19926,,,1190,0
2014-12-01,三井住友・ＤＣつみたてＮＩＳＡ・日本株インデックスファンド,20086,,,1199,0
2014-12-02,三井住友・ＤＣつみたてＮＩＳＡ・日本株インデックスファンド,20174,,,1205,0
2014-12-03,三井住友・ＤＣつみたてＮＩＳＡ・日本株インデックスファンド,20201,,,1207,0
2014-12-04,三井住友・ＤＣつみたてＮＩＳＡ・日本株インデックスファンド,20353,,,1217,0
2014-12-05,三井住友・ＤＣつみたてＮＩＳＡ・日本株インデックスファンド,20425,,,1222,0
2014-12-08,三井住友・ＤＣつみたてＮＩＳＡ・日本株インデックスファンド,20452,,,1223,0
2014-12-09,三井住友・ＤＣつみたてＮＩＳＡ・日本株インデックスファンド,20289,,,1209,0
2014-12-10,三井住友・ＤＣつみたてＮＩＳＡ・日本株インデックスファンド,19875,,,1184,0
2014-12-11,三井住友・ＤＣつみたてＮＩＳＡ・日本株インデックスファンド,19736,,,1173,0
2014-12-12,三井住友・ＤＣつみたてＮＩＳＡ・日本株インデックスファンド,19772,,,1175,0
2014-12-15,三井住友・ＤＣつみたてＮＩＳＡ・日本株インデックスファンド,19483,,,1157,0
2014-12-16,三井住友・ＤＣつみたてＮＩＳＡ・日本株インデックスファンド,19118,,,1137,0
2014-12-17,三井住友・ＤＣつみたてＮＩＳＡ・日本株インデックスファンド,19098,,,1138,0
2014-12-18,三井住友・ＤＣつみたてＮＩＳＡ・日本株インデックスファンド,19443,,,1159,0
2014-12-19,三井住友・ＤＣつみたてＮＩＳＡ・日本株インデックスファンド,19914,,,1191,0
2014-12-22,三井住友・ＤＣつみたてＮＩＳＡ・日本株インデックスファンド,19960,,,1196,0
2014-12-24,三井住友・ＤＣつみたてＮＩＳＡ・日本株インデックスファンド,20144,,,1208,0
2014-12-25,三井住友・ＤＣつみたてＮＩＳＡ・日本株インデックスファンド,20075,,,1205,0
2014-12-26,三井住友・ＤＣつみたてＮＩＳＡ・日本株インデックスファンド,20187,,,1209,0
2014-12-29,三井住友・ＤＣつみたてＮＩＳＡ・日本株インデックスファンド,20145,,,1211,0
2014-12-30,三井住友・ＤＣつみたてＮＩＳＡ・日本株インデックスファンド,19902,,,1210,0
2015-01-05,三井住友・ＤＣつみたてＮＩＳＡ・日本株インデックスファンド,19811,,,1203,0
2015-01-06,三井住友・ＤＣつみたてＮＩＳＡ・日本株インデックスファンド,19245,,,1169,0
2015-01-07,三井住友・ＤＣつみたてＮＩＳＡ・日本株インデックスファンド,19227,,,1170,0
2015-01-08,三井住友・ＤＣつみたてＮＩＳＡ・日本株インデックスファンド,19480,,,1185,0
2015-01-09,三井住友・ＤＣつみたてＮＩＳＡ・日本株インデックスファンド,19521,,,1188,0
2015-01-13,三井住友・ＤＣつみたてＮＩＳＡ・日本株インデックスファンド,19436,,,1186,0
2015-01-14,三井住友・ＤＣつみたてＮＩＳＡ・日本株インデックスファンド,19200,,,1172,0
2015-01-15,三井住友・ＤＣつみたてＮＩＳＡ・日本株インデックスファンド,19465,,,1187,0
2015-01-16,三井住友・ＤＣつみたてＮＩＳＡ・日本株インデックスファンド,19281,,,1177,0
2015-01-19,三井住友・ＤＣつみたてＮＩＳＡ・日本株インデックスファンド,19404,,,1192,0
2015-01-20,三井住友・ＤＣつみたてＮＩＳＡ・日本株インデックスファンド,19760,,,1215,0
2015-01-21,三井住友・ＤＣつみたてＮＩＳＡ・日本株インデックスファンド,19659,,,1210,0
2015-01-22,三井住友・ＤＣつみたてＮＩＳＡ・日本株インデックスファンド,19643,,,1210,0
2015-01-23,三井住友・ＤＣつみたてＮＩＳＡ・日本株インデックスファンド,19839,,,1222,0
2015-01-26,三井住友・ＤＣつみたてＮＩＳＡ・日本株インデックスファンド,19822,,,1222,0
2015-01-27,三井住友・ＤＣつみたてＮＩＳＡ・日本株インデックスファンド,20165,,,1243,0
2015-01-28,三井住友・ＤＣつみたてＮＩＳＡ・日本株インデックスファンド,20217,,,1262,0
2015-01-29,三井住友・ＤＣつみたてＮＩＳＡ・日本株インデックスファンド,19985,,,1248,0
2015-01-30,三井住友・ＤＣつみたてＮＩＳＡ・日本株インデックスファンド,20007,,,1249,0
2015-02-02,三井住友・ＤＣつみたてＮＩＳＡ・日本株インデックスファンド,19917,,,1243,0
2015-02-03,三井住友・ＤＣつみたてＮＩＳＡ・日本株インデックスファンド,19685,,,1227,0
2015-02-04,三井住友・ＤＣつみたてＮＩＳＡ・日本株インデックスファンド,20034,,,1248,0
2015-02-05,三井住友・ＤＣつみたてＮＩＳＡ・日本株インデックスファンド,19936,,,1244,0
2015-02-06,三井住友・ＤＣつみたてＮＩＳＡ・日本株インデックスファンド,20037,,,1251,0
2015-02-09,三井住友・ＤＣつみたてＮＩＳＡ・日本株インデックスファンド,20145,,,1258,0
2015-02-10,三井住友・ＤＣつみたてＮＩＳＡ・日本株インデックスファンド,20185,,,1261,0
2015-02-12,三井住友・ＤＣつみたてＮＩＳＡ・日本株インデックスファンド,20489,,,1279,0
2015-02-13,三井住友・ＤＣつみたてＮＩＳＡ・日本株インデックスファンド,20493,,,1282,0
2015-02-16,三井住友・ＤＣつみたてＮＩＳＡ・日本株インデックスファンド,20633,,,1292,0
2015-02-17,三井住友・ＤＣつみたてＮＩＳＡ・日本株インデックスファンド,20670,,,1294,0
2015-02-18,三井住友・ＤＣつみたてＮＩＳＡ・日本株インデックスファンド,20962,,,1320,0
2015-02-19,三井住友・ＤＣつみたてＮＩＳＡ・日本株インデックスファンド,21135,,,1328,0
2015-02-20,三井住友・ＤＣつみたてＮＩＳＡ・日本株インデックスファンド,21213,,,1340,0
2015-02-23,三井住友・ＤＣつみたてＮＩＳＡ・日本株インデックスファンド,21248,,,1342,0
2015-02-24,三井住友・ＤＣつみたてＮＩＳＡ・日本株インデックスファンド,21325,,,1348,0
2015-02-25,三井住友・ＤＣつみたてＮＩＳＡ・日本株インデックスファンド,21321,,,1349,0
2015-02-26,三井住友・ＤＣつみたてＮＩＳＡ・日本株インデックスファンド,21520,,,1362,0
2015-02-27,三井住友・ＤＣつみたてＮＩＳＡ・日本株インデックスファンド,21550,,,1364,0
2015-03-02,三井住友・ＤＣつみたてＮＩＳＡ・日本株インデックスファンド,21565,,,1387,0
2015-03-03,三井住友・ＤＣつみたてＮＩＳＡ・日本株インデックスファンド,21592,,,1388,0
2015-03-04,三井住友・ＤＣつみたてＮＩＳＡ・日本株インデックスファンド,21451,,,1380,0
2015-03-05,三井住友・ＤＣつみたてＮＩＳＡ・日本株インデックスファンド,21547,,,1386,0
2015-03-06,三井住友・ＤＣつみたてＮＩＳＡ・日本株インデックスファンド,21790,,,1402,0
2015-03-09,三井住友・ＤＣつみたてＮＩＳＡ・日本株インデックスファンド,21660,,,1394,0
2015-03-10,三井住友・ＤＣつみたてＮＩＳＡ・日本株インデックスファンド,21561,,,1388,0
2015-03-11,三井住友・ＤＣつみたてＮＩＳＡ・日本株インデックスファンド,21574,,,1385,0
2015-03-12,三井住友・ＤＣつみたてＮＩＳＡ・日本株インデックスファンド,21870,,,1406,0
2015-03-13,三井住友・ＤＣつみたてＮＩＳＡ・日本株インデックスファンド,22064,,,1419,0
2015-03-16,三井住友・ＤＣつみたてＮＩＳＡ・日本株インデックスファンド,22035,,,1416,0
2015-03-17,三井住友・ＤＣつみたてＮＩＳＡ・日本株インデックスファンド,22208,,,1430,0
2015-03-18,三井住友・ＤＣつみたてＮＩＳＡ・日本株インデックスファンド,22378,,,1441,0
2015-03-19,三井住友・ＤＣつみたてＮＩＳＡ・日本株インデックスファンド,22285,,,1436,0
2015-03-20,三井住友・ＤＣつみたてＮＩＳＡ・日本株インデックスファンド,22351,,,1443,0
2015-03-23,三井住友・ＤＣつみたてＮＩＳＡ・日本株インデックスファンド,22516,,,1454,0
2015-03-24,三井住友・ＤＣつみたてＮＩＳＡ・日本株インデックスファンド,22450,,,1456,0
2015-03-25,三井住友・ＤＣつみたてＮＩＳＡ・日本株インデックスファンド,22512,,,1460,0
2015-03-26,三井住友・ＤＣつみたてＮＩＳＡ・日本株インデックスファンド,22181,,,1439,0
2015-03-27,三井住友・ＤＣつみたてＮＩＳＡ・日本株インデックスファンド,22126,,,1435,0
2015-03-30,三井住友・ＤＣつみたてＮＩＳＡ・日本株インデックスファンド,22197,,,1462,0
2015-03-31,三井住友・ＤＣつみたてＮＩＳＡ・日本株インデックスファンド,21987,,,1449,0
2015-04-01,三井住友・ＤＣつみたてＮＩＳＡ・日本株インデックスファンド,21786,,,1438,0
2015-04-02,三井住友・ＤＣつみたてＮＩＳＡ・日本株インデックスファンド,22146,,,1460,0
2015-04-03,三井住友・ＤＣつみたてＮＩＳＡ・日本株インデックスファンド,22288,,,1476,0
2015-04-06,三井住友・ＤＣつみたてＮＩＳＡ・日本株インデックスファンド,22236,,,1471,0
2015-04-07,三井住友・ＤＣつみたてＮＩＳＡ・日本株インデックスファンド,22492,,,1490,0
2015-04-08,三井住友・ＤＣつみたてＮＩＳＡ・日本株インデックスファンド,22633,,,1501,0
2015-04-09,三井住友・ＤＣつみたてＮＩＳＡ・日本株インデックスファンド,22713,,,1509,0
2015-04-10,三井住友・ＤＣつみたてＮＩＳＡ・日本株インデックスファンド,22648,,,1506,0
2015-04-13,三井住友・ＤＣつみたてＮＩＳＡ・日本株インデックスファンド,22601,,,1502,0
2015-04-14,三井住友・ＤＣつみたてＮＩＳＡ・日本株インデックスファンド,22666,,,1507,0
2015-04-15,三井住友・ＤＣつみたてＮＩＳＡ・日本株インデックスファンド,22636,,,1505,0
2015-04-16,三井住友・ＤＣつみたてＮＩＳＡ・日本株インデックスファンド,22787,,,1515,0
2015-04-17,三井住友・ＤＣつみたてＮＩＳＡ・日本株インデックスファンド,22635,,,1507,0
2015-04-20,三井住友・ＤＣつみたてＮＩＳＡ・日本株インデックスファンド,22548,,,1501,0
2015-04-21,三井住友・ＤＣつみたてＮＩＳＡ・日本株インデックスファンド,22923,,,1528,0
2015-04-22,三井住友・ＤＣつみたてＮＩＳＡ・日本株インデックスファンド,23107,,,1542,0
2015-04-23,三井住友・ＤＣつみたてＮＩＳＡ・日本株インデックスファンド,23150,,,1545,0
2015-04-24,三井住友・ＤＣつみたてＮＩＳＡ・日本株インデックスファンド,23064,,,1540,0
2015-04-27,三井住友・ＤＣつみたてＮＩＳＡ・日本株インデックスファンド,23066,,,1536,0
2015-04-28,三井住友・ＤＣつみたてＮＩＳＡ・日本株インデックスファンド,23189,,,1543,0
2015-04-30,三井住友・ＤＣつみたてＮＩＳＡ・日本株インデックスファンド,22696,,,1527,0
2015-05-01,三井住友・ＤＣつみたてＮＩＳＡ・日本株インデックスファンド,22597,,,1521,0
2015-05-07,三井住友・ＤＣつみたてＮＩＳＡ・日本株インデックスファンド,22439,,,1510,0
2015-05-08,三井住友・ＤＣつみたてＮＩＳＡ・日本株インデックスファンド,22628,,,1520,0
2015-05-11,三井住友・ＤＣつみたてＮＩＳＡ・日本株インデックスファンド,22780,,,1530,0
2015-05-12,三井住友・ＤＣつみたてＮＩＳＡ・日本株インデックスファンド,22836,,,1535,0
2015-05-13,三井住友・ＤＣつみたてＮＩＳＡ・日本株インデックスファンド,22865,,,1539,0
2015-05-14,三井住友・ＤＣつみたてＮＩＳＡ・日本株インデックスファンド,22685,,,1531,0
2015-05-15,三井住友・ＤＣつみたてＮＩＳＡ・日本株インデックスファンド,22910,,,1550,0
2015-05-18,三井住友・ＤＣつみたてＮＩＳＡ・日本株インデックスファンド,23189,,,1568,0
2015-05-19,三井住友・ＤＣつみたてＮＩＳＡ・日本株インデックスファンド,23284,,,1573,0
2015-05-20,三井住友・ＤＣつみたてＮＩＳＡ・日本株インデックスファンド,23427,,,1589,0
2015-05-21,三井住友・ＤＣつみたてＮＩＳＡ・日本株インデックスファンド,23476,,,1591,0
2015-05-22,三井住友・ＤＣつみたてＮＩＳＡ・日本株インデックスファンド,23492,,,1595,0
2015-05-25,三井住友・ＤＣつみたてＮＩＳＡ・日本株インデックスファンド,23652,,,1605,0
2015-05-26,三井住友・ＤＣつみたてＮＩＳＡ・日本株インデックスファンド,23658,,,1606,0
2015-05-27,三井住友・ＤＣつみたてＮＩＳＡ・日本株インデックスファンド,23684,,,1609,0
2015-05-28,三井住友・ＤＣつみたてＮＩＳＡ・日本株インデックスファンド,23846,,,1694,0
2015-05-29,三井住友・ＤＣつみたてＮＩＳＡ・日本株インデックスファンド,23857,,,1696,0
2015-06-01,三井住友・ＤＣつみたてＮＩＳＡ・日本株インデックスファンド,23927,,,1699,0
2015-06-02,三井住友・ＤＣつみたてＮＩＳＡ・日本株インデックスファンド,23866,,,1693,0
2015-06-03,三井住友・ＤＣつみたてＮＩＳＡ・日本株インデックスファンド,23804,,,1692,0
2015-06-04,三井住友・ＤＣつみたてＮＩＳＡ・日本株インデックスファンド,23861,,,1694,0
2015-06-05,三井住友・ＤＣつみたてＮＩＳＡ・日本株インデックスファンド,23763,,,1688,0
2015-06-08,三井住友・ＤＣつみたてＮＩＳＡ・日本株インデックスファンド,23690,,,1685,0
2015-06-09,三井住友・ＤＣつみたてＮＩＳＡ・日本株インデックスファンド,23296,,,1660,0
2015-06-10,三井住友・ＤＣつみたてＮＩＳＡ・日本株インデックスファンド,23210,,,1655,0
2015-06-11,三井住友・ＤＣつみたてＮＩＳＡ・日本株インデックスファンド,23505,,,1677,0
2015-06-12,三井住友・ＤＣつみたてＮＩＳＡ・日本株インデックスファンド,23540,,,1683,0
2015-06-15,三井住友・ＤＣつみたてＮＩＳＡ・日本株インデックスファンド,23546,,,1683,0
2015-06-16,三井住友・ＤＣつみたてＮＩＳＡ・日本株インデックスファンド,23374,,,1675,0
2015-06-17,三井住友・ＤＣつみたてＮＩＳＡ・日本株インデックスファンド,23287,,,1674,0
2015-06-18,三井住友・ＤＣつみたてＮＩＳＡ・日本株インデックスファンド,23042,,,1657,0
2015-06-19,三井住友・ＤＣつみたてＮＩＳＡ・日本株インデックスファンド,23246,,,1672,0
2015-06-22,三井住友・ＤＣつみたてＮＩＳＡ・日本株インデックスファンド,23496,,,1691,0
2015-06-23,三井住友・ＤＣつみたてＮＩＳＡ・日本株インデックスファンド,23893,,,1724,0
2015-06-24,三井住友・ＤＣつみたてＮＩＳＡ・日本株インデックスファンド,23941,,,1727,0
2015-06-25,三井住友・ＤＣつみたてＮＩＳＡ・日本株インデックスファンド,23813,,,1718,0
2015-06-26,三井住友・ＤＣつみたてＮＩＳＡ・日本株インデックスファンド,23779,,,1715,0
2015-06-29,三井住友・ＤＣつみたてＮＩＳＡ・日本株インデックスファンド,23176,,,1672,0
2015-06-30,三井住友・ＤＣつみたてＮＩＳＡ・日本株インデックスファンド,23256,,,1708,0
2015-07-01,三井住友・ＤＣつみたてＮＩＳＡ・日本株インデックスファンド,23343,,,1714,0
2015-07-02,三井住友・ＤＣつみたてＮＩＳＡ・日本株インデックスファンド,23510,,,1724,0
2015-07-03,三井住友・ＤＣつみたてＮＩＳＡ・日本株インデックスファンド,23565,,,1726,0
2015-07-06,三井住友・ＤＣつみたてＮＩＳＡ・日本株インデックスファンド,23113,,,1698,0
2015-07-07,三井住友・ＤＣつみたてＮＩＳＡ・日本株インデックスファンド,23353,,,1717,0
2015-07-08,三井住友・ＤＣつみたてＮＩＳＡ・日本株インデックスファンド,22565,,,1656,0
2015-07-09,三井住友・ＤＣつみたてＮＩＳＡ・日本株インデックスファンド,22529,,,1654,0
2015-07-10,三井住友・ＤＣつみたてＮＩＳＡ・日本株インデックスファンド,22581,,,1656,0
2015-07-13,三井住友・ＤＣつみたてＮＩＳＡ・日本株インデックスファンド,23007,,,1685,0
2015-07-14,三井住友・ＤＣつみたてＮＩＳＡ・日本株インデックスファンド,23367,,,1713,0
2015-07-15,三井住友・ＤＣつみたてＮＩＳＡ・日本株インデックスファンド,23476,,,1726,0
2015-07-16,三井住友・ＤＣつみたてＮＩＳＡ・日本株インデックスファンド,23681,,,1743,0
2015-07-17,三井住友・ＤＣつみたてＮＩＳＡ・日本株インデックスファンド,23713,,,1746,0
2015-07-21,三井住友・ＤＣつみたてＮＩＳＡ・日本株インデックスファンド,23868,,,1759,0
2015-07-22,三井住友・ＤＣつみたてＮＩＳＡ・日本株インデックスファンド,23601,,,1739,0
2015-07-23,三井住友・ＤＣつみたてＮＩＳＡ・日本株インデックスファンド,23736,,,1754,0
2015-07-24,三井住友・ＤＣつみたてＮＩＳＡ・日本株インデックスファンド,23608,,,1744,0
2015-07-27,三井住友・ＤＣつみたてＮＩＳＡ・日本株インデックスファンド,23352,,,1726,0
2015-07-28,三井住友・ＤＣつみたてＮＩＳＡ・日本株インデックスファンド,23231,,,1721,0
2015-07-29,三井住友・ＤＣつみたてＮＩＳＡ・日本株インデックスファンド,23296,,,1749,0
2015-07-30,三井住友・ＤＣつみたてＮＩＳＡ・日本株インデックスファンド,23487,,,1763,0
2015-07-31,三井住友・ＤＣつみたてＮＩＳＡ・日本株インデックスファンド,23661,,,1778,0
2015-08-03,三井住友・ＤＣつみたてＮＩＳＡ・日本株インデックスファンド,23661,,,1781,0
2015-08-04,三井住友・ＤＣつみたてＮＩＳＡ・日本株インデックスファンド,23664,,,1786,0
2015-08-05,三井住友・ＤＣつみたてＮＩＳＡ・日本株インデックスファンド,23751,,,1793,0
2015-08-06,三井住友・ＤＣつみたてＮＩＳＡ・日本株インデックスファンド,23861,,,1803,0
2015-08-07,三井住友・ＤＣつみたてＮＩＳＡ・日本株インデックスファンド,23941,,,1812,0
2015-08-10,三井住友・ＤＣつみたてＮＩＳＡ・日本株インデックスファンド,24114,,,1825,0
2015-08-11,三井住友・ＤＣつみたてＮＩＳＡ・日本株インデックスファンド,24061,,,1820,0
2015-08-12,三井住友・ＤＣつみたてＮＩＳＡ・日本株インデックスファンド,23746,,,1795,0
2015-08-13,三井住友・ＤＣつみたてＮＩＳＡ・日本株インデックスファンド,23778,,,1796,0
2015-08-14,三井住友・ＤＣつみたてＮＩＳＡ・日本株インデックスファンド,23728,,,1794,0
2015-08-17,三井住友・ＤＣつみたてＮＩＳＡ・日本株インデックスファンド,23848,,,1806,0
2015-08-18,三井住友・ＤＣつみたてＮＩＳＡ・日本株インデックスファンド,23838,,,1807,0
2015-08-19,三井住友・ＤＣつみたてＮＩＳＡ・日本株インデックスファンド,23499,,,1781,0
2015-08-20,三井住友・ＤＣつみたてＮＩＳＡ・日本株インデックスファンド,23148,,,1756,0
2015-08-21,三井住友・ＤＣつみたてＮＩＳＡ・日本株インデックスファンド,22423,,,1704,0
2015-08-24,三井住友・ＤＣつみたてＮＩＳＡ・日本株インデックスファンド,21109,,,1605,0
2015-08-25,三井住友・ＤＣつみたてＮＩＳＡ・日本株インデックスファンド,20420,,,1553,0
2015-08-26,三井住友・ＤＣつみたてＮＩＳＡ・日本株インデックスファンド,21084,,,1598,0
2015-08-27,三井住友・ＤＣつみたてＮＩＳＡ・日本株インデックスファンド,21392,,,1622,0
2015-08-28,三井住友・ＤＣつみたてＮＩＳＡ・日本株インデックスファンド,22096,,,1704,0
2015-08-31,三井住友・ＤＣつみたてＮＩＳＡ・日本株インデックスファンド,21910,,,1697,0
2015-09-01,三井住友・ＤＣつみたてＮＩＳＡ・日本株インデックスファンド,21064,,,1637,0
2015-09-02,三井住友・ＤＣつみたてＮＩＳＡ・日本株インデックスファンド,20904,,,1626,0
2015-09-03,三井住友・ＤＣつみたてＮＩＳＡ・日本株インデックスファンド,21027,,,1642,0
2015-09-04,三井住友・ＤＣつみたてＮＩＳＡ・日本株インデックスファンド,20592,,,1608,0
2015-09-07,三井住友・ＤＣつみたてＮＩＳＡ・日本株インデックスファンド,20608,,,1612,0
2015-09-08,三井住友・ＤＣつみたてＮＩＳＡ・日本株インデックスファンド,20195,,,1582,0
2015-09-09,三井住友・ＤＣつみたてＮＩＳＡ・日本株インデックスファンド,21485,,,1683,0
2015-09-10,三井住友・ＤＣつみたてＮＩＳＡ・日本株インデックスファンド,21088,,,1652,0
2015-09-11,三井住友・ＤＣつみたてＮＩＳＡ・日本株インデックスファンド,21100,,,1652,0
2015-09-14,三井住友・ＤＣつみたてＮＩＳＡ・日本株インデックスファンド,20845,,,1627,0
2015-09-15,三井住友・ＤＣつみたてＮＩＳＡ・日本株インデックスファンド,20843,,,1628,0
2015-09-16,三井住友・ＤＣつみたてＮＩＳＡ・日本株インデックスファンド,20993,,,1640,0
2015-09-17,三井住友・ＤＣつみたてＮＩＳＡ・日本株インデックスファンド,21267,,,1663,0
2015-09-18,三井住友・ＤＣつみたてＮＩＳＡ・日本株インデックスファンド,20846,,,1631,0
2015-09-24,三井住友・ＤＣつみたてＮＩＳＡ・日本株インデックスファンド,20341,,,1591,0
2015-09-25,三井住友・ＤＣつみたてＮＩＳＡ・日本株インデックスファンド,20723,,,1624,0
2015-09-28,三井住友・ＤＣつみたてＮＩＳＡ・日本株インデックスファンド,20665,,,1620,0
2015-09-29,三井住友・ＤＣつみたてＮＩＳＡ・日本株インデックスファンド,19757,,,1551,0
2015-09-30,三井住友・ＤＣつみたてＮＩＳＡ・日本株インデックスファンド,20268,,,1615,0
2015-10-01,三井住友・ＤＣつみたてＮＩＳＡ・日本株インデックスファンド,20721,,,1653,0
2015-10-02,三井住友・ＤＣつみたてＮＩＳＡ・日本株インデックスファンド,20753,,,1654,0
2015-10-05,三井住友・ＤＣつみたてＮＩＳＡ・日本株インデックスファンド,21028,,,1677,0
2015-10-06,三井住友・ＤＣつみたてＮＩＳＡ・日本株インデックスファンド,21198,,,1691,0
2015-10-07,三井住友・ＤＣつみたてＮＩＳＡ・日本株インデックスファンド,21448,,,1712,0
2015-10-08,三井住友・ＤＣつみたてＮＩＳＡ・日本株インデックスファンド,21278,,,1699,0
2015-10-09,三井住友・ＤＣつみたてＮＩＳＡ・日本株インデックスファンド,21762,,,1738,0
2015-10-13,三井住友・ＤＣつみたてＮＩＳＡ・日本株インデックスファンド,21589,,,1724,0
2015-10-14,三井住友・ＤＣつみたてＮＩＳＡ・日本株インデックスファンド,21123,,,1687,0
2015-10-15,三井住友・ＤＣつみたてＮＩＳＡ・日本株インデックスファンド,21408,,,1710,0
2015-10-16,三井住友・ＤＣつみたてＮＩＳＡ・日本株インデックスファンド,21625,,,1727,0
2015-10-19,三井住友・ＤＣつみたてＮＩＳＡ・日本株インデックスファンド,21465,,,1714,0
2015-10-20,三井住友・ＤＣつみたてＮＩＳＡ・日本株インデックスファンド,21530,,,1719,0
2015-10-21,三井住友・ＤＣつみたてＮＩＳＡ・日本株インデックスファンド,21927,,,1751,0
2015-10-22,三井住友・ＤＣつみたてＮＩＳＡ・日本株インデックスファンド,21804,,,1743,0
2015-10-23,三井住友・ＤＣつみたてＮＩＳＡ・日本株インデックスファンド,22229,,,1777,0
2015-10-26,三井住友・ＤＣつみたてＮＩＳＡ・日本株インデックスファンド,22390,,,1789,0
2015-10-27,三井住友・ＤＣつみたてＮＩＳＡ・日本株インデックスファンド,22162,,,1770,0
2015-10-28,三井住友・ＤＣつみたてＮＩＳＡ・日本株インデックスファンド,22221,,,1796,0
2015-10-29,三井住友・ＤＣつみたてＮＩＳＡ・日本株インデックスファンド,22218,,,1795,0
2015-10-30,三井住友・ＤＣつみたてＮＩＳＡ・日本株インデックスファンド,22378,,,1812,0
2015-11-02,三井住友・ＤＣつみたてＮＩＳＡ・日本株インデックスファンド,21930,,,1777,0
2015-11-04,三井住友・ＤＣつみたてＮＩＳＡ・日本株インデックスファンド,22123,,,1792,0
2015-11-05,三井住友・ＤＣつみたてＮＩＳＡ・日本株インデックスファンド,22335,,,1809,0
2015-11-06,三井住友・ＤＣつみたてＮＩＳＡ・日本株インデックスファンド,22458,,,1820,0
2015-11-09,三井住友・ＤＣつみたてＮＩＳＡ・日本株インデックスファンド,22850,,,1848,0
2015-11-10,三井住友・ＤＣつみたてＮＩＳＡ・日本株インデックスファンド,22830,,,1847,0
2015-11-11,三井住友・ＤＣつみたてＮＩＳＡ・日本株インデックスファンド,22914,,,1855,0
2015-11-12,三井住友・ＤＣつみたてＮＩＳＡ・日本株インデックスファンド,22889,,,1853,0
2015-11-13,三井住友・ＤＣつみたてＮＩＳＡ・日本株インデックスファンド,22778,,,1845,0
2015-11-16,三井住友・ＤＣつみたてＮＩＳＡ・日本株インデックスファンド,22572,,,1834,0
2015-11-17,三井住友・ＤＣつみたてＮＩＳＡ・日本株インデックスファンド,22782,,,1852,0
2015-11-18,三井住友・ＤＣつみたてＮＩＳＡ・日本株インデックスファンド,22787,,,1852,0
2015-11-19,三井住友・ＤＣつみたてＮＩＳＡ・日本株インデックスファンド,22986,,,1866,0
2015-11-20,三井住友・ＤＣつみたてＮＩＳＡ・日本株インデックスファンド,23026,,,1869,0
2015-11-24,三井住友・ＤＣつみたてＮＩＳＡ・日本株インデックスファンド,23065,,,1872,0
2015-11-25,三井住友・ＤＣつみたてＮＩＳＡ・日本株インデックスファンド,22903,,,1861,0
2015-11-26,三井住友・ＤＣつみたてＮＩＳＡ・日本株インデックスファンド,23013,,,1864,0
2015-11-27,三井住友・ＤＣつみたてＮＩＳＡ・日本株インデックスファンド,22899,,,1856,0
2015-11-30,三井住友・ＤＣつみたてＮＩＳＡ・日本株インデックスファンド,22695,,,1883,0
2015-12-01,三井住友・ＤＣつみたてＮＩＳＡ・日本株インデックスファンド,23007,,,1910,0
2015-12-02,三井住友・ＤＣつみたてＮＩＳＡ・日本株インデックスファンド,23010,,,1914,0
2015-12-03,三井住友・ＤＣつみたてＮＩＳＡ・日本株インデックスファンド,23020,,,1914,0
2015-12-04,三井住友・ＤＣつみたてＮＩＳＡ・日本株インデックスファンド,22604,,,1877,0
2015-12-07,三井住友・ＤＣつみたてＮＩＳＡ・日本株インデックスファンド,22766,,,1889,0
2015-12-08,三井住友・ＤＣつみたてＮＩＳＡ・日本株インデックスファンド,22528,,,1867,0
2015-12-09,三井住友・ＤＣつみたてＮＩＳＡ・日本株インデックスファンド,22340,,,1851,0
2015-12-10,三井住友・ＤＣつみたてＮＩＳＡ・日本株インデックスファンド,22120,,,1832,0
2015-12-11,三井住友・ＤＣつみたてＮＩＳＡ・日本株インデックスファンド,22251,,,1842,0
2015-12-14,三井住友・ＤＣつみたてＮＩＳＡ・日本株インデックスファンド,21940,,,1816,0
2015-12-15,三井住友・ＤＣつみたてＮＩＳＡ・日本株インデックスファンド,21577,,,1788,0
2015-12-16,三井住友・ＤＣつみたてＮＩＳＡ・日本株インデックスファンド,22125,,,1836,0
2015-12-17,三井住友・ＤＣつみたてＮＩＳＡ・日本株インデックスファンド,22469,,,1862,0
2015-12-18,三井住友・ＤＣつみたてＮＩＳＡ・日本株インデックスファンド,22072,,,1830,0
2015-12-21,三井住友・ＤＣつみたてＮＩＳＡ・日本株インデックスファンド,21988,,,1823,0
2015-12-22,三井住友・ＤＣつみたてＮＩＳＡ・日本株インデックスファンド,22022,,,1826,0
2015-12-24,三井住友・ＤＣつみたてＮＩＳＡ・日本株インデックスファンド,21878,,,1816,0
2015-12-25,三井住友・ＤＣつみたてＮＩＳＡ・日本株インデックスファンド,21771,,,1807,0
2015-12-28,三井住友・ＤＣつみたてＮＩＳＡ・日本株インデックスファンド,21984,,,1825,0
2015-12-29,三井住友・ＤＣつみたてＮＩＳＡ・日本株インデックスファンド,22185,,,1840,0
2015-12-30,三井住友・ＤＣつみたてＮＩＳＡ・日本株インデックスファンド,22241,,,1872,0
2016-01-04,三井住友・ＤＣつみたてＮＩＳＡ・日本株インデックスファンド,21697,,,1827,0
2016-01-05,三井住友・ＤＣつみたてＮＩＳＡ・日本株インデックスファンド,21627,,,1826,0
2016-01-06,三井住友・ＤＣつみたてＮＩＳＡ・日本株インデックスファンド,21399,,,1808,0
2016-01-07,三井住友・ＤＣつみたてＮＩＳＡ・日本株インデックスファンド,20953,,,1773,0
2016-01-08,三井住友・ＤＣつみたてＮＩＳＡ・日本株インデックスファンド,20801,,,1760,0
2016-01-12,三井住友・ＤＣつみたてＮＩＳＡ・日本株インデックスファンド,20146,,,1705,0
2016-01-13,三井住友・ＤＣつみたてＮＩＳＡ・日本株インデックスファンド,20725,,,1755,0
2016-01-14,三井住友・ＤＣつみたてＮＩＳＡ・日本株インデックスファンド,20216,,,1715,0
2016-01-15,三井住友・ＤＣつみたてＮＩＳＡ・日本株インデックスファンド,20155,,,1711,0
2016-01-18,三井住友・ＤＣつみたてＮＩＳＡ・日本株インデックスファンド,19943,,,1695,0
2016-01-19,三井住友・ＤＣつみたてＮＩＳＡ・日本株インデックスファンド,19982,,,1699,0
2016-01-20,三井住友・ＤＣつみたてＮＩＳＡ・日本株インデックスファンド,19240,,,1634,0
2016-01-21,三井住友・ＤＣつみたてＮＩＳＡ・日本株インデックスファンド,18703,,,1592,0
2016-01-22,三井住友・ＤＣつみたてＮＩＳＡ・日本株インデックスファンド,19743,,,1684,0
2016-01-25,三井住友・ＤＣつみたてＮＩＳＡ・日本株インデックスファンド,20017,,,1707,0
2016-01-26,三井住友・ＤＣつみたてＮＩＳＡ・日本株インデックスファンド,19546,,,1670,0
2016-01-27,三井住友・ＤＣつみたてＮＩＳＡ・日本株インデックスファンド,20129,,,1724,0
2016-01-28,三井住友・ＤＣつみたてＮＩＳＡ・日本株インデックスファンド,20004,,,1742,0
2016-01-29,三井住友・ＤＣつみたてＮＩＳＡ・日本株インデックスファンド,20580,,,1794,0
2016-02-01,三井住友・ＤＣつみたてＮＩＳＡ・日本株インデックスファンド,21018,,,1835,0
2016-02-02,三井住友・ＤＣつみたてＮＩＳＡ・日本株インデックスファンド,20866,,,1822,0
2016-02-03,三井住友・ＤＣつみたてＮＩＳＡ・日本株インデックスファンド,20203,,,1764,0
2016-02-04,三井住友・ＤＣつみたてＮＩＳＡ・日本株インデックスファンド,19952,,,1741,0
2016-02-05,三井住友・ＤＣつみたてＮＩＳＡ・日本株インデックスファンド,19666,,,1717,0
2016-02-08,三井住友・ＤＣつみたてＮＩＳＡ・日本株インデックスファンド,19831,,,1731,0
2016-02-09,三井住友・ＤＣつみたてＮＩＳＡ・日本株インデックスファンド,18737,,,1645,0
2016-02-10,三井住友・ＤＣつみたてＮＩＳＡ・日本株インデックスファンド,18172,,,1597,0
2016-02-12,三井住友・ＤＣつみたてＮＩＳＡ・日本株インデックスファンド,17181,,,1512,0
2016-02-15,三井住友・ＤＣつみたてＮＩＳＡ・日本株インデックスファンド,18562,,,1631,0
2016-02-16,三井住友・ＤＣつみたてＮＩＳＡ・日本株インデックスファンド,18631,,,1626,0
2016-02-17,三井住友・ＤＣつみたてＮＩＳＡ・日本株インデックスファンド,18418,,,1607,0
2016-02-18,三井住友・ＤＣつみたてＮＩＳＡ・日本株インデックスファンド,18838,,,1642,0
2016-02-19,三井住友・ＤＣつみたてＮＩＳＡ・日本株インデックスファンド,18560,,,1623,0
2016-02-22,三井住友・ＤＣつみたてＮＩＳＡ・日本株インデックスファンド,18674,,,1634,0
2016-02-23,三井住友・ＤＣつみたてＮＩＳＡ・日本株インデックスファンド,18549,,,1623,0
2016-02-24,三井住友・ＤＣつみたてＮＩＳＡ・日本株インデックスファンド,18451,,,1614,0
2016-02-25,三井住友・ＤＣつみたてＮＩＳＡ・日本株インデックスファンド,18789,,,1646,0
2016-02-26,三井住友・ＤＣつみたてＮＩＳＡ・日本株インデックスファンド,18845,,,1654,0
2016-02-29,三井住友・ＤＣつみたてＮＩＳＡ・日本株インデックスファンド,18647,,,1635,0
2016-03-01,三井住友・ＤＣつみたてＮＩＳＡ・日本株インデックスファンド,18692,,,1668,0
2016-03-02,三井住友・ＤＣつみたてＮＩＳＡ・日本株インデックスファンド,19393,,,1733,0
2016-03-03,三井住友・ＤＣつみたてＮＩＳＡ・日本株インデックスファンド,19673,,,1763,0
2016-03-04,三井住友・ＤＣつみたてＮＩＳＡ・日本株インデックスファンド,19764,,,1769,0
2016-03-07,三井住友・ＤＣつみたてＮＩＳＡ・日本株インデックスファンド,19570,,,1750,0
2016-03-08,三井住友・ＤＣつみたてＮＩＳＡ・日本株インデックスファンド,19368,,,1732,0
2016-03-09,三井住友・ＤＣつみたてＮＩＳＡ・日本株インデックスファンド,19145,,,1712,0
2016-03-10,三井住友・ＤＣつみたてＮＩＳＡ・日本株インデックスファンド,19431,,,1738,0
2016-03-11,三井住友・ＤＣつみたてＮＩＳＡ・日本株インデックスファンド,19533,,,1742,0
2016-03-14,三井住友・ＤＣつみたてＮＩＳＡ・日本株インデックスファンド,19830,,,1769,0
2016-03-15,三井住友・ＤＣつみたてＮＩＳＡ・日本株インデックスファンド,19716,,,1759,0
2016-03-16,三井住友・ＤＣつみたてＮＩＳＡ・日本株インデックスファンド,19550,,,1744,0
2016-03-17,三井住友・ＤＣつみたてＮＩＳＡ・日本株インデックスファンド,19528,,,1741,0
2016-03-18,三井住友・ＤＣつみたてＮＩＳＡ・日本株インデックスファンド,19327,,,1723,0
2016-03-22,三井住友・ＤＣつみたてＮＩＳＡ・日本株インデックスファンド,19685,,,1755,0
2016-03-23,三井住友・ＤＣつみたてＮＩＳＡ・日本株インデックスファンド,19602,,,1747,0
2016-03-24,三井住友・ＤＣつみたてＮＩＳＡ・日本株インデックスファンド,19464,,,1736,0
2016-03-25,三井住友・ＤＣつみたてＮＩＳＡ・日本株インデックスファンド,19628,,,1748,0
2016-03-28,三井住友・ＤＣつみたてＮＩＳＡ・日本株インデックスファンド,19857,,,1769,0
2016-03-29,三井住友・ＤＣつみたてＮＩＳＡ・日本株インデックスファンド,19982,,,1777,0
2016-03-30,三井住友・ＤＣつみたてＮＩＳＡ・日本株インデックスファンド,19675,,,1782,0
2016-03-31,三井住友・ＤＣつみたてＮＩＳＡ・日本株インデックスファンド,19542,,,1770,0
2016-04-01,三井住友・ＤＣつみたてＮＩＳＡ・日本株インデックスファンド,18876,,,1708,0
2016-04-04,三井住友・ＤＣつみたてＮＩＳＡ・日本株インデックスファンド,18892,,,1710,0
2016-04-05,三井住友・ＤＣつみたてＮＩＳＡ・日本株インデックスファンド,18396,,,1667,0
2016-04-06,三井住友・ＤＣつみたてＮＩＳＡ・日本株インデックスファンド,18387,,,1667,0
2016-04-07,三井住友・ＤＣつみたてＮＩＳＡ・日本株インデックスファンド,18458,,,1673,0
2016-04-08,三井住友・ＤＣつみたてＮＩＳＡ・日本株インデックスファンド,18676,,,1694,0
2016-04-11,三井住友・ＤＣつみたてＮＩＳＡ・日本株インデックスファンド,18561,,,1686,0
2016-04-12,三井住友・ＤＣつみたてＮＩＳＡ・日本株インデックスファンド,18845,,,1715,0
2016-04-13,三井住友・ＤＣつみたてＮＩＳＡ・日本株インデックスファンド,19327,,,1759,0
2016-04-14,三井住友・ＤＣつみたてＮＩＳＡ・日本株インデックスファンド,19888,,,1810,0
2016-04-15,三井住友・ＤＣつみたてＮＩＳＡ・日本株インデックスファンド,19743,,,1795,0
2016-04-18,三井住友・ＤＣつみたてＮＩＳＡ・日本株インデックスファンド,19147,,,1740,0
2016-04-19,三井住友・ＤＣつみたてＮＩＳＡ・日本株インデックスファンド,19768,,,1796,0
2016-04-20,三井住友・ＤＣつみたてＮＩＳＡ・日本株インデックスファンド,19808,,,1800,0
2016-04-21,三井住友・ＤＣつみたてＮＩＳＡ・日本株インデックスファンド,20214,,,1837,0
2016-04-22,三井住友・ＤＣつみたてＮＩＳＡ・日本株インデックスファンド,20414,,,1852,0
2016-04-25,三井住友・ＤＣつみたてＮＩＳＡ・日本株インデックスファンド,20331,,,1847,0
2016-04-26,三井住友・ＤＣつみたてＮＩＳＡ・日本株インデックスファンド,20183,,,1832,0
2016-04-27,三井住友・ＤＣつみたてＮＩＳＡ・日本株インデックスファンド,20077,,,1821,0
2016-04-28,三井住友・ＤＣつみたてＮＩＳＡ・日本株インデックスファンド,19437,,,1781,0
2016-05-02,三井住友・ＤＣつみたてＮＩＳＡ・日本株インデックスファンド,18851,,,1728,0
2016-05-06,三井住友・ＤＣつみたてＮＩＳＡ・日本株インデックスファンド,18826,,,1727,0
2016-05-09,三井住友・ＤＣつみたてＮＩＳＡ・日本株インデックスファンド,18949,,,1739,0
2016-05-10,三井住友・ＤＣつみたてＮＩＳＡ・日本株インデックスファンド,19359,,,1778,0
2016-05-11,三井住友・ＤＣつみたてＮＩＳＡ・日本株インデックスファンド,19350,,,1779,0
2016-05-12,三井住友・ＤＣつみたてＮＩＳＡ・日本株インデックスファンド,19397,,,1788,0
2016-05-13,三井住友・ＤＣつみたてＮＩＳＡ・日本株インデックスファンド,19147,,,1767,0
2016-05-16,三井住友・ＤＣつみたてＮＩＳＡ・日本株インデックスファンド,19172,,,1769,0
2016-05-17,三井住友・ＤＣつみたてＮＩＳＡ・日本株インデックスファンド,19379,,,1791,0
2016-05-18,三井住友・ＤＣつみたてＮＩＳＡ・日本株インデックスファンド,19412,,,1795,0
2016-05-19,三井住友・ＤＣつみたてＮＩＳＡ・日本株インデックスファンド,19387,,,1792,0
2016-05-20,三井住友・ＤＣつみたてＮＩＳＡ・日本株インデックスファンド,19486,,,1804,0
2016-05-23,三井住友・ＤＣつみたてＮＩＳＡ・日本株インデックスファンド,19419,,,1802,0
2016-05-24,三井住友・ＤＣつみたてＮＩＳＡ・日本株インデックスファンド,19241,,,1788,0
2016-05-25,三井住友・ＤＣつみたてＮＩＳＡ・日本株インデックスファンド,19480,,,1812,0
2016-05-26,三井住友・ＤＣつみたてＮＩＳＡ・日本株インデックスファンド,19479,,,1816,0
2016-05-27,三井住友・ＤＣつみたてＮＩＳＡ・日本株インデックスファンド,19582,,,1830,0
2016-05-30,三井住友・ＤＣつみたてＮＩＳＡ・日本株インデックスファンド,19815,,,1945,0
2016-05-31,三井住友・ＤＣつみたてＮＩＳＡ・日本株インデックスファンド,20013,,,1969,0
2016-06-01,三井住友・ＤＣつみたてＮＩＳＡ・日本株インデックスファンド,19757,,,1961,0
2016-06-02,三井住友・ＤＣつみたてＮＩＳＡ・日本株インデックスファンド,19319,,,1917,0
2016-06-03,三井住友・ＤＣつみたてＮＩＳＡ・日本株インデックスファンド,19397,,,1925,0
2016-06-06,三井住友・ＤＣつみたてＮＩＳＡ・日本株インデックスファンド,19326,,,1918,0
2016-06-07,三井住友・ＤＣつみたてＮＩＳＡ・日本株インデックスファンド,19447,,,2000,0
2016-06-08,三井住友・ＤＣつみたてＮＩＳＡ・日本株インデックスファンド,19596,,,2016,0
2016-06-09,三井住友・ＤＣつみたてＮＩＳＡ・日本株インデックスファンド,19398,,,1995,0
2016-06-10,三井住友・ＤＣつみたてＮＩＳＡ・日本株インデックスファンド,19300,,,1983,0
2016-06-13,三井住友・ＤＣつみたてＮＩＳＡ・日本株インデックスファンド,18629,,,1915,0
2016-06-14,三井住友・ＤＣつみたてＮＩＳＡ・日本株インデックスファンド,18447,,,1897,0
2016-06-15,三井住友・ＤＣつみたてＮＩＳＡ・日本株インデックスファンド,18523,,,1906,0
2016-06-16,三井住友・ＤＣつみたてＮＩＳＡ・日本株インデックスファンド,18005,,,1862,0
2016-06-17,三井住友・ＤＣつみたてＮＩＳＡ・日本株インデックスファンド,18140,,,1876,0
2016-06-20,三井住友・ＤＣつみたてＮＩＳＡ・日本株インデックスファンド,18553,,,1919,0
2016-06-21,三井住友・ＤＣつみたてＮＩＳＡ・日本株インデックスファンド,18766,,,1942,0
2016-06-22,三井住友・ＤＣつみたてＮＩＳＡ・日本株インデックスファンド,18630,,,1932,0
2016-06-23,三井住友・ＤＣつみたてＮＩＳＡ・日本株インデックスファンド,18834,,,1961,0
2016-06-24,三井住友・ＤＣつみたてＮＩＳＡ・日本株インデックスファンド,17468,,,1820,0
2016-06-27,三井住友・ＤＣつみたてＮＩＳＡ・日本株インデックスファンド,17779,,,1849,0
2016-06-28,三井住友・ＤＣつみたてＮＩＳＡ・日本株インデックスファンド,17784,,,1850,0
2016-06-29,三井住友・ＤＣつみたてＮＩＳＡ・日本株インデックスファンド,18119,,,1937,0
2016-06-30,三井住友・ＤＣつみたてＮＩＳＡ・日本株インデックスファンド,18092,,,1938,0
2016-07-01,三井住友・ＤＣつみたてＮＩＳＡ・日本株インデックスファンド,18217,,,1952,0
2016-07-04,三井住友・ＤＣつみたてＮＩＳＡ・日本株インデックスファンド,18326,,,1964,0
2016-07-05,三井住友・ＤＣつみたてＮＩＳＡ・日本株インデックスファンド,18247,,,1957,0
2016-07-06,三井住友・ＤＣつみたてＮＩＳＡ・日本株インデックスファンド,17921,,,1922,0
2016-07-07,三井住友・ＤＣつみたてＮＩＳＡ・日本株インデックスファンド,17804,,,1909,0
2016-07-08,三井住友・ＤＣつみたてＮＩＳＡ・日本株インデックスファンド,17569,,,1883,0
2016-07-11,三井住友・ＤＣつみたてＮＩＳＡ・日本株インデックスファンド,18236,,,1955,0
2016-07-12,三井住友・ＤＣつみたてＮＩＳＡ・日本株インデックスファンド,18672,,,2003,0
2016-07-13,三井住友・ＤＣつみたてＮＩＳＡ・日本株インデックスファンド,18882,,,2025,0
2016-07-14,三井住友・ＤＣつみたてＮＩＳＡ・日本株インデックスファンド,19041,,,2050,0
2016-07-15,三井住友・ＤＣつみたてＮＩＳＡ・日本株インデックスファンド,19127,,,2059,0
2016-07-19,三井住友・ＤＣつみたてＮＩＳＡ・日本株インデックスファンド,19334,,,2079,0
2016-07-20,三井住友・ＤＣつみたてＮＩＳＡ・日本株インデックスファンド,19325,,,2078,0
2016-07-21,三井住友・ＤＣつみたてＮＩＳＡ・日本株インデックスファンド,19450,,,2091,0
2016-07-22,三井住友・ＤＣつみたてＮＩＳＡ・日本株インデックスファンド,19277,,,2073,0
2016-07-25,三井住友・ＤＣつみたてＮＩＳＡ・日本株インデックスファンド,19245,,,2075,0
2016-07-26,三井住友・ＤＣつみたてＮＩＳＡ・日本株インデックスファンド,18977,,,2045,0
2016-07-27,三井住友・ＤＣつみたてＮＩＳＡ・日本株インデックスファンド,19193,,,2067,0
2016-07-28,三井住友・ＤＣつみたてＮＩＳＡ・日本株インデックスファンド,18979,,,2095,0
2016-07-29,三井住友・ＤＣつみたてＮＩＳＡ・日本株インデックスファンド,19209,,,2118,0
2016-08-01,三井住友・ＤＣつみたてＮＩＳＡ・日本株インデックスファンド,19194,,,2114,0
2016-08-02,三井住友・ＤＣつみたてＮＩＳＡ・日本株インデックスファンド,18880,,,2080,0
2016-08-03,三井住友・ＤＣつみたてＮＩＳＡ・日本株インデックスファンド,18470,,,2034,0
2016-08-04,三井住友・ＤＣつみたてＮＩＳＡ・日本株インデックスファンド,18630,,,2052,0
2016-08-05,三井住友・ＤＣつみたてＮＩＳＡ・日本株インデックスファンド,18585,,,2045,0
2016-08-08,三井住友・ＤＣつみたてＮＩＳＡ・日本株インデックスファンド,18957,,,2086,0
2016-08-09,三井住友・ＤＣつみたてＮＩＳＡ・日本株インデックスファンド,19131,,,2105,0
2016-08-10,三井住友・ＤＣつみたてＮＩＳＡ・日本株インデックスファンド,19093,,,2101,0
2016-08-12,三井住友・ＤＣつみたてＮＩＳＡ・日本株インデックスファンド,19214,,,2116,0
2016-08-15,三井住友・ＤＣつみたてＮＩＳＡ・日本株インデックスファンド,19118,,,2105,0
2016-08-16,三井住友・ＤＣつみたてＮＩＳＡ・日本株インデックスファンド,18854,,,2077,0
2016-08-17,三井住友・ＤＣつみたてＮＩＳＡ・日本株インデックスファンド,19038,,,2097,0
2016-08-18,三井住友・ＤＣつみたてＮＩＳＡ・日本株インデックスファンド,18742,,,2067,0
2016-08-19,三井住友・ＤＣつみたてＮＩＳＡ・日本株インデックスファンド,18813,,,2073,0
2016-08-22,三井住友・ＤＣつみたてＮＩＳＡ・日本株インデックスファンド,18929,,,2086,0
2016-08-23,三井住友・ＤＣつみたてＮＩＳＡ・日本株インデックスファンド,18840,,,2076,0
2016-08-24,三井住友・ＤＣつみたてＮＩＳＡ・日本株インデックスファンド,18973,,,2093,0
2016-08-25,三井住友・ＤＣつみたてＮＩＳＡ・日本株インデックスファンド,18937,,,2089,0
2016-08-26,三井住友・ＤＣつみたてＮＩＳＡ・日本株インデックスファンド,18700,,,2060,0
2016-08-29,三井住友・ＤＣつみたてＮＩＳＡ・日本株インデックスファンド,19073,,,2101,0
2016-08-30,三井住友・ＤＣつみたてＮＩＳＡ・日本株インデックスファンド,19066,,,2175,0
2016-08-31,三井住友・ＤＣつみたてＮＩＳＡ・日本株インデックスファンド,19309,,,2205,0
2016-09-01,三井住友・ＤＣつみたてＮＩＳＡ・日本株インデックスファンド,19423,,,2216,0
2016-09-02,三井住友・ＤＣつみたてＮＩＳＡ・日本株インデックスファンド,19472,,,2223,0
2016-09-05,三井住友・ＤＣつみたてＮＩＳＡ・日本株インデックスファンド,19515,,,2331,0
2016-09-06,三井住友・ＤＣつみたてＮＩＳＡ・日本株インデックスファンド,19642,,,2346,0
2016-09-07,三井住友・ＤＣつみたてＮＩＳＡ・日本株インデックスファンド,19597,,,2341,0
2016-09-08,三井住友・ＤＣつみたてＮＩＳＡ・日本株インデックスファンド,19545,,,2333,0
2016-09-09,三井住友・ＤＣつみたてＮＩＳＡ・日本株インデックスファンド,19514,,,2329,0
2016-09-12,三井住友・ＤＣつみたてＮＩＳＡ・日本株インデックスファンド,19212,,,2293,0
2016-09-13,三井住友・ＤＣつみたてＮＩＳＡ・日本株インデックスファンド,19211,,,2295,0
2016-09-14,三井住友・ＤＣつみたてＮＩＳＡ・日本株インデックスファンド,19090,,,2280,0
2016-09-15,三井住友・ＤＣつみたてＮＩＳＡ・日本株インデックスファンド,18892,,,2256,0
2016-09-16,三井住友・ＤＣつみたてＮＩＳＡ・日本株インデックスファンド,19043,,,2272,0
2016-09-20,三井住友・ＤＣつみたてＮＩＳＡ・日本株インデックスファンド,19122,,,2282,0
2016-09-21,三井住友・ＤＣつみたてＮＩＳＡ・日本株インデックスファンド,19642,,,2344,0
2016-09-23,三井住友・ＤＣつみたてＮＩＳＡ・日本株インデックスファンド,19596,,,2338,0
2016-09-26,三井住友・ＤＣつみたてＮＩＳＡ・日本株インデックスファンド,19396,,,2317,0
2016-09-27,三井住友・ＤＣつみたてＮＩＳＡ・日本株インデックスファンド,19591,,,2351,0
2016-09-28,三井住友・ＤＣつみたてＮＩＳＡ・日本株インデックスファンド,19483,,,2396,0
2016-09-29,三井住友・ＤＣつみたてＮＩＳＡ・日本株インデックスファンド,19666,,,2425,0
2016-09-30,三井住友・ＤＣつみたてＮＩＳＡ・日本株インデックスファンド,19366,,,2392,0
2016-10-03,三井住友・ＤＣつみたてＮＩＳＡ・日本株インデックスファンド,19482,,,2410,0
2016-10-04,三井住友・ＤＣつみたてＮＩＳＡ・日本株インデックスファンド,19620,,,2435,0
2016-10-05,三井住友・ＤＣつみたてＮＩＳＡ・日本株インデックスファンド,19731,,,2461,0
2016-10-06,三井住友・ＤＣつみたてＮＩＳＡ・日本株インデックスファンド,19821,,,2474,0
2016-10-07,三井住友・ＤＣつみたてＮＩＳＡ・日本株インデックスファンド,19773,,,2475,0
2016-10-11,三井住友・ＤＣつみたてＮＩＳＡ・日本株インデックスファンド,19855,,,2486,0
2016-10-12,三井住友・ＤＣつみたてＮＩＳＡ・日本株インデックスファンド,19652,,,2461,0
2016-10-13,三井住友・ＤＣつみたてＮＩＳＡ・日本株インデックスファンド,19650,,,2459,0
2016-10-14,三井住友・ＤＣつみたてＮＩＳＡ・日本株インデックスファンド,19721,,,2467,0
2016-10-17,三井住友・ＤＣつみたてＮＩＳＡ・日本株インデックスファンド,19799,,,2478,0
2016-10-18,三井住友・ＤＣつみたてＮＩＳＡ・日本株インデックスファンド,19858,,,2488,0
2016-10-19,三井住友・ＤＣつみたてＮＩＳＡ・日本株インデックスファンド,19868,,,2491,0
2016-10-20,三井住友・ＤＣつみたてＮＩＳＡ・日本株インデックスファンド,20066,,,2518,0
2016-10-21,三井住友・ＤＣつみたてＮＩＳＡ・日本株インデックスファンド,19986,,,2518,0
2016-10-24,三井住友・ＤＣつみたてＮＩＳＡ・日本株インデックスファンド,20020,,,2528,0
2016-10-25,三井住友・ＤＣつみたてＮＩＳＡ・日本株インデックスファンド,20161,,,2558,0
2016-10-26,三井住友・ＤＣつみたてＮＩＳＡ・日本株インデックスファンド,20240,,,2573,0
2016-10-27,三井住友・ＤＣつみたてＮＩＳＡ・日本株インデックスファンド,20231,,,2586,0
2016-10-28,三井住友・ＤＣつみたてＮＩＳＡ・日本株インデックスファンド,20380,,,2666,0
2016-10-31,三井住友・ＤＣつみたてＮＩＳＡ・日本株インデックスファンド,20389,,,2671,0
2016-11-01,三井住友・ＤＣつみたてＮＩＳＡ・日本株インデックスファンド,20391,,,2682,0
2016-11-02,三井住友・ＤＣつみたてＮＩＳＡ・日本株インデックスファンド,20028,,,2638,0
2016-11-04,三井住友・ＤＣつみたてＮＩＳＡ・日本株インデックスファンド,19713,,,2603,0
2016-11-07,三井住友・ＤＣつみたてＮＩＳＡ・日本株インデックスファンド,19945,,,2644,0
2016-11-08,三井住友・ＤＣつみたてＮＩＳＡ・日本株インデックスファンド,19956,,,2658,0
2016-11-09,三井住友・ＤＣつみたてＮＩＳＡ・日本株インデックスファンド,19043,,,2540,0
2016-11-10,三井住友・ＤＣつみたてＮＩＳＡ・日本株インデックスファンド,20146,,,2719,0
2016-11-11,三井住友・ＤＣつみたてＮＩＳＡ・日本株インデックスファンド,20174,,,2715,0
2016-11-14,三井住友・ＤＣつみたてＮＩＳＡ・日本株インデックスファンド,20492,,,2750,0
2016-11-15,三井住友・ＤＣつみたてＮＩＳＡ・日本株インデックスファンド,20535,,,2757,0
2016-11-16,三井住友・ＤＣつみたてＮＩＳＡ・日本株インデックスファンド,20808,,,2794,0
2016-11-17,三井住友・ＤＣつみたてＮＩＳＡ・日本株インデックスファンド,20830,,,2848,0
2016-11-18,三井住友・ＤＣつみたてＮＩＳＡ・日本株インデックスファンド,20907,,,2862,0
2016-11-21,三井住友・ＤＣつみたてＮＩＳＡ・日本株インデックスファンド,21118,,,2898,0
2016-11-22,三井住友・ＤＣつみたてＮＩＳＡ・日本株インデックスファンド,21186,,,2906,0
2016-11-24,三井住友・ＤＣつみたてＮＩＳＡ・日本株インデックスファンド,21368,,,2932,0
2016-11-25,三井住友・ＤＣつみたてＮＩＳＡ・日本株インデックスファンド,21435,,,2949,0
2016-11-28,三井住友・ＤＣつみたてＮＩＳＡ・日本株インデックスファンド,21508,,,2954,0
2016-11-29,三井住友・ＤＣつみたてＮＩＳＡ・日本株インデックスファンド,21492,,,2959,0
2016-11-30,三井住友・ＤＣつみたてＮＩＳＡ・日本株インデックスファンド,21507,,,3039,0
2016-12-01,三井住友・ＤＣつみたてＮＩＳＡ・日本株インデックスファンド,21707,,,3077,0
2016-12-02,三井住友・ＤＣつみたてＮＩＳＡ・日本株インデックスファンド,21627,,,3103,0
2016-12-05,三井住友・ＤＣつみたてＮＩＳＡ・日本株インデックスファンド,21466,,,3085,0
2016-12-06,三井住友・ＤＣつみたてＮＩＳＡ・日本株インデックスファンド,21618,,,3112,0
2016-12-07,三井住友・ＤＣつみたてＮＩＳＡ・日本株インデックスファンド,21814,,,3136,0
2016-12-08,三井住友・ＤＣつみたてＮＩＳＡ・日本株インデックスファンド,22137,,,3184,0
2016-12-09,三井住友・ＤＣつみたてＮＩＳＡ・日本株インデックスファンド,22323,,,3218,0
2016-12-12,三井住友・ＤＣつみたてＮＩＳＡ・日本株インデックスファンド,22412,,,3237,0
2016-12-13,三井住友・ＤＣつみたてＮＩＳＡ・日本株インデックスファンド,22539,,,3260,0
2016-12-14,三井住友・ＤＣつみたてＮＩＳＡ・日本株インデックスファンド,22517,,,3256,0
2016-12-15,三井住友・ＤＣつみたてＮＩＳＡ・日本株インデックスファンド,22576,,,3278,0
2016-12-16,三井住友・ＤＣつみたてＮＩＳＡ・日本株インデックスファンド,22692,,,3314,0
2016-12-19,三井住友・ＤＣつみたてＮＩＳＡ・日本株インデックスファンド,22668,,,3317,0
2016-12-20,三井住友・ＤＣつみたてＮＩＳＡ・日本株インデックスファンド,22717,,,3330,0
2016-12-21,三井住友・ＤＣつみたてＮＩＳＡ・日本株インデックスファンド,22608,,,3284,0
2016-12-22,三井住友・ＤＣつみたてＮＩＳＡ・日本株インデックスファンド,22591,,,3280,0
2016-12-26,三井住友・ＤＣつみたてＮＩＳＡ・日本株インデックスファンド,22507,,,3268,0
2016-12-27,三井住友・ＤＣつみたてＮＩＳＡ・日本株インデックスファンド,22479,,,3260,0
2016-12-28,三井住友・ＤＣつみたてＮＩＳＡ・日本株インデックスファンド,22517,,,3328,0
2016-12-29,三井住友・ＤＣつみたてＮＩＳＡ・日本株インデックスファンド,22244,,,3295,0
2016-12-30,三井住友・ＤＣつみたてＮＩＳＡ・日本株インデックスファンド,22248,,,3305,0
2017-01-04,三井住友・ＤＣつみたてＮＩＳＡ・日本株インデックスファンド,22774,,,3385,0
2017-01-05,三井住友・ＤＣつみたてＮＩＳＡ・日本株インデックスファンド,22790,,,3389,0
2017-01-06,三井住友・ＤＣつみたてＮＩＳＡ・日本株インデックスファンド,22756,,,3371,0
2017-01-10,三井住友・ＤＣつみたてＮＩＳＡ・日本株インデックスファンド,22595,,,3353,0
2017-01-11,三井住友・ＤＣつみたてＮＩＳＡ・日本株インデックスファンド,22713,,,3383,0
2017-01-12,三井住友・ＤＣつみたてＮＩＳＡ・日本株インデックスファンド,22493,,,3358,0
2017-01-13,三井住友・ＤＣつみたてＮＩＳＡ・日本株インデックスファンド,22632,,,3389,0
2017-01-16,三井住友・ＤＣつみたてＮＩＳＡ・日本株インデックスファンド,22422,,,3361,0
2017-01-17,三井住友・ＤＣつみたてＮＩＳＡ・日本株インデックスファンド,22106,,,3334,0
2017-01-18,三井住友・ＤＣつみたてＮＩＳＡ・日本株インデックスファンド,22176,,,3364,0
2017-01-19,三井住友・ＤＣつみたてＮＩＳＡ・日本株インデックスファンド,22388,,,3398,0
2017-01-20,三井住友・ＤＣつみたてＮＩＳＡ・日本株インデックスファンド,22465,,,3408,0
2017-01-23,三井住友・ＤＣつみたてＮＩＳＡ・日本株インデックスファンド,22188,,,3373,0
2017-01-24,三井住友・ＤＣつみたてＮＩＳＡ・日本株インデックスファンド,22066,,,3366,0
2017-01-25,三井住友・ＤＣつみたてＮＩＳＡ・日本株インデックスファンド,22291,,,3415,0
2017-01-26,三井住友・ＤＣつみたてＮＩＳＡ・日本株インデックスファンド,22635,,,3476,0
2017-01-27,三井住友・ＤＣつみたてＮＩＳＡ・日本株インデックスファンド,22698,,,3492,0
2017-01-30,三井住友・ＤＣつみたてＮＩＳＡ・日本株インデックスファンド,22617,,,3524,0
2017-01-31,三井住友・ＤＣつみたてＮＩＳＡ・日本株インデックスファンド,22292,,,3475,0
2017-02-01,三井住友・ＤＣつみたてＮＩＳＡ・日本株インデックスファンド,22383,,,3492,0
2017-02-02,三井住友・ＤＣつみたてＮＩＳＡ・日本株インデックスファンド,22128,,,3458,0
2017-02-03,三井住友・ＤＣつみたてＮＩＳＡ・日本株インデックスファンド,22195,,,3491,0
2017-02-06,三井住友・ＤＣつみたてＮＩＳＡ・日本株インデックスファンド,22273,,,3514,0
2017-02-07,三井住友・ＤＣつみたてＮＩＳＡ・日本株インデックスファンド,22210,,,3519,0
2017-02-08,三井住友・ＤＣつみたてＮＩＳＡ・日本株インデックスファンド,22328,,,3541,0
2017-02-09,三井住友・ＤＣつみたてＮＩＳＡ・日本株インデックスファンド,22174,,,3531,0
2017-02-10,三井住友・ＤＣつみたてＮＩＳＡ・日本株インデックスファンド,22657,,,3624,0
2017-02-13,三井住友・ＤＣつみたてＮＩＳＡ・日本株インデックスファンド,22768,,,3661,0
2017-02-14,三井住友・ＤＣつみたてＮＩＳＡ・日本株インデックスファンド,22547,,,3637,0
2017-02-15,三井住友・ＤＣつみたてＮＩＳＡ・日本株インデックスファンド,22762,,,3704,0
2017-02-16,三井住友・ＤＣつみたてＮＩＳＡ・日本株インデックスファンド,22723,,,3719,0
2017-02-17,三井住友・ＤＣつみたてＮＩＳＡ・日本株インデックスファンド,22631,,,3716,0
2017-02-20,三井住友・ＤＣつみたてＮＩＳＡ・日本株インデックスファンド,22667,,,3738,0
2017-02-21,三井住友・ＤＣつみたてＮＩＳＡ・日本株インデックスファンド,22793,,,3763,0
2017-02-22,三井住友・ＤＣつみたてＮＩＳＡ・日本株インデックスファンド,22815,,,3775,0
2017-02-23,三井住友・ＤＣつみたてＮＩＳＡ・日本株インデックスファンド,22802,,,3789,0
2017-02-24,三井住友・ＤＣつみたてＮＩＳＡ・日本株インデックスファンド,22719,,,3780,0
2017-02-27,三井住友・ＤＣつみたてＮＩＳＡ・日本株インデックスファンド,22481,,,3742,0
2017-02-28,三井住友・ＤＣつみたてＮＩＳＡ・日本株インデックスファンド,22501,,,3750,0
2017-03-01,三井住友・ＤＣつみたてＮＩＳＡ・日本株インデックスファンド,22761,,,3860,0
2017-03-02,三井住友・ＤＣつみたてＮＩＳＡ・日本株インデックスファンド,22932,,,3902,0
2017-03-03,三井住友・ＤＣつみたてＮＩＳＡ・日本株インデックスファンド,22834,,,3883,0
2017-03-06,三井住友・ＤＣつみたてＮＩＳＡ・日本株インデックスファンド,22787,,,3874,0
2017-03-07,三井住友・ＤＣつみたてＮＩＳＡ・日本株インデックスファンド,22789,,,3895,0
2017-03-08,三井住友・ＤＣつみたてＮＩＳＡ・日本株インデックスファンド,22718,,,3885,0
2017-03-09,三井住友・ＤＣつみたてＮＩＳＡ・日本株インデックスファンド,22782,,,3908,0
2017-03-10,三井住友・ＤＣつみたてＮＩＳＡ・日本株インデックスファンド,23066,,,3970,0
2017-03-13,三井住友・ＤＣつみたてＮＩＳＡ・日本株インデックスファンド,23116,,,3980,0
2017-03-14,三井住友・ＤＣつみたてＮＩＳＡ・日本株インデックスファンド,23079,,,3980,0
2017-03-15,三井住友・ＤＣつみたてＮＩＳＡ・日本株インデックスファンド,23026,,,3979,0
2017-03-16,三井住友・ＤＣつみたてＮＩＳＡ・日本株インデックスファンド,23046,,,4011,0
2017-03-17,三井住友・ＤＣつみたてＮＩＳＡ・日本株インデックスファンド,22945,,,4015,0
2017-03-21,三井住友・ＤＣつみたてＮＩＳＡ・日本株インデックスファンド,22910,,,4016,0
2017-03-22,三井住友・ＤＣつみたてＮＩＳＡ・日本株インデックスファンド,22422,,,3937,0
2017-03-23,三井住友・ＤＣつみたてＮＩＳＡ・日本株インデックスファンド,22424,,,3953,0
2017-03-24,三井住友・ＤＣつみたてＮＩＳＡ・日本株インデックスファンド,22622,,,3995,0
2017-03-27,三井住友・ＤＣつみたてＮＩＳＡ・日本株インデックスファンド,22334,,,3955,0
2017-03-28,三井住友・ＤＣつみたてＮＩＳＡ・日本株インデックスファンド,22635,,,4017,0
2017-03-29,三井住友・ＤＣつみたてＮＩＳＡ・日本株インデックスファンド,22796,,,4114,0
2017-03-30,三井住友・ＤＣつみたてＮＩＳＡ・日本株インデックスファンド,22580,,,4089,0
2017-03-31,三井住友・ＤＣつみたてＮＩＳＡ・日本株インデックスファンド,22358,,,4060,0
2017-04-03,三井住友・ＤＣつみたてＮＩＳＡ・日本株インデックスファンド,22427,,,4080,0
2017-04-04,三井住友・ＤＣつみたてＮＩＳＡ・日本株インデックスファンド,22240,,,4051,0
2017-04-05,三井住友・ＤＣつみたてＮＩＳＡ・日本株インデックスファンド,22242,,,4050,0
2017-04-06,三井住友・ＤＣつみたてＮＩＳＡ・日本株インデックスファンド,21880,,,4001,0
2017-04-07,三井住友・ＤＣつみたてＮＩＳＡ・日本株インデックスファンド,22023,,,4032,0
2017-04-10,三井住友・ＤＣつみたてＮＩＳＡ・日本株インデックスファンド,22167,,,4070,0
2017-04-11,三井住友・ＤＣつみたてＮＩＳＡ・日本株インデックスファンド,22098,,,4061,0
2017-04-12,三井住友・ＤＣつみたてＮＩＳＡ・日本株インデックスファンド,21869,,,4020,0
2017-04-13,三井住友・ＤＣつみたてＮＩＳＡ・日本株インデックスファンド,21702,,,3999,0
2017-04-14,三井住友・ＤＣつみたてＮＩＳＡ・日本株インデックスファンド,21566,,,4040,0
2017-04-17,三井住友・ＤＣつみたてＮＩＳＡ・日本株インデックスファンド,21663,,,4071,0
2017-04-18,三井住友・ＤＣつみたてＮＩＳＡ・日本株インデックスファンド,21750,,,4094,0
2017-04-19,三井住友・ＤＣつみたてＮＩＳＡ・日本株インデックスファンド,21748,,,4097,0
2017-04-20,三井住友・ＤＣつみたてＮＩＳＡ・日本株インデックスファンド,21769,,,4113,0
2017-04-21,三井住友・ＤＣつみたてＮＩＳＡ・日本株インデックスファンド,22002,,,4155,0
2017-04-24,三井住友・ＤＣつみたてＮＩＳＡ・日本株インデックスファンド,22219,,,4208,0
2017-04-25,三井住友・ＤＣつみたてＮＩＳＡ・日本株インデックスファンド,22455,,,4271,0
2017-04-26,三井住友・ＤＣつみたてＮＩＳＡ・日本株インデックスファンド,22725,,,4344,0
2017-04-27,三井住友・ＤＣつみたてＮＩＳＡ・日本株インデックスファンド,22714,,,4349,0
2017-04-28,三井住友・ＤＣつみたてＮＩＳＡ・日本株インデックスファンド,22643,,,4399,0
2017-05-01,三井住友・ＤＣつみたてＮＩＳＡ・日本株インデックスファンド,22762,,,4421,0
2017-05-02,三井住友・ＤＣつみたてＮＩＳＡ・日本株インデックスファンド,22920,,,4457,0
2017-05-08,三井住友・ＤＣつみたてＮＩＳＡ・日本株インデックスファンド,23445,,,4571,0
2017-05-09,三井住友・ＤＣつみたてＮＩＳＡ・日本株インデックスファンド,23385,,,4566,0
2017-05-10,三井住友・ＤＣつみたてＮＩＳＡ・日本株インデックスファンド,23437,,,4597,0
2017-05-11,三井住友・ＤＣつみたてＮＩＳＡ・日本株インデックスファンド,23465,,,4586,0
2017-05-12,三井住友・ＤＣつみたてＮＩＳＡ・日本株インデックスファンド,23375,,,4577,0
2017-05-15,三井住友・ＤＣつみたてＮＩＳＡ・日本株インデックスファンド,23368,,,4593,0
2017-05-16,三井住友・ＤＣつみたてＮＩＳＡ・日本株インデックスファンド,23430,,,4621,0
2017-05-17,三井住友・ＤＣつみたてＮＩＳＡ・日本株インデックスファンド,23305,,,4603,0
2017-05-18,三井住友・ＤＣつみたてＮＩＳＡ・日本株インデックスファンド,22998,,,4560,0
2017-05-19,三井住友・ＤＣつみたてＮＩＳＡ・日本株インデックスファンド,23067,,,4648,0
2017-05-22,三井住友・ＤＣつみたてＮＩＳＡ・日本株インデックスファンド,23184,,,4676,0
2017-05-23,三井住友・ＤＣつみたてＮＩＳＡ・日本株インデックスファンド,23150,,,4683,0
2017-05-24,三井住友・ＤＣつみたてＮＩＳＡ・日本株インデックスファンド,23294,,,4724,0
2017-05-25,三井住友・ＤＣつみたてＮＩＳＡ・日本株インデックスファンド,23342,,,4750,0
2017-05-26,三井住友・ＤＣつみたてＮＩＳＡ・日本株インデックスファンド,23209,,,4741,0
2017-05-29,三井住友・ＤＣつみたてＮＩＳＡ・日本株インデックスファンド,23221,,,4752,0
2017-05-30,三井住友・ＤＣつみたてＮＩＳＡ・日本株インデックスファンド,23257,,,4878,0
2017-05-31,三井住友・ＤＣつみたてＮＩＳＡ・日本株インデックスファンド,23194,,,4877,0
2017-06-01,三井住友・ＤＣつみたてＮＩＳＡ・日本株インデックスファンド,23456,,,5014,0
2017-06-02,三井住友・ＤＣつみたてＮＩＳＡ・日本株インデックスファンド,23841,,,5132,0
2017-06-05,三井住友・ＤＣつみたてＮＩＳＡ・日本株インデックスファンド,23807,,,5131,0
2017-06-06,三井住友・ＤＣつみたてＮＩＳＡ・日本株インデックスファンド,23608,,,5108,0
2017-06-07,三井住友・ＤＣつみたてＮＩＳＡ・日本株インデックスファンド,23616,,,5133,0
2017-06-08,三井住友・ＤＣつみたてＮＩＳＡ・日本株インデックスファンド,23518,,,5160,0
2017-06-09,三井住友・ＤＣつみたてＮＩＳＡ・日本株インデックスファンド,23534,,,5209,0
2017-06-12,三井住友・ＤＣつみたてＮＩＳＡ・日本株インデックスファンド,23532,,,5220,0
2017-06-13,三井住友・ＤＣつみたてＮＩＳＡ・日本株インデックスファンド,23561,,,5245,0
2017-06-14,三井住友・ＤＣつみたてＮＩＳＡ・日本株インデックスファンド,23535,,,5256,0
2017-06-15,三井住友・ＤＣつみたてＮＩＳＡ・日本株インデックスファンド,23481,,,5357,0
2017-06-16,三井住友・ＤＣつみたてＮＩＳＡ・日本株インデックスファンド,23598,,,5395,0
2017-06-19,三井住友・ＤＣつみたてＮＩＳＡ・日本株インデックスファンド,23746,,,5441,0
2017-06-20,三井住友・ＤＣつみたてＮＩＳＡ・日本株インデックスファンド,23911,,,5482,0
2017-06-21,三井住友・ＤＣつみたてＮＩＳＡ・日本株インデックスファンド,23827,,,5494,0
2017-06-22,三井住友・ＤＣつみたてＮＩＳＡ・日本株インデックスファンド,23811,,,5521,0
2017-06-23,三井住友・ＤＣつみたてＮＩＳＡ・日本株インデックスファンド,23824,,,5539,0
2017-06-26,三井住友・ＤＣつみたてＮＩＳＡ・日本株インデックスファンド,23837,,,5547,0
2017-06-27,三井住友・ＤＣつみたてＮＩＳＡ・日本株インデックスファンド,23937,,,5583,0
2017-06-28,三井住友・ＤＣつみたてＮＩＳＡ・日本株インデックスファンド,23895,,,5798,0
2017-06-29,三井住友・ＤＣつみたてＮＩＳＡ・日本株インデックスファンド,24038,,,5856,0
2017-06-30,三井住友・ＤＣつみたてＮＩＳＡ・日本株インデックスファンド,23857,,,5820,0
2017-07-03,三井住友・ＤＣつみたてＮＩＳＡ・日本株インデックスファンド,23894,,,5836,0
2017-07-04,三井住友・ＤＣつみたてＮＩＳＡ・日本株インデックスファンド,23824,,,5830,0
2017-07-05,三井住友・ＤＣつみたてＮＩＳＡ・日本株インデックスファンド,23956,,,5881,0
2017-07-06,三井住友・ＤＣつみたてＮＩＳＡ・日本株インデックスファンド,23911,,,5892,0
2017-07-07,三井住友・ＤＣつみたてＮＩＳＡ・日本株インデックスファンド,23785,,,5884,0
2017-07-10,三井住友・ＤＣつみたてＮＩＳＡ・日本株インデックスファンド,23909,,,5924,0
2017-07-11,三井住友・ＤＣつみたてＮＩＳＡ・日本株インデックスファンド,24082,,,5980,0
2017-07-12,三井住友・ＤＣつみたてＮＩＳＡ・日本株インデックスファンド,23965,,,5965,0
2017-07-13,三井住友・ＤＣつみたてＮＩＳＡ・日本株インデックスファンド,23962,,,5989,0
2017-07-14,三井住友・ＤＣつみたてＮＩＳＡ・日本株インデックスファンド,24057,,,6118,0
2017-07-18,三井住友・ＤＣつみたてＮＩＳＡ・日本株インデックスファンド,23982,,,6103,0
2017-07-19,三井住友・ＤＣつみたてＮＩＳＡ・日本株インデックスファンド,24002,,,6087,0
2017-07-20,三井住友・ＤＣつみたてＮＩＳＡ・日本株インデックスファンド,24167,,,6144,0
2017-07-21,三井住友・ＤＣつみたてＮＩＳＡ・日本株インデックスファンド,24123,,,6151,0
2017-07-24,三井住友・ＤＣつみたてＮＩＳＡ・日本株インデックスファンド,23997,,,6137,0
2017-07-25,三井住友・ＤＣつみたてＮＩＳＡ・日本株インデックスファンド,23931,,,6140,0
2017-07-26,三井住友・ＤＣつみたてＮＩＳＡ・日本株インデックスファンド,23985,,,6175,0
2017-07-27,三井住友・ＤＣつみたてＮＩＳＡ・日本株インデックスファンド,24078,,,6221,0
2017-07-28,三井住友・ＤＣつみたてＮＩＳＡ・日本株インデックスファンド,24000,,,6288,0
2017-07-31,三井住友・ＤＣつみたてＮＩＳＡ・日本株インデックスファンド,23958,,,6290,0
2017-08-01,三井住友・ＤＣつみたてＮＩＳＡ・日本株インデックスファンド,24105,,,6341,0
2017-08-02,三井住友・ＤＣつみたてＮＩＳＡ・日本株インデックスファンド,24192,,,6363,0
2017-08-03,三井住友・ＤＣつみたてＮＩＳＡ・日本株インデックスファンド,24183,,,6357,0
2017-08-04,三井住友・ＤＣつみたてＮＩＳＡ・日本株インデックスファンド,24150,,,6361,0
2017-08-07,三井住友・ＤＣつみたてＮＩＳＡ・日本株インデックスファンド,24264,,,6392,0
2017-08-08,三井住友・ＤＣつみたてＮＩＳＡ・日本株インデックスファンド,24207,,,6382,0
2017-08-09,三井住友・ＤＣつみたてＮＩＳＡ・日本株インデックスファンド,23949,,,6328,0
2017-08-10,三井住友・ＤＣつみたてＮＩＳＡ・日本株インデックスファンド,23939,,,6347,0
2017-08-14,三井住友・ＤＣつみたてＮＩＳＡ・日本株インデックスファンド,23668,,,6304,0
2017-08-15,三井住友・ＤＣつみたてＮＩＳＡ・日本株インデックスファンド,23922,,,6384,0
2017-08-16,三井住友・ＤＣつみたてＮＩＳＡ・日本株インデックスファンド,23919,,,6510,0
2017-08-17,三井住友・ＤＣつみたてＮＩＳＡ・日本株インデックスファンド,23901,,,6517,0
2017-08-18,三井住友・ＤＣつみたてＮＩＳＡ・日本株インデックスファンド,23641,,,6459,0
2017-08-21,三井住友・ＤＣつみたてＮＩＳＡ・日本株インデックスファンド,23609,,,6463,0
2017-08-22,三井住友・ＤＣつみたてＮＩＳＡ・日本株インデックスファンド,23622,,,6488,0
2017-08-23,三井住友・ＤＣつみたてＮＩＳＡ・日本株インデックスファンド,23681,,,6529,0
2017-08-24,三井住友・ＤＣつみたてＮＩＳＡ・日本株インデックスファンド,23565,,,6515,0
2017-08-25,三井住友・ＤＣつみたてＮＩＳＡ・日本株インデックスファンド,23635,,,6567,0
2017-08-28,三井住友・ＤＣつみたてＮＩＳＡ・日本株インデックスファンド,23681,,,6599,0
2017-08-29,三井住友・ＤＣつみたてＮＩＳＡ・日本株インデックスファンド,23652,,,6599,0
2017-08-30,三井住友・ＤＣつみたてＮＩＳＡ・日本株インデックスファンド,23798,,,6724,0
2017-08-31,三井住友・ＤＣつみたてＮＩＳＡ・日本株インデックスファンド,23943,,,6780,0
2017-09-01,三井住友・ＤＣつみたてＮＩＳＡ・日本株インデックスファンド,23975,,,6797,0
2017-09-04,三井住友・ＤＣつみたてＮＩＳＡ・日本株インデックスファンド,23736,,,6731,0
2017-09-05,三井住友・ＤＣつみたてＮＩＳＡ・日本株インデックスファンド,23547,,,6682,0
2017-09-06,三井住友・ＤＣつみたてＮＩＳＡ・日本株インデックスファンド,23565,,,6690,0
2017-09-07,三井住友・ＤＣつみたてＮＩＳＡ・日本株インデックスファンド,23659,,,6729,0
2017-09-08,三井住友・ＤＣつみたてＮＩＳＡ・日本株インデックスファンド,23589,,,6717,0
2017-09-11,三井住友・ＤＣつみたてＮＩＳＡ・日本株インデックスファンド,23865,,,6803,0
2017-09-12,三井住友・ＤＣつみたてＮＩＳＡ・日本株インデックスファンド,24090,,,6889,0
2017-09-13,三井住友・ＤＣつみたてＮＩＳＡ・日本株インデックスファンド,24236,,,6950,0
2017-09-14,三井住友・ＤＣつみたてＮＩＳＡ・日本株インデックスファンド,24159,,,6946,0
2017-09-15,三井住友・ＤＣつみたてＮＩＳＡ・日本株インデックスファンド,24261,,,7120,0
2017-09-19,三井住友・ＤＣつみたてＮＩＳＡ・日本株インデックスファンド,24687,,,7250,0
2017-09-20,三井住友・ＤＣつみたてＮＩＳＡ・日本株インデックスファンド,24688,,,7260,0
2017-09-21,三井住友・ＤＣつみたてＮＩＳＡ・日本株インデックスファンド,24701,,,7262,0
2017-09-22,三井住友・ＤＣつみたてＮＩＳＡ・日本株インデックスファンド,24640,,,7260,0
2017-09-25,三井住友・ＤＣつみたてＮＩＳＡ・日本株インデックスファンド,24761,,,7306,0
2017-09-26,三井住友・ＤＣつみたてＮＩＳＡ・日本株インデックスファンド,24758,,,7310,0
2017-09-27,三井住友・ＤＣつみたてＮＩＳＡ・日本株インデックスファンド,24827,,,7350,0
2017-09-28,三井住友・ＤＣつみたてＮＩＳＡ・日本株インデックスファンド,24999,,,7495,0
2017-09-29,三井住友・ＤＣつみたてＮＩＳＡ・日本株インデックスファンド,24978,,,7508,0
2017-10-02,三井住友・ＤＣつみたてＮＩＳＡ・日本株インデックスファンド,24961,,,7519,0
2017-10-03,三井住友・ＤＣつみたてＮＩＳＡ・日本株インデックスファンド,25121,,,7561,0
2017-10-04,三井住友・ＤＣつみたてＮＩＳＡ・日本株インデックスファンド,25123,,,7707,0
2017-10-05,三井住友・ＤＣつみたてＮＩＳＡ・日本株インデックスファンド,25092,,,7707,0
2017-10-06,三井住友・ＤＣつみたてＮＩＳＡ・日本株インデックスファンド,25162,,,7741,0
2017-10-10,三井住友・ＤＣつみたてＮＩＳＡ・日本株インデックスファンド,25280,,,7796,0
2017-10-11,三井住友・ＤＣつみたてＮＩＳＡ・日本株インデックスファンド,25304,,,7818,0
2017-10-12,三井住友・ＤＣつみたてＮＩＳＡ・日本株インデックスファンド,25354,,,7840,0
2017-10-13,三井住友・ＤＣつみたてＮＩＳＡ・日本株インデックスファンド,25482,,,7897,0
2017-10-16,三井住友・ＤＣつみたてＮＩＳＡ・日本株インデックスファンド,25638,,,7978,0
2017-10-17,三井住友・ＤＣつみたてＮＩＳＡ・日本株インデックスファンド,25700,,,8150,0
2017-10-18,三井住友・ＤＣつみたてＮＩＳＡ・日本株インデックスファンド,25718,,,8179,0
2017-10-19,三井住友・ＤＣつみたてＮＩＳＡ・日本株インデックスファンド,25800,,,8204,0
2017-10-20,三井住友・ＤＣつみたてＮＩＳＡ・日本株インデックスファンド,25807,,,8233,0
2017-10-23,三井住友・ＤＣつみたてＮＩＳＡ・日本株インデックスファンド,26026,,,8325,0
2017-10-24,三井住友・ＤＣつみたてＮＩＳＡ・日本株インデックスファンド,26199,,,8407,0
2017-10-25,三井住友・ＤＣつみたてＮＩＳＡ・日本株インデックスファンド,26118,,,8416,0
2017-10-26,三井住友・ＤＣつみたてＮＩＳＡ・日本株インデックスファンド,26156,,,8457,0
2017-10-27,三井住友・ＤＣつみたてＮＩＳＡ・日本株インデックスファンド,26413,,,8587,0
2017-10-30,三井住友・ＤＣつみたてＮＩＳＡ・日本株インデックスファンド,26408,,,8724,0
2017-10-31,三井住友・ＤＣつみたてＮＩＳＡ・日本株インデックスファンド,26336,,,8716,0
2017-11-01,三井住友・ＤＣつみたてＮＩＳＡ・日本株インデックスファンド,26647,,,8838,0
2017-11-02,三井住友・ＤＣつみたてＮＩＳＡ・日本株インデックスファンド,26756,,,8902,0
2017-11-06,三井住友・ＤＣつみたてＮＩＳＡ・日本株インデックスファンド,26737,,,8922,0
2017-11-07,三井住友・ＤＣつみたてＮＩＳＡ・日本株インデックスファンド,27046,,,9116,0
2017-11-08,三井住友・ＤＣつみたてＮＩＳＡ・日本株インデックスファンド,27110,,,9158,0
2017-11-09,三井住友・ＤＣつみたてＮＩＳＡ・日本株インデックスファンド,27042,,,9186,0
2017-11-10,三井住友・ＤＣつみたてＮＩＳＡ・日本株インデックスファンド,26851,,,9134,0
2017-11-13,三井住友・ＤＣつみたてＮＩＳＡ・日本株インデックスファンド,26598,,,9078,0
2017-11-14,三井住友・ＤＣつみたてＮＩＳＡ・日本株インデックスファンド,26531,,,9039,0
2017-11-15,三井住友・ＤＣつみたてＮＩＳＡ・日本株インデックスファンド,26010,,,8862,0
2017-11-16,三井住友・ＤＣつみたてＮＩＳＡ・日本株インデックスファンド,26274,,,9129,0
2017-11-17,三井住友・ＤＣつみたてＮＩＳＡ・日本株インデックスファンド,26304,,,9164,0
2017-11-20,三井住友・ＤＣつみたてＮＩＳＡ・日本株インデックスファンド,26242,,,9146,0
2017-11-21,三井住友・ＤＣつみたてＮＩＳＡ・日本株インデックスファンド,26414,,,9214,0
2017-11-22,三井住友・ＤＣつみたてＮＩＳＡ・日本株インデックスファンド,26503,,,9267,0
2017-11-24,三井住友・ＤＣつみたてＮＩＳＡ・日本株インデックスファンド,26555,,,9318,0
2017-11-27,三井住友・ＤＣつみたてＮＩＳＡ・日本株インデックスファンド,26495,,,9324,0
2017-11-28,三井住友・ＤＣつみたてＮＩＳＡ・日本株インデックスファンド,26427,,,9326,0
2017-11-29,三井住友・ＤＣつみたてＮＩＳＡ・日本株インデックスファンド,26636,,,9514,0
2017-11-30,三井住友・ＤＣつみたてＮＩＳＡ・日本株インデックスファンド,26725,,,9561,0
2017-12-01,三井住友・ＤＣつみたてＮＩＳＡ・日本株インデックスファンド,26790,,,9614,0
2017-12-04,三井住友・ＤＣつみたてＮＩＳＡ・日本株インデックスファンド,26645,,,9576,0
2017-12-05,三井住友・ＤＣつみたてＮＩＳＡ・日本株インデックスファンド,26708,,,9657,0
2017-12-06,三井住友・ＤＣつみたてＮＩＳＡ・日本株インデックスファンド,26325,,,9529,0
2017-12-07,三井住友・ＤＣつみたてＮＩＳＡ・日本株インデックスファンド,26637,,,9666,0
2017-12-08,三井住友・ＤＣつみたてＮＩＳＡ・日本株インデックスファンド,26897,,,9785,0
2017-12-11,三井住友・ＤＣつみたてＮＩＳＡ・日本株インデックスファンド,27038,,,9854,0
2017-12-12,三井住友・ＤＣつみたてＮＩＳＡ・日本株インデックスファンド,27065,,,9887,0
2017-12-13,三井住友・ＤＣつみたてＮＩＳＡ・日本株インデックスファンド,27001,,,9871,0
2017-12-14,三井住友・ＤＣつみたてＮＩＳＡ・日本株インデックスファンド,26960,,,9895,0
2017-12-15,三井住友・ＤＣつみたてＮＩＳＡ・日本株インデックスファンド,26742,,,9991,0
2017-12-18,三井住友・ＤＣつみたてＮＩＳＡ・日本株インデックスファンド,27107,,,10175,0
2017-12-19,三井住友・ＤＣつみたてＮＩＳＡ・日本株インデックスファンド,27065,,,10182,0
2017-12-20,三井住友・ＤＣつみたてＮＩＳＡ・日本株インデックスファンド,27154,,,10232,0
2017-12-21,三井住友・ＤＣつみたてＮＩＳＡ・日本株インデックスファンド,27177,,,10268,0
2017-12-22,三井住友・ＤＣつみたてＮＩＳＡ・日本株インデックスファンド,27273,,,10313,0
2017-12-25,三井住友・ＤＣつみたてＮＩＳＡ・日本株インデックスファンド,27315,,,10345,0
2017-12-26,三井住友・ＤＣつみたてＮＩＳＡ・日本株インデックスファンド,27242,,,10347,0
2017-12-27,三井住友・ＤＣつみたてＮＩＳＡ・日本株インデックスファンド,27316,,,10377,0
2017-12-28,三井住友・ＤＣつみたてＮＩＳＡ・日本株インデックスファンド,27156,,,10434,0
2017-12-29,三井住友・ＤＣつみたてＮＩＳＡ・日本株インデックスファンド,27133,,,10427,0
2018-01-04,三井住友・ＤＣつみたてＮＩＳＡ・日本株インデックスファンド,27823,,,10703,0
2018-01-05,三井住友・ＤＣつみたてＮＩＳＡ・日本株インデックスファンド,28070,,,10814,0
2018-01-09,三井住友・ＤＣつみたてＮＩＳＡ・日本株インデックスファンド,28203,,,10877,0
2018-01-10,三井住友・ＤＣつみたてＮＩＳＡ・日本株インデックスファンド,28245,,,10934,0
2018-01-11,三井住友・ＤＣつみたてＮＩＳＡ・日本株インデックスファンド,28184,,,10969,0
2018-01-12,三井住友・ＤＣつみたてＮＩＳＡ・日本株インデックスファンド,28007,,,10964,0
2018-01-15,三井住友・ＤＣつみたてＮＩＳＡ・日本株インデックスファンド,28121,,,11061,0
2018-01-16,三井住友・ＤＣつみたてＮＩＳＡ・日本株インデックスファンド,28275,,,11140,0
2018-01-17,三井住友・ＤＣつみたてＮＩＳＡ・日本株インデックスファンド,28224,,,11143,0
2018-01-18,三井住友・ＤＣつみたてＮＩＳＡ・日本株インデックスファンド,28016,,,11102,0
2018-01-19,三井住友・ＤＣつみたてＮＩＳＡ・日本株インデックスファンド,28207,,,11367,0
2018-01-22,三井住友・ＤＣつみたてＮＩＳＡ・日本株インデックスファンド,28239,,,11415,0
2018-01-23,三井住友・ＤＣつみたてＮＩＳＡ・日本株インデックスファンド,28524,,,11550,0
2018-01-24,三井住友・ＤＣつみたてＮＩＳＡ・日本株インデックスファンド,28377,,,11511,0
2018-01-25,三井住友・ＤＣつみたてＮＩＳＡ・日本株インデックスファンド,28128,,,11452,0
2018-01-26,三井住友・ＤＣつみたてＮＩＳＡ・日本株インデックスファンド,28051,,,11444,0
2018-01-29,三井住友・ＤＣつみたてＮＩＳＡ・日本株インデックスファンド,28068,,,11474,0
2018-01-30,三井住友・ＤＣつみたてＮＩＳＡ・日本株インデックスファンド,27734,,,11449,0
2018-01-31,三井住友・ＤＣつみたてＮＩＳＡ・日本株インデックスファンド,27414,,,11351,0
2018-02-01,三井住友・ＤＣつみたてＮＩＳＡ・日本株インデックスファンド,27918,,,11596,0
2018-02-02,三井住友・ＤＣつみたてＮＩＳＡ・日本株インデックスファンド,27826,,,11591,0
2018-02-05,三井住友・ＤＣつみたてＮＩＳＡ・日本株インデックスファンド,27220,,,11338,0
2018-02-06,三井住友・ＤＣつみたてＮＩＳＡ・日本株インデックスファンド,26021,,,10852,0
2018-02-07,三井住友・ＤＣつみたてＮＩＳＡ・日本株インデックスファンド,26119,,,10887,0
2018-02-08,三井住友・ＤＣつみたてＮＩＳＡ・日本株インデックスファンド,26354,,,10999,0
2018-02-09,三井住友・ＤＣつみたてＮＩＳＡ・日本株インデックスファンド,25849,,,10824,0
2018-02-13,三井住友・ＤＣつみたてＮＩＳＡ・日本株インデックスファンド,25621,,,10781,0
2018-02-14,三井住友・ＤＣつみたてＮＩＳＡ・日本株インデックスファンド,25413,,,10781,0
2018-02-15,三井住友・ＤＣつみたてＮＩＳＡ・日本株インデックスファンド,25660,,,10916,0
2018-02-16,三井住友・ＤＣつみたてＮＩＳＡ・日本株インデックスファンド,25931,,,11290,0
2018-02-19,三井住友・ＤＣつみたてＮＩＳＡ・日本株インデックスファンド,26494,,,11566,0
2018-02-20,三井住友・ＤＣつみたてＮＩＳＡ・日本株インデックスファンド,26305,,,11507,0
2018-02-21,三井住友・ＤＣつみたてＮＩＳＡ・日本株インデックスファンド,26292,,,11537,0
2018-02-22,三井住友・ＤＣつみたてＮＩＳＡ・日本株インデックスファンド,26061,,,11473,0
2018-02-23,三井住友・ＤＣつみたてＮＩＳＡ・日本株インデックスファンド,26276,,,11602,0
2018-02-26,三井住友・ＤＣつみたてＮＩＳＡ・日本株インデックスファンド,26497,,,11712,0
2018-02-27,三井住友・ＤＣつみたてＮＩＳＡ・日本株インデックスファンド,26727,,,11835,0
2018-02-28,三井住友・ＤＣつみたてＮＩＳＡ・日本株インデックスファンド,26396,,,11791,0
2018-03-01,三井住友・ＤＣつみたてＮＩＳＡ・日本株インデックスファンド,25976,,,11618,0
2018-03-02,三井住友・ＤＣつみたてＮＩＳＡ・日本株インデックスファンド,25500,,,11441,0
2018-03-05,三井住友・ＤＣつみたてＮＩＳＡ・日本株インデックスファンド,25299,,,11360,0
2018-03-06,三井住友・ＤＣつみたてＮＩＳＡ・日本株インデックスファンド,25620,,,11516,0
2018-03-07,三井住友・ＤＣつみたてＮＩＳＡ・日本株インデックスファンド,25435,,,11451,0
2018-03-08,三井住友・ＤＣつみたてＮＩＳＡ・日本株インデックスファンド,25524,,,11510,0
2018-03-09,三井住友・ＤＣつみたてＮＩＳＡ・日本株インデックスファンド,25608,,,11564,0
2018-03-12,三井住友・ＤＣつみたてＮＩＳＡ・日本株インデックスファンド,25995,,,11750,0
2018-03-13,三井住友・ＤＣつみたてＮＩＳＡ・日本株インデックスファンド,26139,,,11900,0
2018-03-14,三井住友・ＤＣつみたてＮＩＳＡ・日本株インデックスファンド,26021,,,11857,0
2018-03-15,三井住友・ＤＣつみたてＮＩＳＡ・日本株インデックスファンド,26027,,,11909,0
2018-03-16,三井住友・ＤＣつみたてＮＩＳＡ・日本株インデックスファンド,25921,,,12084,0
2018-03-19,三井住友・ＤＣつみたてＮＩＳＡ・日本株インデックスファンド,25672,,,11987,0
2018-03-20,三井住友・ＤＣつみたてＮＩＳＡ・日本株インデックスファンド,25617,,,11968,0
2018-03-22,三井住友・ＤＣつみたてＮＩＳＡ・日本株インデックスファンド,25784,,,12043,0
2018-03-23,三井住友・ＤＣつみたてＮＩＳＡ・日本株インデックスファンド,24849,,,11630,0
2018-03-26,三井住友・ＤＣつみたてＮＩＳＡ・日本株インデックスファンド,24945,,,11683,0
2018-03-27,三井住友・ＤＣつみたてＮＩＳＡ・日本株インデックスファンド,25630,,,12021,0
2018-03-28,三井住友・ＤＣつみたてＮＩＳＡ・日本株インデックスファンド,25607,,,12139,0
2018-03-29,三井住友・ＤＣつみたてＮＩＳＡ・日本株インデックスファンド,25673,,,12195,0
2018-03-30,三井住友・ＤＣつみたてＮＩＳＡ・日本株インデックスファンド,25857,,,12302,0
2018-04-02,三井住友・ＤＣつみたてＮＩＳＡ・日本株インデックスファンド,25744,,,12262,0
2018-04-03,三井住友・ＤＣつみたてＮＩＳＡ・日本株インデックスファンド,25669,,,12266,0
2018-04-04,三井住友・ＤＣつみたてＮＩＳＡ・日本株インデックスファンド,25705,,,12294,0
2018-04-05,三井住友・ＤＣつみたてＮＩＳＡ・日本株インデックスファンド,25983,,,12466,0
2018-04-06,三井住友・ＤＣつみたてＮＩＳＡ・日本株インデックスファンド,25905,,,12484,0
2018-04-09,三井住友・ＤＣつみたてＮＩＳＡ・日本株インデックスファンド,26003,,,12513,0
2018-04-10,三井住友・ＤＣつみたてＮＩＳＡ・日本株インデックスファンド,26094,,,12575,0
2018-04-11,三井住友・ＤＣつみたてＮＩＳＡ・日本株インデックスファンド,25993,,,12610,0
2018-04-12,三井住友・ＤＣつみたてＮＩＳＡ・日本株インデックスファンド,25891,,,12576,0
2018-04-13,三井住友・ＤＣつみたてＮＩＳＡ・日本株インデックスファンド,26053,,,12885,0
2018-04-16,三井住友・ＤＣつみたてＮＩＳＡ・日本株インデックスファンド,26156,,,12953,0
2018-04-17,三井住友・ＤＣつみたてＮＩＳＡ・日本株インデックスファンド,26061,,,12965,0
2018-04-18,三井住友・ＤＣつみたてＮＩＳＡ・日本株インデックスファンド,26359,,,13116,0
2018-04-19,三井住友・ＤＣつみたてＮＩＳＡ・日本株インデックスファンド,26366,,,13143,0
2018-04-20,三井住友・ＤＣつみたてＮＩＳＡ・日本株インデックスファンド,26380,,,13160,0
2018-04-23,三井住友・ＤＣつみたてＮＩＳＡ・日本株インデックスファンド,26375,,,13168,0
2018-04-24,三井住友・ＤＣつみたてＮＩＳＡ・日本株インデックスファンド,26660,,,13341,0
2018-04-25,三井住友・ＤＣつみたてＮＩＳＡ・日本株インデックスファンド,26631,,,13356,0
2018-04-26,三井住友・ＤＣつみたてＮＩＳＡ・日本株インデックスファンド,26698,,,13435,0
2018-04-27,三井住友・ＤＣつみたてＮＩＳＡ・日本株インデックスファンド,26778,,,13475,0
2018-05-01,三井住友・ＤＣつみたてＮＩＳＡ・日本株インデックスファンド,26734,,,13545,0
2018-05-02,三井住友・ＤＣつみたてＮＩＳＡ・日本株インデックスファンド,26693,,,13571,0
2018-05-07,三井住友・ＤＣつみたてＮＩＳＡ・日本株インデックスファンド,26718,,,13599,0
2018-05-08,三井住友・ＤＣつみたてＮＩＳＡ・日本株インデックスファンド,26819,,,13663,0
2018-05-09,三井住友・ＤＣつみたてＮＩＳＡ・日本株インデックスファンド,26715,,,13636,0
2018-05-10,三井住友・ＤＣつみたてＮＩＳＡ・日本株インデックスファンド,26788,,,13688,0
2018-05-11,三井住友・ＤＣつみたてＮＩＳＡ・日本株インデックスファンド,27052,,,13913,0
2018-05-14,三井住友・ＤＣつみたてＮＩＳＡ・日本株インデックスファンド,27219,,,14029,0
2018-05-15,三井住友・ＤＣつみたてＮＩＳＡ・日本株インデックスファンド,27208,,,14052,0
2018-05-16,三井住友・ＤＣつみたてＮＩＳＡ・日本株インデックスファンド,27138,,,14026,0
2018-05-17,三井住友・ＤＣつみたてＮＩＳＡ・日本株インデックスファンド,27259,,,14107,0
2018-05-18,三井住友・ＤＣつみたてＮＩＳＡ・日本株インデックスファンド,27362,,,14173,0
2018-05-21,三井住友・ＤＣつみたてＮＩＳＡ・日本株インデックスファンド,27339,,,14410,0
2018-05-22,三井住友・ＤＣつみたてＮＩＳＡ・日本株インデックスファンド,27275,,,14431,0
2018-05-23,三井住友・ＤＣつみたてＮＩＳＡ・日本株インデックスファンド,27092,,,14324,0
2018-05-24,三井住友・ＤＣつみたてＮＩＳＡ・日本株インデックスファンド,26763,,,14148,0
2018-05-25,三井住友・ＤＣつみたてＮＩＳＡ・日本株インデックスファンド,26703,,,14142,0
2018-05-28,三井住友・ＤＣつみたてＮＩＳＡ・日本株インデックスファンド,26685,,,14131,0
2018-05-29,三井住友・ＤＣつみたてＮＩＳＡ・日本株インデックスファンド,26554,,,14279,0
2018-05-30,三井住友・ＤＣつみたてＮＩＳＡ・日本株インデックスファンド,26166,,,14226,0
2018-05-31,三井住友・ＤＣつみたてＮＩＳＡ・日本株インデックスファンド,26337,,,14331,0
2018-06-01,三井住友・ＤＣつみたてＮＩＳＡ・日本株インデックスファンド,26364,,,14352,0
2018-06-04,三井住友・ＤＣつみたてＮＩＳＡ・日本株インデックスファンド,26748,,,14546,0
2018-06-05,三井住友・ＤＣつみたてＮＩＳＡ・日本株インデックスファンド,26751,,,14579,0
2018-06-06,三井住友・ＤＣつみたてＮＩＳＡ・日本株インデックスファンド,26792,,,14630,0
2018-06-07,三井住友・ＤＣつみたてＮＩＳＡ・日本株インデックスファンド,26964,,,14754,0
2018-06-08,三井住友・ＤＣつみたてＮＩＳＡ・日本株インデックスファンド,26849,,,14732,0
2018-06-11,三井住友・ＤＣつみたてＮＩＳＡ・日本株インデックスファンド,26931,,,14784,0
2018-06-12,三井住友・ＤＣつみたてＮＩＳＡ・日本株インデックスファンド,27020,,,14939,0
2018-06-13,三井住友・ＤＣつみたてＮＩＳＡ・日本株インデックスファンド,27133,,,15021,0
2018-06-14,三井住友・ＤＣつみたてＮＩＳＡ・日本株インデックスファンド,26884,,,14920,0
2018-06-15,三井住友・ＤＣつみたてＮＩＳＡ・日本株インデックスファンド,26961,,,15222,0
2018-06-18,三井住友・ＤＣつみたてＮＩＳＡ・日本株インデックスファンド,26695,,,15090,0
2018-06-19,三井住友・ＤＣつみたてＮＩＳＡ・日本株インデックスファンド,26281,,,14868,0
2018-06-20,三井住友・ＤＣつみたてＮＩＳＡ・日本株インデックスファンド,26413,,,14938,0
2018-06-21,三井住友・ＤＣつみたてＮＩＳＡ・日本株インデックスファンド,26380,,,14932,0
2018-06-22,三井住友・ＤＣつみたてＮＩＳＡ・日本株インデックスファンド,26295,,,14905,0
2018-06-25,三井住友・ＤＣつみたてＮＩＳＡ・日本株インデックスファンド,26045,,,14792,0
2018-06-26,三井住友・ＤＣつみたてＮＩＳＡ・日本株インデックスファンド,26087,,,14870,0
2018-06-27,三井住友・ＤＣつみたてＮＩＳＡ・日本株インデックスファンド,26125,,,14916,0
2018-06-28,三井住友・ＤＣつみたてＮＩＳＡ・日本株インデックスファンド,26057,,,15057,0
2018-06-29,三井住友・ＤＣつみたてＮＩＳＡ・日本株インデックスファンド,26117,,,15106,0
2018-07-02,三井住友・ＤＣつみたてＮＩＳＡ・日本株インデックスファンド,25578,,,14798,0
2018-07-03,三井住友・ＤＣつみたてＮＩＳＡ・日本株インデックスファンド,25540,,,14790,0
2018-07-04,三井住友・ＤＣつみたてＮＩＳＡ・日本株インデックスファンド,25548,,,14798,0
2018-07-05,三井住友・ＤＣつみたてＮＩＳＡ・日本株インデックスファンド,25289,,,14658,0
2018-07-06,三井住友・ＤＣつみたてＮＩＳＡ・日本株インデックスファンド,25522,,,14795,0
2018-07-09,三井住友・ＤＣつみたてＮＩＳＡ・日本株インデックスファンド,25828,,,14975,0
2018-07-10,三井住友・ＤＣつみたてＮＩＳＡ・日本株インデックスファンド,25893,,,15019,0
2018-07-11,三井住友・ＤＣつみたてＮＩＳＡ・日本株インデックスファンド,25677,,,15025,0
2018-07-12,三井住友・ＤＣつみたてＮＩＳＡ・日本株インデックスファンド,25795,,,15132,0
2018-07-13,三井住友・ＤＣつみたてＮＩＳＡ・日本株インデックスファンド,26103,,,15339,0
2018-07-17,三井住友・ＤＣつみたてＮＩＳＡ・日本株インデックスファンド,26330,,,15733,0
2018-07-18,三井住友・ＤＣつみたてＮＩＳＡ・日本株インデックスファンド,26422,,,15812,0
2018-07-19,三井住友・ＤＣつみたてＮＩＳＡ・日本株インデックスファンド,26397,,,15794,0
2018-07-20,三井住友・ＤＣつみたてＮＩＳＡ・日本株インデックスファンド,26327,,,15775,0
2018-07-23,三井住友・ＤＣつみたてＮＩＳＡ・日本株インデックスファンド,26232,,,15728,0
2018-07-24,三井住友・ＤＣつみたてＮＩＳＡ・日本株インデックスファンド,26355,,,15820,0
2018-07-25,三井住友・ＤＣつみたてＮＩＳＡ・日本株インデックスファンド,26454,,,15906,0
2018-07-26,三井住友・ＤＣつみたてＮＩＳＡ・日本株インデックスファンド,26641,,,16030,0
2018-07-27,三井住友・ＤＣつみたてＮＩＳＡ・日本株インデックスファンド,26793,,,16149,0
2018-07-30,三井住友・ＤＣつみたてＮＩＳＡ・日本株インデックスファンド,26677,,,16192,0
2018-07-31,三井住友・ＤＣつみたてＮＩＳＡ・日本株インデックスファンド,26452,,,16065,0
2018-08-01,三井住友・ＤＣつみたてＮＩＳＡ・日本株インデックスファンド,26702,,,16243,0
2018-08-02,三井住友・ＤＣつみたてＮＩＳＡ・日本株インデックスファンド,26435,,,16102,0
2018-08-03,三井住友・ＤＣつみたてＮＩＳＡ・日本株インデックスファンド,26291,,,16023,0
2018-08-06,三井住友・ＤＣつみたてＮＩＳＡ・日本株インデックスファンド,26144,,,15943,0
2018-08-07,三井住友・ＤＣつみたてＮＩＳＡ・日本株インデックスファンド,26343,,,16007,0
2018-08-08,三井住友・ＤＣつみたてＮＩＳＡ・日本株インデックスファンド,26321,,,16030,0
2018-08-09,三井住友・ＤＣつみたてＮＩＳＡ・日本株インデックスファンド,26254,,,15998,0
2018-08-10,三井住友・ＤＣつみたてＮＩＳＡ・日本株インデックスファンド,25951,,,15829,0
2018-08-13,三井住友・ＤＣつみたてＮＩＳＡ・日本株インデックスファンド,25398,,,15624,0
2018-08-14,三井住友・ＤＣつみたてＮＩＳＡ・日本株インデックスファンド,25812,,,15915,0
2018-08-15,三井住友・ＤＣつみたてＮＩＳＡ・日本株インデックスファンド,25616,,,16068,0
2018-08-16,三井住友・ＤＣつみたてＮＩＳＡ・日本株インデックスファンド,25451,,,16017,0
2018-08-17,三井住友・ＤＣつみたてＮＩＳＡ・日本株インデックスファンド,25607,,,16132,0
2018-08-20,三井住友・ＤＣつみたてＮＩＳＡ・日本株インデックスファンド,25525,,,16099,0
2018-08-21,三井住友・ＤＣつみたてＮＩＳＡ・日本株インデックスファンド,25424,,,16050,0
2018-08-22,三井住友・ＤＣつみたてＮＩＳＡ・日本株インデックスファンド,25619,,,16185,0
2018-08-23,三井住友・ＤＣつみたてＮＩＳＡ・日本株インデックスファンド,25617,,,16188,0
2018-08-24,三井住友・ＤＣつみたてＮＩＳＡ・日本株インデックスファンド,25784,,,16304,0
2018-08-27,三井住友・ＤＣつみたてＮＩＳＡ・日本株インデックスファンド,26080,,,16507,0
2018-08-28,三井住友・ＤＣつみたてＮＩＳＡ・日本株インデックスファンド,26121,,,16565,0
2018-08-29,三井住友・ＤＣつみたてＮＩＳＡ・日本株インデックスファンド,26247,,,16803,0
2018-08-30,三井住友・ＤＣつみたてＮＩＳＡ・日本株インデックスファンド,26240,,,16856,0
2018-08-31,三井住友・ＤＣつみたてＮＩＳＡ・日本株インデックスファンド,26182,,,16864,0
2018-09-03,三井住友・ＤＣつみたてＮＩＳＡ・日本株インデックスファンド,25956,,,16744,0
2018-09-04,三井住友・ＤＣつみたてＮＩＳＡ・日本株インデックスファンド,25952,,,16771,0
2018-09-05,三井住友・ＤＣつみたてＮＩＳＡ・日本株インデックスファンド,25750,,,16669,0
2018-09-06,三井住友・ＤＣつみたてＮＩＳＡ・日本株インデックスファンド,25561,,,16590,0
2018-09-07,三井住友・ＤＣつみたてＮＩＳＡ・日本株インデックスファンド,25441,,,16533,0
2018-09-10,三井住友・ＤＣつみたてＮＩＳＡ・日本株インデックスファンド,25488,,,16581,0
2018-09-11,三井住友・ＤＣつみたてＮＩＳＡ・日本株インデックスファンド,25658,,,16833,0
2018-09-12,三井住友・ＤＣつみたてＮＩＳＡ・日本株インデックスファンド,25545,,,16793,0
2018-09-13,三井住友・ＤＣつみたてＮＩＳＡ・日本株インデックスファンド,25826,,,17024,0
2018-09-14,三井住友・ＤＣつみたてＮＩＳＡ・日本株インデックスファンド,26108,,,17493,0
2018-09-18,三井住友・ＤＣつみたてＮＩＳＡ・日本株インデックスファンド,26581,,,17844,0
2018-09-19,三井住友・ＤＣつみたてＮＩＳＡ・日本株インデックスファンド,26970,,,18113,0
2018-09-20,三井住友・ＤＣつみたてＮＩＳＡ・日本株インデックスファンド,26999,,,18119,0
2018-09-21,三井住友・ＤＣつみたてＮＩＳＡ・日本株インデックスファンド,27248,,,18277,0
2018-09-25,三井住友・ＤＣつみたてＮＩＳＡ・日本株インデックスファンド,27526,,,18463,0
2018-09-26,三井住友・ＤＣつみたてＮＩＳＡ・日本株インデックスファンド,27732,,,18879,0
2018-09-27,三井住友・ＤＣつみたてＮＩＳＡ・日本株インデックスファンド,27404,,,18669,0
2018-09-28,三井住友・ＤＣつみたてＮＩＳＡ・日本株インデックスファンド,27664,,,18967,0
2018-10-01,三井住友・ＤＣつみたてＮＩＳＡ・日本株インデックスファンド,27676,,,18986,0
2018-10-02,三井住友・ＤＣつみたてＮＩＳＡ・日本株インデックスファンド,27767,,,19046,0
2018-10-03,三井住友・ＤＣつみたてＮＩＳＡ・日本株インデックスファンド,27442,,,18821,0
2018-10-04,三井住友・ＤＣつみたてＮＩＳＡ・日本株インデックスファンド,27417,,,18823,0
2018-10-05,三井住友・ＤＣつみたてＮＩＳＡ・日本株インデックスファンド,27287,,,18741,0
2018-10-09,三井住友・ＤＣつみたてＮＩＳＡ・日本株インデックスファンド,26806,,,18448,0
2018-10-10,三井住友・ＤＣつみたてＮＩＳＡ・日本株インデックスファンド,26849,,,18506,0
2018-10-11,三井住友・ＤＣつみたてＮＩＳＡ・日本株インデックスファンド,25903,,,17997,0
2018-10-12,三井住友・ＤＣつみたてＮＩＳＡ・日本株インデックスファンド,25911,,,18033,0
2018-10-15,三井住友・ＤＣつみたてＮＩＳＡ・日本株インデックスファンド,25499,,,17757,0
2018-10-16,三井住友・ＤＣつみたてＮＩＳＡ・日本株インデックスファンド,25689,,,17931,0
2018-10-17,三井住友・ＤＣつみたてＮＩＳＡ・日本株インデックスファンド,26088,,,18549,0
2018-10-18,三井住友・ＤＣつみたてＮＩＳＡ・日本株インデックスファンド,25944,,,18488,0
2018-10-19,三井住友・ＤＣつみたてＮＩＳＡ・日本株インデックスファンド,25765,,,18391,0
2018-10-22,三井住友・ＤＣつみたてＮＩＳＡ・日本株インデックスファンド,25803,,,18439,0
2018-10-23,三井住友・ＤＣつみたてＮＩＳＡ・日本株インデックスファンド,25119,,,17978,0
2018-10-24,三井住友・ＤＣつみたてＮＩＳＡ・日本株インデックスファンド,25142,,,18026,0
2018-10-25,三井住友・ＤＣつみたてＮＩＳＡ・日本株インデックスファンド,24365,,,17499,0
2018-10-26,三井住友・ＤＣつみたてＮＩＳＡ・日本株インデックスファンド,24291,,,17496,0
2018-10-29,三井住友・ＤＣつみたてＮＩＳＡ・日本株インデックスファンド,24191,,,17434,0
2018-10-30,三井住友・ＤＣつみたてＮＩＳＡ・日本株インデックスファンド,24525,,,17792,0
2018-10-31,三井住友・ＤＣつみたてＮＩＳＡ・日本株インデックスファンド,25051,,,18207,0
2018-11-01,三井住友・ＤＣつみたてＮＩＳＡ・日本株インデックスファンド,24835,,,18078,0
2018-11-02,三井住友・ＤＣつみたてＮＩＳＡ・日本株インデックスファンド,25246,,,18405,0
2018-11-05,三井住友・ＤＣつみたてＮＩＳＡ・日本株インデックスファンド,24964,,,18212,0
2018-11-06,三井住友・ＤＣつみたてＮＩＳＡ・日本株インデックスファンド,25257,,,18444,0
2018-11-07,三井住友・ＤＣつみたてＮＩＳＡ・日本株インデックスファンド,25151,,,18382,0
2018-11-08,三井住友・ＤＣつみたてＮＩＳＡ・日本株インデックスファンド,25590,,,18719,0
2018-11-09,三井住友・ＤＣつみたてＮＩＳＡ・日本株インデックスファンド,25463,,,18636,0
2018-11-12,三井住友・ＤＣつみたてＮＩＳＡ・日本株インデックスファンド,25447,,,18630,0
2018-11-13,三井住友・ＤＣつみたてＮＩＳＡ・日本株インデックスファンド,24935,,,18419,0
2018-11-14,三井住友・ＤＣつみたてＮＩＳＡ・日本株インデックスファンド,24980,,,18466,0
2018-11-15,三井住友・ＤＣつみたてＮＩＳＡ・日本株インデックスファンド,24945,,,18752,0
2018-11-16,三井住友・ＤＣつみたてＮＩＳＡ・日本株インデックスファンド,24797,,,18678,0
2018-11-19,三井住友・ＤＣつみたてＮＩＳＡ・日本株インデックスファンド,24925,,,18797,0
2018-11-20,三井住友・ＤＣつみたてＮＩＳＡ・日本株インデックスファンド,24745,,,18672,0
2018-11-21,三井住友・ＤＣつみたてＮＩＳＡ・日本株インデックスファンド,24596,,,18593,0
2018-11-22,三井住友・ＤＣつみたてＮＩＳＡ・日本株インデックスファンド,24795,,,18769,0
2018-11-26,三井住友・ＤＣつみたてＮＩＳＡ・日本株インデックスファンド,24845,,,18839,0
2018-11-27,三井住友・ＤＣつみたてＮＩＳＡ・日本株インデックスファンド,25028,,,18997,0
2018-11-28,三井住友・ＤＣつみたてＮＩＳＡ・日本株インデックスファンド,25173,,,19241,0
2018-11-29,三井住友・ＤＣつみたてＮＩＳＡ・日本株インデックスファンド,25261,,,19326,0
2018-11-30,三井住友・ＤＣつみたてＮＩＳＡ・日本株インデックスファンド,25384,,,19433,0
2018-12-03,三井住友・ＤＣつみたてＮＩＳＡ・日本株インデックスファンド,25713,,,19716,0
2018-12-04,三井住友・ＤＣつみたてＮＩＳＡ・日本株インデックスファンド,25105,,,19267,0
2018-12-05,三井住友・ＤＣつみたてＮＩＳＡ・日本株インデックスファンド,24971,,,19180,0
2018-12-06,三井住友・ＤＣつみたてＮＩＳＡ・日本株インデックスファンド,24516,,,18839,0
2018-12-07,三井住友・ＤＣつみたてＮＩＳＡ・日本株インデックスファンド,24665,,,18975,0
2018-12-10,三井住友・ＤＣつみたてＮＩＳＡ・日本株インデックスファンド,24198,,,18641,0
2018-12-11,三井住友・ＤＣつみたてＮＩＳＡ・日本株インデックスファンド,23979,,,18642,0
2018-12-12,三井住友・ＤＣつみたてＮＩＳＡ・日本株インデックスファンド,24457,,,19040,0
2018-12-13,三井住友・ＤＣつみたてＮＩＳＡ・日本株インデックスファンド,24610,,,19178,0
2018-12-14,三井住友・ＤＣつみたてＮＩＳＡ・日本株インデックスファンド,24234,,,19185,0
2018-12-17,三井住友・ＤＣつみたてＮＩＳＡ・日本株インデックスファンド,24265,,,19224,0
2018-12-18,三井住友・ＤＣつみたてＮＩＳＡ・日本株インデックスファンド,23784,,,18865,0
2018-12-19,三井住友・ＤＣつみたてＮＩＳＡ・日本株インデックスファンド,23687,,,18811,0
2018-12-20,三井住友・ＤＣつみたてＮＩＳＡ・日本株インデックスファンド,23090,,,18355,0
2018-12-21,三井住友・ＤＣつみたてＮＩＳＡ・日本株インデックスファンド,22650,,,18020,0
2018-12-25,三井住友・ＤＣつみたてＮＩＳＡ・日本株インデックスファンド,21542,,,17163,0
2018-12-26,三井住友・ＤＣつみたてＮＩＳＡ・日本株インデックスファンド,21827,,,17399,0
2018-12-27,三井住友・ＤＣつみたてＮＩＳＡ・日本株インデックスファンド,22891,,,18245,0
2018-12-28,三井住友・ＤＣつみたてＮＩＳＡ・日本株インデックスファンド,22779,,,18289,0
2019-01-04,三井住友・ＤＣつみたてＮＩＳＡ・日本株インデックスファンド,22427,,,18032,0
2019-01-07,三井住友・ＤＣつみたてＮＩＳＡ・日本株インデックスファンド,23060,,,18589,0
2019-01-08,三井住友・ＤＣつみたてＮＩＳＡ・日本株インデックスファンド,23150,,,18687,0
2019-01-09,三井住友・ＤＣつみたてＮＩＳＡ・日本株インデックスファンド,23403,,,18913,0
2019-01-10,三井住友・ＤＣつみたてＮＩＳＡ・日本株インデックスファンド,23202,,,18776,0
2019-01-11,三井住友・ＤＣつみたてＮＩＳＡ・日本株インデックスファンド,23319,,,19103,0
2019-01-15,三井住友・ＤＣつみたてＮＩＳＡ・日本株インデックスファンド,23518,,,19275,0
2019-01-16,三井住友・ＤＣつみたてＮＩＳＡ・日本株インデックスファンド,23442,,,19233,0
2019-01-17,三井住友・ＤＣつみたてＮＩＳＡ・日本株インデックスファンド,23523,,,19313,0
2019-01-18,三井住友・ＤＣつみたてＮＩＳＡ・日本株インデックスファンド,23744,,,19507,0
2019-01-21,三井住友・ＤＣつみたてＮＩＳＡ・日本株インデックスファンド,23877,,,19649,0
2019-01-22,三井住友・ＤＣつみたてＮＩＳＡ・日本株インデックスファンド,23725,,,19843,0
2019-01-23,三井住友・ＤＣつみたてＮＩＳＡ・日本株インデックスファンド,23581,,,19754,0
2019-01-24,三井住友・ＤＣつみたてＮＩＳＡ・日本株インデックスファンド,23665,,,19830,0
2019-01-25,三井住友・ＤＣつみたてＮＩＳＡ・日本株インデックスファンド,23871,,,20016,0
2019-01-28,三井住友・ＤＣつみたてＮＩＳＡ・日本株インデックスファンド,23710,,,19892,0
2019-01-29,三井住友・ＤＣつみたてＮＩＳＡ・日本株インデックスファンド,23736,,,19935,0
2019-01-30,三井住友・ＤＣつみたてＮＩＳＡ・日本株インデックスファンド,23641,,,19971,0
2019-01-31,三井住友・ＤＣつみたてＮＩＳＡ・日本株インデックスファンド,23895,,,20197,0
2019-02-01,三井住友・ＤＣつみたてＮＩＳＡ・日本株インデックスファンド,23852,,,20181,0
2019-02-04,三井住友・ＤＣつみたてＮＩＳＡ・日本株インデックスファンド,24107,,,20409,0
2019-02-05,三井住友・ＤＣつみたてＮＩＳＡ・日本株インデックスファンド,24130,,,20421,0
2019-02-06,三井住友・ＤＣつみたてＮＩＳＡ・日本株インデックスファンド,24117,,,20419,0
2019-02-07,三井住友・ＤＣつみたてＮＩＳＡ・日本株インデックスファンド,23918,,,20256,0
2019-02-08,三井住友・ＤＣつみたてＮＩＳＡ・日本株インデックスファンド,23466,,,19899,0
2019-02-12,三井住友・ＤＣつみたてＮＩＳＡ・日本株インデックスファンド,23974,,,20347,0
2019-02-13,三井住友・ＤＣつみたてＮＩＳＡ・日本株インデックスファンド,24229,,,20781,0
2019-02-14,三井住友・ＤＣつみたてＮＩＳＡ・日本株インデックスファンド,24236,,,20773,0
2019-02-15,三井住友・ＤＣつみたてＮＩＳＡ・日本株インデックスファンド,24045,,,20625,0
2019-02-18,三井住友・ＤＣつみたてＮＩＳＡ・日本株インデックスファンド,24423,,,21251,0
2019-02-19,三井住友・ＤＣつみたてＮＩＳＡ・日本株インデックスファンド,24491,,,21330,0
2019-02-20,三井住友・ＤＣつみたてＮＩＳＡ・日本株インデックスファンド,24597,,,21424,0
2019-02-21,三井住友・ＤＣつみたてＮＩＳＡ・日本株インデックスファンド,24595,,,21429,0
2019-02-22,三井住友・ＤＣつみたてＮＩＳＡ・日本株インデックスファンド,24536,,,21398,0
2019-02-25,三井住友・ＤＣつみたてＮＩＳＡ・日本株インデックスファンド,24709,,,21555,0
2019-02-26,三井住友・ＤＣつみたてＮＩＳＡ・日本株インデックスファンド,24660,,,21504,0
2019-02-27,三井住友・ＤＣつみたてＮＩＳＡ・日本株インデックスファンド,24709,,,21564,0
2019-02-28,三井住友・ＤＣつみたてＮＩＳＡ・日本株インデックスファンド,24514,,,21483,0
2019-03-01,三井住友・ＤＣつみたてＮＩＳＡ・日本株インデックスファンド,24637,,,21617,0
2019-03-04,三井住友・ＤＣつみたてＮＩＳＡ・日本株インデックスファンド,24817,,,21808,0
2019-03-05,三井住友・ＤＣつみたてＮＩＳＡ・日本株インデックスファンド,24691,,,21696,0
2019-03-06,三井住友・ＤＣつみたてＮＩＳＡ・日本株インデックスファンド,24629,,,21643,0
2019-03-07,三井住友・ＤＣつみたてＮＩＳＡ・日本株インデックスファンド,24421,,,21463,0
2019-03-08,三井住友・ＤＣつみたてＮＩＳＡ・日本株インデックスファンド,23974,,,21081,0
2019-03-11,三井住友・ＤＣつみたてＮＩＳＡ・日本株インデックスファンド,24113,,,21214,0
2019-03-12,三井住友・ＤＣつみたてＮＩＳＡ・日本株インデックスファンド,24480,,,21753,0
2019-03-13,三井住友・ＤＣつみたてＮＩＳＡ・日本株インデックスファンド,24274,,,21572,0
2019-03-14,三井住友・ＤＣつみたてＮＩＳＡ・日本株インデックスファンド,24217,,,21528,0
2019-03-15,三井住友・ＤＣつみたてＮＩＳＡ・日本株インデックスファンド,24436,,,21723,0
2019-03-18,三井住友・ＤＣつみたてＮＩＳＡ・日本株インデックスファンド,24606,,,22175,0
2019-03-19,三井住友・ＤＣつみたてＮＩＳＡ・日本株インデックスファンド,24553,,,22138,0
2019-03-20,三井住友・ＤＣつみたてＮＩＳＡ・日本株インデックスファンド,24616,,,22195,0
2019-03-22,三井住友・ＤＣつみたてＮＩＳＡ・日本株インデックスファンド,24657,,,22243,0
2019-03-25,三井住友・ＤＣつみたてＮＩＳＡ・日本株インデックスファンド,24051,,,21681,0
2019-03-26,三井住友・ＤＣつみたてＮＩＳＡ・日本株インデックスファンド,24669,,,22223,0
2019-03-27,三井住友・ＤＣつみたてＮＩＳＡ・日本株インデックスファンド,24807,,,22345,0
2019-03-28,三井住友・ＤＣつみたてＮＩＳＡ・日本株インデックスファンド,24397,,,22115,0
2019-03-29,三井住友・ＤＣつみたてＮＩＳＡ・日本株インデックスファンド,24532,,,22251,0
2019-04-01,三井住友・ＤＣつみたてＮＩＳＡ・日本株インデックスファンド,24902,,,22618,0
2019-04-02,三井住友・ＤＣつみたてＮＩＳＡ・日本株インデックスファンド,24838,,,22568,0
2019-04-03,三井住友・ＤＣつみたてＮＩＳＡ・日本株インデックスファンド,24996,,,22710,0
2019-04-04,三井住友・ＤＣつみたてＮＩＳＡ・日本株インデックスファンド,24967,,,22672,0
2019-04-05,三井住友・ＤＣつみたてＮＩＳＡ・日本株インデックスファンド,25055,,,22749,0
2019-04-08,三井住友・ＤＣつみたてＮＩＳＡ・日本株インデックスファンド,24969,,,22667,0
2019-04-09,三井住友・ＤＣつみたてＮＩＳＡ・日本株インデックスファンド,24945,,,22652,0
2019-04-10,三井住友・ＤＣつみたてＮＩＳＡ・日本株インデックスファンド,24777,,,22503,0
2019-04-11,三井住友・ＤＣつみたてＮＩＳＡ・日本株インデックスファンド,24758,,,22724,0
2019-04-12,三井住友・ＤＣつみたてＮＩＳＡ・日本株インデックスファンド,24742,,,22728,0
2019-04-15,三井住友・ＤＣつみたてＮＩＳＡ・日本株インデックスファンド,25089,,,23408,0
2019-04-16,三井住友・ＤＣつみたてＮＩＳＡ・日本株インデックスファンド,25065,,,23404,0
2019-04-17,三井住友・ＤＣつみたてＮＩＳＡ・日本株インデックスファンド,25130,,,23456,0
2019-04-18,三井住友・ＤＣつみたてＮＩＳＡ・日本株インデックスファンド,24889,,,23238,0
2019-04-19,三井住友・ＤＣつみたてＮＩＳＡ・日本株インデックスファンド,24917,,,23223,0
2019-04-22,三井住友・ＤＣつみたてＮＩＳＡ・日本株インデックスファンド,24945,,,23236,0
2019-04-23,三井住友・ＤＣつみたてＮＩＳＡ・日本株インデックスファンド,25011,,,23279,0
2019-04-24,三井住友・ＤＣつみたてＮＩＳＡ・日本株インデックスファンド,24843,,,23109,0
2019-04-25,三井住友・ＤＣつみたてＮＩＳＡ・日本株インデックスファンド,24975,,,23247,0
2019-04-26,三井住友・ＤＣつみたてＮＩＳＡ・日本株インデックスファンド,24936,,,23217,0
2019-05-07,三井住友・ＤＣつみたてＮＩＳＡ・日本株インデックスファンド,24659,,,22959,0
2019-05-08,三井住友・ＤＣつみたてＮＩＳＡ・日本株インデックスファンド,24233,,,22703,0
2019-05-09,三井住友・ＤＣつみたてＮＩＳＡ・日本株インデックスファンド,23900,,,22399,0
2019-05-10,三井住友・ＤＣつみたてＮＩＳＡ・日本株インデックスファンド,23881,,,22407,0
2019-05-13,三井住友・ＤＣつみたてＮＩＳＡ・日本株インデックスファンド,23755,,,22533,0
2019-05-14,三井住友・ＤＣつみたてＮＩＳＡ・日本株インデックスファンド,23660,,,22444,0
2019-05-15,三井住友・ＤＣつみたてＮＩＳＡ・日本株インデックスファンド,23803,,,22587,0
2019-05-16,三井住友・ＤＣつみたてＮＩＳＡ・日本株インデックスファンド,23704,,,22516,0
2019-05-17,三井住友・ＤＣつみたてＮＩＳＡ・日本株インデックスファンド,23963,,,22780,0
2019-05-20,三井住友・ＤＣつみたてＮＩＳＡ・日本株インデックスファンド,23971,,,22794,0
2019-05-21,三井住友・ＤＣつみたてＮＩＳＡ・日本株インデックスファンド,23900,,,22727,0
2019-05-22,三井住友・ＤＣつみたてＮＩＳＡ・日本株インデックスファンド,23836,,,22681,0
2019-05-23,三井住友・ＤＣつみたてＮＩＳＡ・日本株インデックスファンド,23749,,,22612,0
2019-05-24,三井住友・ＤＣつみたてＮＩＳＡ・日本株インデックスファンド,23759,,,22922,0
2019-05-27,三井住友・ＤＣつみたてＮＩＳＡ・日本株インデックスファンド,23849,,,23012,0
2019-05-28,三井住友・ＤＣつみたてＮＩＳＡ・日本株インデックスファンド,23910,,,23072,0
2019-05-29,三井住友・ＤＣつみたてＮＩＳＡ・日本株インデックスファンド,23684,,,22970,0
2019-05-30,三井住友・ＤＣつみたてＮＩＳＡ・日本株インデックスファンド,23618,,,22918,0
2019-05-31,三井住友・ＤＣつみたてＮＩＳＡ・日本株インデックスファンド,23312,,,22621,0
2019-06-03,三井住友・ＤＣつみたてＮＩＳＡ・日本株インデックスファンド,23107,,,22493,0
2019-06-04,三井住友・ＤＣつみたてＮＩＳＡ・日本株インデックスファンド,23108,,,22521,0
2019-06-05,三井住友・ＤＣつみたてＮＩＳＡ・日本株インデックスファンド,23587,,,23018,0
2019-06-06,三井住友・ＤＣつみたてＮＩＳＡ・日本株インデックスファンド,23507,,,22961,0
2019-06-07,三井住友・ＤＣつみたてＮＩＳＡ・日本株インデックスファンド,23622,,,23096,0
2019-06-10,三井住友・ＤＣつみたてＮＩＳＡ・日本株インデックスファンド,23940,,,23435,0
2019-06-11,三井住友・ＤＣつみたてＮＩＳＡ・日本株インデックスファンド,24067,,,23812,0
2019-06-12,三井住友・ＤＣつみたてＮＩＳＡ・日本株インデックスファンド,23957,,,23721,0
2019-06-13,三井住友・ＤＣつみたてＮＩＳＡ・日本株インデックスファンド,23760,,,23540,0
2019-06-14,三井住友・ＤＣつみたてＮＩＳＡ・日本株インデックスファンド,23841,,,23921,0
2019-06-17,三井住友・ＤＣつみたてＮＩＳＡ・日本株インデックスファンド,23734,,,23831,0
2019-06-18,三井住友・ＤＣつみたてＮＩＳＡ・日本株インデックスファンド,23563,,,23677,0
2019-06-19,三井住友・ＤＣつみたてＮＩＳＡ・日本株インデックスファンド,23972,,,24097,0
2019-06-20,三井住友・ＤＣつみたてＮＩＳＡ・日本株インデックスファンド,24044,,,24184,0
2019-06-21,三井住友・ＤＣつみたてＮＩＳＡ・日本株インデックスファンド,23828,,,23958,0
2019-06-24,三井住友・ＤＣつみたてＮＩＳＡ・日本株インデックスファンド,23857,,,23985,0
2019-06-25,三井住友・ＤＣつみたてＮＩＳＡ・日本株インデックスファンド,23789,,,23922,0
2019-06-26,三井住友・ＤＣつみたてＮＩＳＡ・日本株インデックスファンド,23682,,,23824,0
2019-06-27,三井住友・ＤＣつみたてＮＩＳＡ・日本株インデックスファンド,23974,,,24128,0
2019-06-28,三井住友・ＤＣつみたてＮＩＳＡ・日本株インデックスファンド,23943,,,24243,0
2019-07-01,三井住友・ＤＣつみたてＮＩＳＡ・日本株インデックスファンド,24465,,,24782,0
2019-07-02,三井住友・ＤＣつみたてＮＩＳＡ・日本株インデックスファンド,24541,,,24893,0
2019-07-03,三井住友・ＤＣつみたてＮＩＳＡ・日本株インデックスファンド,24380,,,24730,0
2019-07-04,三井住友・ＤＣつみたてＮＩＳＡ・日本株インデックスファンド,24538,,,24900,0
2019-07-05,三井住友・ＤＣつみたてＮＩＳＡ・日本株インデックスファンド,24581,,,24926,0
2019-07-08,三井住友・ＤＣつみたてＮＩＳＡ・日本株インデックスファンド,24362,,,24711,0
2019-07-09,三井住友・ＤＣつみたてＮＩＳＡ・日本株インデックスファンド,24306,,,24662,0
2019-07-10,三井住友・ＤＣつみたてＮＩＳＡ・日本株インデックスファンド,24251,,,24606,0
2019-07-11,三井住友・ＤＣつみたてＮＩＳＡ・日本株インデックスファンド,24364,,,25032,0
2019-07-12,三井住友・ＤＣつみたてＮＩＳＡ・日本株インデックスファンド,24328,,,25009,0
2019-07-16,三井住友・ＤＣつみたてＮＩＳＡ・日本株インデックスファンド,24211,,,24897,0
2019-07-17,三井住友・ＤＣつみたてＮＩＳＡ・日本株インデックスファンド,24190,,,25171,0
2019-07-18,三井住友・ＤＣつみたてＮＩＳＡ・日本株インデックスファンド,23678,,,24665,0
2019-07-19,三井住友・ＤＣつみたてＮＩＳＡ・日本株インデックスファンド,24136,,,25176,0
2019-07-22,三井住友・ＤＣつみたてＮＩＳＡ・日本株インデックスファンド,24018,,,25037,0
2019-07-23,三井住友・ＤＣつみたてＮＩＳＡ・日本株インデックスファンド,24211,,,25257,0
2019-07-24,三井住友・ＤＣつみたてＮＩＳＡ・日本株インデックスファンド,24308,,,25391,0
2019-07-25,三井住友・ＤＣつみたてＮＩＳＡ・日本株インデックスファンド,24351,,,25433,0
2019-07-26,三井住友・ＤＣつみたてＮＩＳＡ・日本株インデックスファンド,24252,,,25337,0
2019-07-29,三井住友・ＤＣつみたてＮＩＳＡ・日本株インデックスファンド,24205,,,25287,0
2019-07-30,三井住友・ＤＣつみたてＮＩＳＡ・日本株インデックスファンド,24317,,,25513,0
2019-07-31,三井住友・ＤＣつみたてＮＩＳＡ・日本株インデックスファンド,24157,,,25351,0
2019-08-01,三井住友・ＤＣつみたてＮＩＳＡ・日本株インデックスファンド,24190,,,25382,0
2019-08-02,三井住友・ＤＣつみたてＮＩＳＡ・日本株インデックスファンド,23665,,,24872,0
2019-08-05,三井住友・ＤＣつみたてＮＩＳＡ・日本株インデックスファンド,23240,,,24435,0
2019-08-06,三井住友・ＤＣつみたてＮＩＳＡ・日本株インデックスファンド,23137,,,24337,0
2019-08-07,三井住友・ＤＣつみたてＮＩＳＡ・日本株インデックスファンド,23148,,,24357,0
2019-08-08,三井住友・ＤＣつみたてＮＩＳＡ・日本株インデックスファンド,23129,,,24363,0
2019-08-09,三井住友・ＤＣつみたてＮＩＳＡ・日本株インデックスファンド,23208,,,24476,0
2019-08-13,三井住友・ＤＣつみたてＮＩＳＡ・日本株インデックスファンド,22940,,,24208,0
2019-08-14,三井住友・ＤＣつみたてＮＩＳＡ・日本株インデックスファンド,23140,,,24721,0
2019-08-15,三井住友・ＤＣつみたてＮＩＳＡ・日本株インデックスファンド,22899,,,24471,0
2019-08-16,三井住友・ＤＣつみたてＮＩＳＡ・日本株インデックスファンド,22921,,,24817,0
2019-08-19,三井住友・ＤＣつみたてＮＩＳＡ・日本株インデックスファンド,23063,,,24978,0
2019-08-20,三井住友・ＤＣつみたてＮＩＳＡ・日本株インデックスファンド,23254,,,25187,0
2019-08-21,三井住友・ＤＣつみたてＮＩＳＡ・日本株インデックスファンド,23109,,,25045,0
2019-08-22,三井住友・ＤＣつみたてＮＩＳＡ・日本株インデックスファンド,23119,,,25071,0
2019-08-23,三井住友・ＤＣつみたてＮＩＳＡ・日本株インデックスファンド,23184,,,25141,0
2019-08-26,三井住友・ＤＣつみたてＮＩＳＡ・日本株インデックスファンド,22810,,,24727,0
2019-08-27,三井住友・ＤＣつみたてＮＩＳＡ・日本株インデックスファンド,22987,,,24920,0
2019-08-28,三井住友・ＤＣつみたてＮＩＳＡ・日本株インデックスファンド,22999,,,25069,0
2019-08-29,三井住友・ＤＣつみたてＮＩＳＡ・日本株インデックスファンド,23003,,,25088,0
2019-08-30,三井住友・ＤＣつみたてＮＩＳＡ・日本株インデックスファンド,23337,,,25464,0
2019-09-02,三井住友・ＤＣつみたてＮＩＳＡ・日本株インデックスファンド,23233,,,25330,0
2019-09-03,三井住友・ＤＣつみたてＮＩＳＡ・日本株インデックスファンド,23321,,,25449,0
2019-09-04,三井住友・ＤＣつみたてＮＩＳＡ・日本株インデックスファンド,23259,,,25394,0
2019-09-05,三井住友・ＤＣつみたてＮＩＳＡ・日本株インデックスファンド,23684,,,25872,0
2019-09-06,三井住友・ＤＣつみたてＮＩＳＡ・日本株インデックスファンド,23726,,,25907,0
2019-09-09,三井住友・ＤＣつみたてＮＩＳＡ・日本株インデックスファンド,23943,,,26155,0
2019-09-10,三井住友・ＤＣつみたてＮＩＳＡ・日本株インデックスファンド,24048,,,26280,0
2019-09-11,三井住友・ＤＣつみたてＮＩＳＡ・日本株インデックスファンド,24444,,,26978,0
2019-09-12,三井住友・ＤＣつみたてＮＩＳＡ・日本株インデックスファンド,24621,,,27208,0
2019-09-13,三井住友・ＤＣつみたてＮＩＳＡ・日本株インデックスファンド,24849,,,27751,0
2019-09-17,三井住友・ＤＣつみたてＮＩＳＡ・日本株インデックスファンド,24923,,,27832,0
2019-09-18,三井住友・ＤＣつみたてＮＩＳＡ・日本株インデックスファンド,24799,,,27663,0
2019-09-19,三井住友・ＤＣつみたてＮＩＳＡ・日本株インデックスファンド,24940,,,27791,0
2019-09-20,三井住友・ＤＣつみたてＮＩＳＡ・日本株インデックスファンド,24949,,,27777,0
2019-09-24,三井住友・ＤＣつみたてＮＩＳＡ・日本株インデックスファンド,25052,,,27885,0
2019-09-25,三井住友・ＤＣつみたてＮＩＳＡ・日本株インデックスファンド,25007,,,27800,0
2019-09-26,三井住友・ＤＣつみたてＮＩＳＡ・日本株インデックスファンド,25056,,,27848,0
2019-09-27,三井住友・ＤＣつみたてＮＩＳＡ・日本株インデックスファンド,24998,,,27772,0
2019-09-30,三井住友・ＤＣつみたてＮＩＳＡ・日本株インデックスファンド,24743,,,27609,0
2019-10-01,三井住友・ＤＣつみたてＮＩＳＡ・日本株インデックスファンド,24982,,,27869,0
2019-10-02,三井住友・ＤＣつみたてＮＩＳＡ・日本株インデックスファンド,24874,,,27770,0
2019-10-03,三井住友・ＤＣつみたてＮＩＳＡ・日本株インデックスファンド,24445,,,27295,0
2019-10-04,三井住友・ＤＣつみたてＮＩＳＡ・日本株インデックスファンド,24508,,,27364,0
2019-10-07,三井住友・ＤＣつみたてＮＩＳＡ・日本株インデックスファンド,24507,,,27381,0
2019-10-08,三井住友・ＤＣつみたてＮＩＳＡ・日本株インデックスファンド,24722,,,27628,0
2019-10-09,三井住友・ＤＣつみたてＮＩＳＡ・日本株インデックスファンド,24646,,,27563,0
2019-10-10,三井住友・ＤＣつみたてＮＩＳＡ・日本株インデックスファンド,24643,,,27584,0
2019-10-11,三井住友・ＤＣつみたてＮＩＳＡ・日本株インデックスファンド,24859,,,28081,0
2019-10-15,三井住友・ＤＣつみたてＮＩＳＡ・日本株インデックスファンド,25247,,,28538,0
2019-10-16,三井住友・ＤＣつみたてＮＩＳＡ・日本株インデックスファンド,25422,,,28739,0
2019-10-17,三井住友・ＤＣつみたてＮＩＳＡ・日本株インデックスファンド,25307,,,28903,0
2019-10-18,三井住友・ＤＣつみたてＮＩＳＡ・日本株インデックスファンド,25274,,,28856,0
2019-10-21,三井住友・ＤＣつみたてＮＩＳＡ・日本株インデックスファンド,25378,,,28959,0
2019-10-23,三井住友・ＤＣつみたてＮＩＳＡ・日本株インデックスファンド,25526,,,29116,0
2019-10-24,三井住友・ＤＣつみたてＮＩＳＡ・日本株インデックスファンド,25613,,,29213,0
2019-10-25,三井住友・ＤＣつみたてＮＩＳＡ・日本株インデックスファンド,25687,,,29277,0
2019-10-28,三井住友・ＤＣつみたてＮＩＳＡ・日本株インデックスファンド,25685,,,29258,0
2019-10-29,三井住友・ＤＣつみたてＮＩＳＡ・日本株インデックスファンド,25909,,,29505,0
2019-10-30,三井住友・ＤＣつみたてＮＩＳＡ・日本株インデックスファンド,25963,,,29660,0
2019-10-31,三井住友・ＤＣつみたてＮＩＳＡ・日本株インデックスファンド,25982,,,29675,0
2019-11-01,三井住友・ＤＣつみたてＮＩＳＡ・日本株インデックスファンド,25975,,,29644,0
2019-11-05,三井住友・ＤＣつみたてＮＩＳＡ・日本株インデックスファンド,26407,,,30150,0
2019-11-06,三井住友・ＤＣつみたてＮＩＳＡ・日本株インデックスファンド,26410,,,30146,0
2019-11-07,三井住友・ＤＣつみたてＮＩＳＡ・日本株インデックスファンド,26470,,,30200,0
2019-11-08,三井住友・ＤＣつみたてＮＩＳＡ・日本株インデックスファンド,26540,,,30248,0
2019-11-11,三井住友・ＤＣつみたてＮＩＳＡ・日本株インデックスファンド,26558,,,30250,0
2019-11-12,三井住友・ＤＣつみたてＮＩＳＡ・日本株インデックスファンド,26648,,,30674,0
2019-11-13,三井住友・ＤＣつみたてＮＩＳＡ・日本株インデックスファンド,26499,,,30505,0
2019-11-14,三井住友・ＤＣつみたてＮＩＳＡ・日本株インデックスファンド,26249,,,30215,0
2019-11-15,三井住友・ＤＣつみたてＮＩＳＡ・日本株インデックスファンド,26442,,,30429,0
2019-11-18,三井住友・ＤＣつみたてＮＩＳＡ・日本株インデックスファンド,26504,,,30816,0
2019-11-19,三井住友・ＤＣつみたてＮＩＳＡ・日本株インデックスファンド,26440,,,30769,0
2019-11-20,三井住友・ＤＣつみたてＮＩＳＡ・日本株インデックスファンド,26354,,,30674,0
2019-11-21,三井住友・ＤＣつみたてＮＩＳＡ・日本株インデックスファンド,26327,,,30637,0
2019-11-22,三井住友・ＤＣつみたてＮＩＳＡ・日本株インデックスファンド,26359,,,30672,0
2019-11-25,三井住友・ＤＣつみたてＮＩＳＡ・日本株インデックスファンド,26540,,,30882,0
2019-11-26,三井住友・ＤＣつみたてＮＩＳＡ・日本株インデックスファンド,26581,,,30916,0
2019-11-27,三井住友・ＤＣつみたてＮＩＳＡ・日本株インデックスファンド,26665,,,31009,0
2019-11-28,三井住友・ＤＣつみたてＮＩＳＡ・日本株インデックスファンド,26619,,,31071,0
2019-11-29,三井住友・ＤＣつみたてＮＩＳＡ・日本株インデックスファンド,26482,,,30908,0
2019-12-02,三井住友・ＤＣつみたてＮＩＳＡ・日本株インデックスファンド,26719,,,31181,0
2019-12-03,三井住友・ＤＣつみたてＮＩＳＡ・日本株インデックスファンド,26596,,,31059,0
2019-12-04,三井住友・ＤＣつみたてＮＩＳＡ・日本株インデックスファンド,26542,,,30992,0
2019-12-05,三井住友・ＤＣつみたてＮＩＳＡ・日本株インデックスファンド,26670,,,31150,0
2019-12-06,三井住友・ＤＣつみたてＮＩＳＡ・日本株インデックスファンド,26701,,,31196,0
2019-12-09,三井住友・ＤＣつみたてＮＩＳＡ・日本株インデックスファンド,26836,,,31350,0
2019-12-10,三井住友・ＤＣつみたてＮＩＳＡ・日本株インデックスファンド,26815,,,31333,0
2019-12-11,三井住友・ＤＣつみたてＮＩＳＡ・日本株インデックスファンド,26723,,,31504,0
2019-12-12,三井住友・ＤＣつみたてＮＩＳＡ・日本株インデックスファンド,26690,,,31485,0
2019-12-13,三井住友・ＤＣつみたてＮＩＳＡ・日本株インデックスファンド,27114,,,31989,0
2019-12-16,三井住友・ＤＣつみたてＮＩＳＡ・日本株インデックスファンド,27064,,,32222,0
2019-12-17,三井住友・ＤＣつみたてＮＩＳＡ・日本株インデックスファンド,27225,,,32435,0
2019-12-18,三井住友・ＤＣつみたてＮＩＳＡ・日本株インデックスファンド,27086,,,32251,0
2019-12-19,三井住友・ＤＣつみたてＮＩＳＡ・日本株インデックスファンド,27051,,,32190,0
2019-12-20,三井住友・ＤＣつみたてＮＩＳＡ・日本株インデックスファンド,27002,,,32133,0
2019-12-23,三井住友・ＤＣつみたてＮＩＳＡ・日本株インデックスファンド,26946,,,32063,0
2019-12-24,三井住友・ＤＣつみたてＮＩＳＡ・日本株インデックスファンド,26927,,,32021,0
2019-12-25,三井住友・ＤＣつみたてＮＩＳＡ・日本株インデックスファンド,26821,,,31895,0
2019-12-26,三井住友・ＤＣつみたてＮＩＳＡ・日本株インデックスファンド,26974,,,32081,0
2019-12-27,三井住友・ＤＣつみたてＮＩＳＡ・日本株インデックスファンド,27044,,,32155,0
2019-12-30,三井住友・ＤＣつみたてＮＩＳＡ・日本株インデックスファンド,26859,,,32038,0
2020-01-06,三井住友・ＤＣつみたてＮＩＳＡ・日本株インデックスファンド,26483,,,31587,0
2020-01-07,三井住友・ＤＣつみたてＮＩＳＡ・日本株インデックスファンド,26914,,,32115,0
2020-01-08,三井住友・ＤＣつみたてＮＩＳＡ・日本株インデックスファンド,26544,,,31661,0
2020-01-09,三井住友・ＤＣつみたてＮＩＳＡ・日本株インデックスファンド,26977,,,32174,0
2020-01-10,三井住友・ＤＣつみたてＮＩＳＡ・日本株インデックスファンド,27070,,,32281,0
2020-01-14,三井住友・ＤＣつみたてＮＩＳＡ・日本株インデックスファンド,27154,,,32709,0
2020-01-15,三井住友・ＤＣつみたてＮＩＳＡ・日本株インデックスファンド,27006,,,32551,0
2020-01-16,三井住友・ＤＣつみたてＮＩＳＡ・日本株インデックスファンド,26969,,,32507,0
2020-01-17,三井住友・ＤＣつみたてＮＩＳＡ・日本株インデックスファンド,27074,,,32641,0
2020-01-20,三井住友・ＤＣつみたてＮＩＳＡ・日本株インデックスファンド,27210,,,32799,0
2020-01-21,三井住友・ＤＣつみたてＮＩＳＡ・日本株インデックスファンド,27066,,,32619,0
2020-01-22,三井住友・ＤＣつみたてＮＩＳＡ・日本株インデックスファンド,27208,,,33143,0
2020-01-23,三井住友・ＤＣつみたてＮＩＳＡ・日本株インデックスファンド,26995,,,32912,0
2020-01-24,三井住友・ＤＣつみたてＮＩＳＡ・日本株インデックスファンド,26995,,,32904,0
2020-01-27,三井住友・ＤＣつみたてＮＩＳＡ・日本株インデックスファンド,26560,,,32348,0
2020-01-28,三井住友・ＤＣつみたてＮＩＳＡ・日本株インデックスファンド,26399,,,32154,0
2020-01-29,三井住友・ＤＣつみたてＮＩＳＡ・日本株インデックスファンド,26519,,,32420,0
2020-01-30,三井住友・ＤＣつみたてＮＩＳＡ・日本株インデックスファンド,26128,,,31934,0
2020-01-31,三井住友・ＤＣつみたてＮＩＳＡ・日本株インデックスファンド,26276,,,32116,0
2020-02-03,三井住友・ＤＣつみたてＮＩＳＡ・日本株インデックスファンド,26092,,,31883,0
2020-02-04,三井住友・ＤＣつみたてＮＩＳＡ・日本株インデックスファンド,26276,,,32107,0
2020-02-05,三井住友・ＤＣつみたてＮＩＳＡ・日本株インデックスファンド,26551,,,32447,0
2020-02-06,三井住友・ＤＣつみたてＮＩＳＡ・日本株インデックスファンド,27101,,,33123,0
2020-02-07,三井住友・ＤＣつみたてＮＩＳＡ・日本株インデックスファンド,27024,,,33051,0
2020-02-10,三井住友・ＤＣつみたてＮＩＳＡ・日本株インデックスファンド,26826,,,32805,0
2020-02-12,三井住友・ＤＣつみたてＮＩＳＡ・日本株インデックスファンド,26815,,,33075,0
2020-02-13,三井住友・ＤＣつみたてＮＩＳＡ・日本株インデックスファンド,26724,,,32969,0
2020-02-14,三井住友・ＤＣつみたてＮＩＳＡ・日本株インデックスファンド,26563,,,32767,0
2020-02-17,三井住友・ＤＣつみたてＮＩＳＡ・日本株インデックスファンド,26329,,,32787,0
2020-02-18,三井住友・ＤＣつみたてＮＩＳＡ・日本株インデックスファンド,25984,,,32364,0
2020-02-19,三井住友・ＤＣつみたてＮＩＳＡ・日本株インデックスファンド,26080,,,32474,0
2020-02-20,三井住友・ＤＣつみたてＮＩＳＡ・日本株インデックスファンド,26121,,,32509,0
2020-02-21,三井住友・ＤＣつみたてＮＩＳＡ・日本株インデックスファンド,26111,,,32513,0
2020-02-25,三井住友・ＤＣつみたてＮＩＳＡ・日本株インデックスファンド,25243,,,31434,0
2020-02-26,三井住友・ＤＣつみたてＮＩＳＡ・日本株インデックスファンド,25051,,,31156,0
2020-02-27,三井住友・ＤＣつみたてＮＩＳＡ・日本株インデックスファンド,24464,,,30416,0
2020-02-28,三井住友・ＤＣつみたてＮＩＳＡ・日本株インデックスファンド,23573,,,29426,0
2020-03-02,三井住友・ＤＣつみたてＮＩＳＡ・日本株インデックスファンド,23800,,,29735,0
2020-03-03,三井住友・ＤＣつみたてＮＩＳＡ・日本株インデックスファンド,23479,,,29320,0
2020-03-04,三井住友・ＤＣつみたてＮＩＳＡ・日本株インデックスファンド,23443,,,29272,0
2020-03-05,三井住友・ＤＣつみたてＮＩＳＡ・日本株インデックスファンド,23652,,,29558,0
2020-03-06,三井住友・ＤＣつみたてＮＩＳＡ・日本株インデックスファンド,22962,,,28725,0
2020-03-09,三井住友・ＤＣつみたてＮＩＳＡ・日本株インデックスファンド,21671,,,27143,0
2020-03-10,三井住友・ＤＣつみたてＮＩＳＡ・日本株インデックスファンド,21950,,,27480,0
2020-03-11,三井住友・ＤＣつみたてＮＩＳＡ・日本株インデックスファンド,21613,,,27344,0
2020-03-12,三井住友・ＤＣつみたてＮＩＳＡ・日本株インデックスファンド,20714,,,26194,0
2020-03-13,三井住友・ＤＣつみたてＮＩＳＡ・日本株インデックスファンド,19668,,,24902,0
2020-03-16,三井住友・ＤＣつみたてＮＩＳＡ・日本株インデックスファンド,19291,,,24434,0
2020-03-17,三井住友・ＤＣつみたてＮＩＳＡ・日本株インデックスファンド,19788,,,25380,0
2020-03-18,三井住友・ＤＣつみたてＮＩＳＡ・日本株インデックスファンド,19833,,,25450,0
2020-03-19,三井住友・ＤＣつみたてＮＩＳＡ・日本株インデックスファンド,20035,,,25756,0
2020-03-23,三井住友・ＤＣつみたてＮＩＳＡ・日本株インデックスファンド,20166,,,25974,0
2020-03-24,三井住友・ＤＣつみたてＮＩＳＡ・日本株インデックスファンド,20817,,,26837,0
2020-03-25,三井住友・ＤＣつみたてＮＩＳＡ・日本株インデックスファンド,22235,,,28683,0
2020-03-26,三井住友・ＤＣつみたてＮＩＳＡ・日本株インデックスファンド,21840,,,28204,0
2020-03-27,三井住友・ＤＣつみたてＮＩＳＡ・日本株インデックスファンド,22783,,,29422,0
2020-03-30,三井住友・ＤＣつみたてＮＩＳＡ・日本株インデックスファンド,22680,,,29427,0
2020-03-31,三井住友・ＤＣつみたてＮＩＳＡ・日本株インデックスファンド,22170,,,28759,0
2020-04-01,三井住友・ＤＣつみたてＮＩＳＡ・日本株インデックスファンド,21341,,,27680,0
2020-04-02,三井住友・ＤＣつみたてＮＩＳＡ・日本株インデックスファンド,21010,,,27298,0
2020-04-03,三井住友・ＤＣつみたてＮＩＳＡ・日本株インデックスファンド,20934,,,27205,0
2020-04-06,三井住友・ＤＣつみたてＮＩＳＡ・日本株インデックスファンド,21745,,,28252,0
2020-04-07,三井住友・ＤＣつみたてＮＩＳＡ・日本株インデックスファンド,22179,,,28812,0
2020-04-08,三井住友・ＤＣつみたてＮＩＳＡ・日本株インデックスファンド,22510,,,29247,0
2020-04-09,三井住友・ＤＣつみたてＮＩＳＡ・日本株インデックスファンド,22392,,,29107,0
2020-04-10,三井住友・ＤＣつみたてＮＩＳＡ・日本株インデックスファンド,22591,,,29382,0
2020-04-13,三井住友・ＤＣつみたてＮＩＳＡ・日本株インデックスファンド,22214,,,29209,0
2020-04-14,三井住友・ＤＣつみたてＮＩＳＡ・日本株インデックスファンド,22650,,,29810,0
2020-04-15,三井住友・ＤＣつみたてＮＩＳＡ・日本株インデックスファンド,22658,,,30137,0
2020-04-16,三井住友・ＤＣつみたてＮＩＳＡ・日本株インデックスファンド,22470,,,29916,0
2020-04-17,三井住友・ＤＣつみたてＮＩＳＡ・日本株インデックスファンド,22788,,,30315,0
2020-04-20,三井住友・ＤＣつみたてＮＩＳＡ・日本株インデックスファンド,22631,,,30108,0
2020-04-21,三井住友・ＤＣつみたてＮＩＳＡ・日本株インデックスファンド,22371,,,29764,0
2020-04-22,三井住友・ＤＣつみたてＮＩＳＡ・日本株インデックスファンド,22225,,,29568,0
2020-04-23,三井住友・ＤＣつみたてＮＩＳＡ・日本株インデックスファンド,22529,,,29981,0
2020-04-24,三井住友・ＤＣつみたてＮＩＳＡ・日本株インデックスファンド,22453,,,29872,0
2020-04-27,三井住友・ＤＣつみたてＮＩＳＡ・日本株インデックスファンド,22864,,,30417,0
2020-04-28,三井住友・ＤＣつみたてＮＩＳＡ・日本株インデックスファンド,22896,,,30460,0
2020-04-30,三井住友・ＤＣつみたてＮＩＳＡ・日本株インデックスファンド,23124,,,30879,0
2020-05-01,三井住友・ＤＣつみたてＮＩＳＡ・日本株インデックスファンド,22607,,,30196,0
2020-05-07,三井住友・ＤＣつみたてＮＩＳＡ・日本株インデックスファンド,22536,,,30123,0
2020-05-08,三井住友・ＤＣつみたてＮＩＳＡ・日本株インデックスファンド,23035,,,30804,0
2020-05-11,三井住友・ＤＣつみたてＮＩＳＡ・日本株インデックスファンド,23390,,,31294,0
2020-05-12,三井住友・ＤＣつみたてＮＩＳＡ・日本株インデックスファンド,23324,,,31540,0
2020-05-13,三井住友・ＤＣつみたてＮＩＳＡ・日本株インデックスファンド,23295,,,31502,0
2020-05-14,三井住友・ＤＣつみたてＮＩＳＡ・日本株インデックスファンド,22845,,,30898,0
2020-05-15,三井住友・ＤＣつみたてＮＩＳＡ・日本株インデックスファンド,22964,,,31075,0
2020-05-18,三井住友・ＤＣつみたてＮＩＳＡ・日本株インデックスファンド,23052,,,31207,0
2020-05-19,三井住友・ＤＣつみたてＮＩＳＡ・日本株インデックスファンド,23472,,,31787,0
2020-05-20,三井住友・ＤＣつみたてＮＩＳＡ・日本株インデックスファンド,23607,,,31979,0
2020-05-21,三井住友・ＤＣつみたてＮＩＳＡ・日本株インデックスファンド,23553,,,32233,0
2020-05-22,三井住友・ＤＣつみたてＮＩＳＡ・日本株インデックスファンド,23339,,,31961,0
2020-05-25,三井住友・ＤＣつみたてＮＩＳＡ・日本株インデックスファンド,23727,,,32489,0
2020-05-26,三井住友・ＤＣつみたてＮＩＳＡ・日本株インデックスファンド,24241,,,33201,0
2020-05-27,三井住友・ＤＣつみたてＮＩＳＡ・日本株インデックスファンド,24474,,,33516,0
2020-05-28,三井住友・ＤＣつみたてＮＩＳＡ・日本株インデックスファンド,24916,,,34240,0
2020-05-29,三井住友・ＤＣつみたてＮＩＳＡ・日本株インデックスファンド,24695,,,33949,0
2020-06-01,三井住友・ＤＣつみたてＮＩＳＡ・日本株インデックスファンド,24777,,,34058,0
2020-06-02,三井住友・ＤＣつみたてＮＩＳＡ・日本株インデックスファンド,25076,,,34499,0
2020-06-03,三井住友・ＤＣつみたてＮＩＳＡ・日本株インデックスファンド,25257,,,34747,0
2020-06-04,三井住友・ＤＣつみたてＮＩＳＡ・日本株インデックスファンド,25332,,,34847,0
2020-06-05,三井住友・ＤＣつみたてＮＩＳＡ・日本株インデックスファンド,25467,,,35010,0
2020-06-08,三井住友・ＤＣつみたてＮＩＳＡ・日本株インデックスファンド,25755,,,35390,0
2020-06-09,三井住友・ＤＣつみたてＮＩＳＡ・日本株インデックスファンド,25719,,,35322,0
2020-06-10,三井住友・ＤＣつみたてＮＩＳＡ・日本株インデックスファンド,25657,,,35204,0
2020-06-11,三井住友・ＤＣつみたてＮＩＳＡ・日本株インデックスファンド,25093,,,34733,0
2020-06-12,三井住友・ＤＣつみたてＮＩＳＡ・日本株インデックスファンド,24802,,,34327,0
2020-06-15,三井住友・ＤＣつみたてＮＩＳＡ・日本株インデックスファンド,24171,,,33752,0
2020-06-16,三井住友・ＤＣつみたてＮＩＳＡ・日本株インデックスファンド,25161,,,35149,0
2020-06-17,三井住友・ＤＣつみたてＮＩＳＡ・日本株インデックスファンド,25065,,,35019,0
2020-06-18,三井住友・ＤＣつみたてＮＩＳＡ・日本株インデックスファンド,24997,,,34926,0
2020-06-19,三井住友・ＤＣつみたてＮＩＳＡ・日本株インデックスファンド,24995,,,34922,0
2020-06-22,三井住友・ＤＣつみたてＮＩＳＡ・日本株インデックスファンド,24933,,,34848,0
2020-06-23,三井住友・ＤＣつみたてＮＩＳＡ・日本株インデックスファンド,25063,,,35024,0
2020-06-24,三井住友・ＤＣつみたてＮＩＳＡ・日本株インデックスファンド,24955,,,34888,0
2020-06-25,三井住友・ＤＣつみたてＮＩＳＡ・日本株インデックスファンド,24663,,,34482,0
2020-06-26,三井住友・ＤＣつみたてＮＩＳＡ・日本株インデックスファンド,24908,,,34829,0
2020-06-29,三井住友・ＤＣつみたてＮＩＳＡ・日本株インデックスファンド,24500,,,34256,0
2020-06-30,三井住友・ＤＣつみたてＮＩＳＡ・日本株インデックスファンド,24649,,,34593,0
2020-07-01,三井住友・ＤＣつみたてＮＩＳＡ・日本株インデックスファンド,24329,,,34138,0
2020-07-02,三井住友・ＤＣつみたてＮＩＳＡ・日本株インデックスファンド,24396,,,34256,0
2020-07-03,三井住友・ＤＣつみたてＮＩＳＡ・日本株インデックスファンド,24547,,,34460,0
2020-07-06,三井住友・ＤＣつみたてＮＩＳＡ・日本株インデックスファンド,24937,,,35002,0
2020-07-07,三井住友・ＤＣつみたてＮＩＳＡ・日本株インデックスファンド,24851,,,34890,0
2020-07-08,三井住友・ＤＣつみたてＮＩＳＡ・日本株インデックスファンド,24621,,,34568,0
2020-07-09,三井住友・ＤＣつみたてＮＩＳＡ・日本株インデックスファンド,24622,,,34578,0
2020-07-10,三井住友・ＤＣつみたてＮＩＳＡ・日本株インデックスファンド,24275,,,34082,0
2020-07-13,三井住友・ＤＣつみたてＮＩＳＡ・日本株インデックスファンド,24872,,,35300,0
2020-07-14,三井住友・ＤＣつみたてＮＩＳＡ・日本株インデックスファンド,24747,,,35133,0
2020-07-15,三井住友・ＤＣつみたてＮＩＳＡ・日本株インデックスファンド,25134,,,35678,0
2020-07-16,三井住友・ＤＣつみたてＮＩＳＡ・日本株インデックスファンド,24967,,,35781,0
2020-07-17,三井住友・ＤＣつみたてＮＩＳＡ・日本株インデックスファンド,24885,,,35671,0
2020-07-20,三井住友・ＤＣつみたてＮＩＳＡ・日本株インデックスファンド,24934,,,35737,0
2020-07-21,三井住友・ＤＣつみたてＮＩＳＡ・日本株インデックスファンド,25025,,,35865,0
2020-07-22,三井住友・ＤＣつみたてＮＩＳＡ・日本株インデックスファンド,24870,,,35657,0
2020-07-27,三井住友・ＤＣつみたてＮＩＳＡ・日本株インデックスファンド,24929,,,35680,0
2020-07-28,三井住友・ＤＣつみたてＮＩＳＡ・日本株インデックスファンド,24807,,,35503,0
2020-07-29,三井住友・ＤＣつみたてＮＩＳＡ・日本株インデックスファンド,24487,,,35143,0
2020-07-30,三井住友・ＤＣつみたてＮＩＳＡ・日本株インデックスファンド,24337,,,34934,0
2020-07-31,三井住友・ＤＣつみたてＮＩＳＡ・日本株インデックスファンド,23652,,,33948,0
2020-08-03,三井住友・ＤＣつみたてＮＩＳＡ・日本株インデックスファンド,24070,,,34521,0
2020-08-04,三井住友・ＤＣつみたてＮＩＳＡ・日本株インデックスファンド,24588,,,35269,0
2020-08-05,三井住友・ＤＣつみたてＮＩＳＡ・日本株インデックスファンド,24578,,,35246,0
2020-08-06,三井住友・ＤＣつみたてＮＩＳＡ・日本株インデックスファンド,24501,,,35144,0
2020-08-07,三井住友・ＤＣつみたてＮＩＳＡ・日本株インデックスファンド,24451,,,35081,0
2020-08-11,三井住友・ＤＣつみたてＮＩＳＡ・日本株インデックスファンド,25067,,,35972,0
2020-08-12,三井住友・ＤＣつみたてＮＩＳＡ・日本株インデックスファンド,25379,,,36752,0
2020-08-13,三井住友・ＤＣつみたてＮＩＳＡ・日本株インデックスファンド,25672,,,37177,0
2020-08-14,三井住友・ＤＣつみたてＮＩＳＡ・日本株インデックスファンド,25660,,,37146,0
2020-08-17,三井住友・ＤＣつみたてＮＩＳＡ・日本株インデックスファンド,25444,,,37108,0
2020-08-18,三井住友・ＤＣつみたてＮＩＳＡ・日本株インデックスファンド,25462,,,37125,0
2020-08-19,三井住友・ＤＣつみたてＮＩＳＡ・日本株インデックスファンド,25507,,,37178,0
2020-08-20,三井住友・ＤＣつみたてＮＩＳＡ・日本株インデックスファンド,25277,,,36841,0
2020-08-21,三井住友・ＤＣつみたてＮＩＳＡ・日本株インデックスファンド,25353,,,36953,0
2020-08-24,三井住友・ＤＣつみたてＮＩＳＡ・日本株インデックスファンド,25402,,,37026,0
2020-08-25,三井住友・ＤＣつみたてＮＩＳＡ・日本株インデックスファンド,25689,,,37427,0
2020-08-26,三井住友・ＤＣつみたてＮＩＳＡ・日本株インデックスファンド,25674,,,37398,0
2020-08-27,三井住友・ＤＣつみたてＮＩＳＡ・日本株インデックスファンド,25539,,,37166,0
2020-08-28,三井住友・ＤＣつみたてＮＩＳＡ・日本株インデックスファンド,25371,,,37028,0
2020-08-31,三井住友・ＤＣつみたてＮＩＳＡ・日本株インデックスファンド,25581,,,37325,0
2020-09-01,三井住友・ＤＣつみたてＮＩＳＡ・日本株インデックスファンド,25544,,,37255,0
2020-09-02,三井住友・ＤＣつみたてＮＩＳＡ・日本株インデックスファンド,25665,,,37447,0
2020-09-03,三井住友・ＤＣつみたてＮＩＳＡ・日本株インデックスファンド,25787,,,37631,0
2020-09-04,三井住友・ＤＣつみたてＮＩＳＡ・日本株インデックスファンド,25555,,,37289,0
2020-09-07,三井住友・ＤＣつみたてＮＩＳＡ・日本株インデックスファンド,25445,,,37112,0
2020-09-08,三井住友・ＤＣつみたてＮＩＳＡ・日本株インデックスファンド,25624,,,37356,0
2020-09-09,三井住友・ＤＣつみたてＮＩＳＡ・日本株インデックスファンド,25377,,,37003,0
2020-09-10,三井住友・ＤＣつみたてＮＩＳＡ・日本株インデックスファンド,25686,,,37458,0
2020-09-11,三井住友・ＤＣつみたてＮＩＳＡ・日本株インデックスファンド,25872,,,38065,0
2020-09-14,三井住友・ＤＣつみたてＮＩＳＡ・日本株インデックスファンド,26101,,,38416,0
2020-09-15,三井住友・ＤＣつみたてＮＩＳＡ・日本株インデックスファンド,25938,,,38492,0
2020-09-16,三井住友・ＤＣつみたてＮＩＳＡ・日本株インデックスファンド,25993,,,38591,0
2020-09-17,三井住友・ＤＣつみたてＮＩＳＡ・日本株インデックスファンド,25900,,,38457,0
2020-09-18,三井住友・ＤＣつみたてＮＩＳＡ・日本株インデックスファンド,26027,,,38643,0
2020-09-23,三井住友・ＤＣつみたてＮＩＳＡ・日本株インデックスファンド,25992,,,38592,0
2020-09-24,三井住友・ＤＣつみたてＮＩＳＡ・日本株インデックスファンド,25710,,,38175,0
2020-09-25,三井住友・ＤＣつみたてＮＩＳＡ・日本株インデックスファンド,25834,,,38342,0
2020-09-28,三井住友・ＤＣつみたてＮＩＳＡ・日本株インデックスファンド,26273,,,38993,0
2020-09-29,三井住友・ＤＣつみたてＮＩＳＡ・日本株インデックスファンド,26427,,,39223,0
2020-09-30,三井住友・ＤＣつみたてＮＩＳＡ・日本株インデックスファンド,25905,,,38558,0
2020-10-01,三井住友・ＤＣつみたてＮＩＳＡ・日本株インデックスファンド,25907,,,38565,0
2020-10-02,三井住友・ＤＣつみたてＮＩＳＡ・日本株インデックスファンド,25645,,,38174,0
2020-10-05,三井住友・ＤＣつみたてＮＩＳＡ・日本株インデックスファンド,26092,,,38867,0
2020-10-06,三井住友・ＤＣつみたてＮＩＳＡ・日本株インデックスファンド,26228,,,39084,0
2020-10-07,三井住友・ＤＣつみたてＮＩＳＡ・日本株インデックスファンド,26240,,,39102,0
2020-10-08,三井住友・ＤＣつみたてＮＩＳＡ・日本株インデックスファンド,26383,,,39321,0
2020-10-09,三井住友・ＤＣつみたてＮＩＳＡ・日本株インデックスファンド,26253,,,39123,0
2020-10-12,三井住友・ＤＣつみたてＮＩＳＡ・日本株インデックスファンド,26190,,,39023,0
2020-10-13,三井住友・ＤＣつみたてＮＩＳＡ・日本株インデックスファンド,26281,,,39494,0
2020-10-14,三井住友・ＤＣつみたてＮＩＳＡ・日本株インデックスファンド,26198,,,39362,0
2020-10-15,三井住友・ＤＣつみたてＮＩＳＡ・日本株インデックスファンド,26004,,,39069,0
2020-10-16,三井住友・ＤＣつみたてＮＩＳＡ・日本株インデックスファンド,25779,,,39058,0
2020-10-19,三井住友・ＤＣつみたてＮＩＳＡ・日本株インデックスファンド,26103,,,39575,0
2020-10-20,三井住友・ＤＣつみたてＮＩＳＡ・日本株インデックスファンド,25907,,,39275,0
2020-10-21,三井住友・ＤＣつみたてＮＩＳＡ・日本株インデックスファンド,26097,,,39569,0
2020-10-22,三井住友・ＤＣつみたてＮＩＳＡ・日本株インデックスファンド,25813,,,39145,0
2020-10-23,三井住友・ＤＣつみたてＮＩＳＡ・日本株インデックスファンド,25900,,,39299,0
2020-10-26,三井住友・ＤＣつみたてＮＩＳＡ・日本株インデックスファンド,25799,,,39137,0
2020-10-27,三井住友・ＤＣつみたてＮＩＳＡ・日本株インデックスファンド,25777,,,39086,0
2020-10-28,三井住友・ＤＣつみたてＮＩＳＡ・日本株インデックスファンド,25697,,,39077,0
2020-10-29,三井住友・ＤＣつみたてＮＩＳＡ・日本株インデックスファンド,25674,,,39050,0
2020-10-30,三井住友・ＤＣつみたてＮＩＳＡ・日本株インデックスファンド,25169,,,38293,0
2020-11-02,三井住友・ＤＣつみたてＮＩＳＡ・日本株インデックスファンド,25626,,,38976,0
2020-11-04,三井住友・ＤＣつみたてＮＩＳＡ・日本株インデックスファンド,25935,,,39473,0
2020-11-05,三井住友・ＤＣつみたてＮＩＳＡ・日本株インデックスファンド,26297,,,40022,0
2020-11-06,三井住友・ＤＣつみたてＮＩＳＡ・日本株インデックスファンド,26438,,,40214,0
2020-11-09,三井住友・ＤＣつみたてＮＩＳＡ・日本株インデックスファンド,26811,,,40745,0
2020-11-10,三井住友・ＤＣつみたてＮＩＳＡ・日本株インデックスファンド,27114,,,41149,0
2020-11-11,三井住友・ＤＣつみたてＮＩＳＡ・日本株インデックスファンド,27565,,,42146,0
2020-11-12,三井住友・ＤＣつみたてＮＩＳＡ・日本株インデックスファンド,27516,,,42033,0
2020-11-13,三井住友・ＤＣつみたてＮＩＳＡ・日本株インデックスファンド,27151,,,41435,0
2020-11-16,三井住友・ＤＣつみたてＮＩＳＡ・日本株インデックスファンド,27607,,,42270,0
2020-11-17,三井住友・ＤＣつみたてＮＩＳＡ・日本株インデックスファンド,27652,,,42327,0
2020-11-18,三井住友・ＤＣつみたてＮＩＳＡ・日本株インデックスファンド,27427,,,41951,0
2020-11-19,三井住友・ＤＣつみたてＮＩＳＡ・日本株インデックスファンド,27518,,,42068,0
2020-11-20,三井住友・ＤＣつみたてＮＩＳＡ・日本株インデックスファンド,27538,,,42078,0
2020-11-24,三井住友・ＤＣつみたてＮＩＳＡ・日本株インデックスファンド,28096,,,42910,0
2020-11-25,三井住友・ＤＣつみたてＮＩＳＡ・日本株インデックスファンド,28179,,,43006,0
2020-11-26,三井住友・ＤＣつみたてＮＩＳＡ・日本株インデックスファンド,28349,,,43238,0
2020-11-27,三井住友・ＤＣつみたてＮＩＳＡ・日本株インデックスファンド,28479,,,43406,0
2020-11-30,三井住友・ＤＣつみたてＮＩＳＡ・日本株インデックスファンド,27977,,,42721,0
2020-12-01,三井住友・ＤＣつみたてＮＩＳＡ・日本株インデックスファンド,28192,,,43011,0
2020-12-02,三井住友・ＤＣつみたてＮＩＳＡ・日本株インデックスファンド,28282,,,43159,0
2020-12-03,三井住友・ＤＣつみたてＮＩＳＡ・日本株インデックスファンド,28303,,,43162,0
2020-12-04,三井住友・ＤＣつみたてＮＩＳＡ・日本株インデックスファンド,28313,,,43169,0
2020-12-07,三井住友・ＤＣつみたてＮＩＳＡ・日本株インデックスファンド,28072,,,42792,0
2020-12-08,三井住友・ＤＣつみたてＮＩＳＡ・日本株インデックスファンド,28040,,,42729,0
2020-12-09,三井住友・ＤＣつみたてＮＩＳＡ・日本株インデックスファンド,28370,,,43219,0
2020-12-10,三井住友・ＤＣつみたてＮＩＳＡ・日本株インデックスファンド,28317,,,43141,0
2020-12-11,三井住友・ＤＣつみたてＮＩＳＡ・日本株インデックスファンド,28408,,,43627,0
2020-12-14,三井住友・ＤＣつみたてＮＩＳＡ・日本株インデックスファンド,28545,,,43846,0
2020-12-15,三井住友・ＤＣつみたてＮＩＳＡ・日本株インデックスファンド,28411,,,43616,0
2020-12-16,三井住友・ＤＣつみたてＮＩＳＡ・日本株インデックスファンド,28488,,,44053,0
2020-12-17,三井住友・ＤＣつみたてＮＩＳＡ・日本株インデックスファンド,28579,,,44210,0
2020-12-18,三井住友・ＤＣつみたてＮＩＳＡ・日本株インデックスファンド,28591,,,44216,0
2020-12-21,三井住友・ＤＣつみたてＮＩＳＡ・日本株インデックスファンド,28523,,,44098,0
2020-12-22,三井住友・ＤＣつみたてＮＩＳＡ・日本株インデックスファンド,28079,,,43407,0
2020-12-23,三井住友・ＤＣつみたてＮＩＳＡ・日本株インデックスファンド,28143,,,43522,0
2020-12-24,三井住友・ＤＣつみたてＮＩＳＡ・日本株インデックスファンド,28288,,,43733,0
2020-12-25,三井住友・ＤＣつみたてＮＩＳＡ・日本株インデックスファンド,28353,,,43815,0
2020-12-28,三井住友・ＤＣつみたてＮＩＳＡ・日本株インデックスファンド,28506,,,44051,0
2020-12-29,三井住友・ＤＣつみたてＮＩＳＡ・日本株インデックスファンド,29038,,,44862,0
2020-12-30,三井住友・ＤＣつみたてＮＩＳＡ・日本株インデックスファンド,28806,,,44626,0
2021-01-04,三井住友・ＤＣつみたてＮＩＳＡ・日本株インデックスファンド,28645,,,44361,0
2021-01-05,三井住友・ＤＣつみたてＮＩＳＡ・日本株インデックスファンド,28589,,,44269,0
2021-01-06,三井住友・ＤＣつみたてＮＩＳＡ・日本株インデックスファンド,28669,,,44377,0
2021-01-07,三井住友・ＤＣつみたてＮＩＳＡ・日本株インデックスファンド,29150,,,45103,0
2021-01-08,三井住友・ＤＣつみたてＮＩＳＡ・日本株インデックスファンド,29608,,,45800,0
2021-01-12,三井住友・ＤＣつみたてＮＩＳＡ・日本株インデックスファンド,29654,,,45860,0
2021-01-13,三井住友・ＤＣつみたてＮＩＳＡ・日本株インデックスファンド,29756,,,46396,0
2021-01-14,三井住友・ＤＣつみたてＮＩＳＡ・日本株インデックスファンド,29901,,,46582,0
2021-01-15,三井住友・ＤＣつみたてＮＩＳＡ・日本株インデックスファンド,29632,,,46147,0
2021-01-18,三井住友・ＤＣつみたてＮＩＳＡ・日本株インデックスファンド,29455,,,45868,0
2021-01-19,三井住友・ＤＣつみたてＮＩＳＡ・日本株インデックスファンド,29620,,,46112,0
2021-01-20,三井住友・ＤＣつみたてＮＩＳＡ・日本株インデックスファンド,29520,,,46317,0
2021-01-21,三井住友・ＤＣつみたてＮＩＳＡ・日本株インデックスファンド,29697,,,46613,0
2021-01-22,三井住友・ＤＣつみたてＮＩＳＡ・日本株インデックスファンド,29632,,,46514,0
2021-01-25,三井住友・ＤＣつみたてＮＩＳＡ・日本株インデックスファンド,29717,,,46628,0
2021-01-26,三井住友・ＤＣつみたてＮＩＳＡ・日本株インデックスファンド,29494,,,46249,0
2021-01-27,三井住友・ＤＣつみたてＮＩＳＡ・日本株インデックスファンド,29687,,,46531,0
2021-01-28,三井住友・ＤＣつみたてＮＩＳＡ・日本株インデックスファンド,29350,,,46117,0
2021-01-29,三井住友・ＤＣつみたてＮＩＳＡ・日本株インデックスファンド,28872,,,45368,0
2021-02-01,三井住友・ＤＣつみたてＮＩＳＡ・日本株インデックスファンド,29209,,,45883,0
2021-02-02,三井住友・ＤＣつみたてＮＩＳＡ・日本株インデックスファンド,29483,,,46316,0
2021-02-03,三井住友・ＤＣつみたてＮＩＳＡ・日本株インデックスファンド,29867,,,46916,0
2021-02-04,三井住友・ＤＣつみたてＮＩＳＡ・日本株インデックスファンド,29772,,,46757,0
2021-02-05,三井住友・ＤＣつみたてＮＩＳＡ・日本株インデックスファンド,30184,,,47422,0
2021-02-08,三井住友・ＤＣつみたてＮＩＳＡ・日本株インデックスファンド,30711,,,48223,0
2021-02-09,三井住友・ＤＣつみたてＮＩＳＡ・日本株インデックスファンド,30736,,,48248,0
2021-02-10,三井住友・ＤＣつみたてＮＩＳＡ・日本株インデックスファンド,30821,,,48369,0
2021-02-12,三井住友・ＤＣつみたてＮＩＳＡ・日本株インデックスファンド,30869,,,48793,0
2021-02-15,三井住友・ＤＣつみたてＮＩＳＡ・日本株インデックスファンド,31192,,,49325,0
2021-02-16,三井住友・ＤＣつみたてＮＩＳＡ・日本株インデックスファンド,31370,,,49927,0
2021-02-17,三井住友・ＤＣつみたてＮＩＳＡ・日本株インデックスファンド,31313,,,49834,0
2021-02-18,三井住友・ＤＣつみたてＮＩＳＡ・日本株インデックスファンド,30998,,,49296,0
2021-02-19,三井住友・ＤＣつみたてＮＩＳＡ・日本株インデックスファンド,30791,,,48970,0
2021-02-22,三井住友・ＤＣつみたてＮＩＳＡ・日本株インデックスファンド,30941,,,49212,0
2021-02-24,三井住友・ＤＣつみたてＮＩＳＡ・日本株インデックスファンド,30375,,,48302,0
2021-02-25,三井住友・ＤＣつみたてＮＩＳＡ・日本株インデックスファンド,30752,,,48903,0
2021-02-26,三井住友・ＤＣつみたてＮＩＳＡ・日本株インデックスファンド,29768,,,47326,0
2021-03-01,三井住友・ＤＣつみたてＮＩＳＡ・日本株インデックスファンド,30371,,,48298,0
2021-03-02,三井住友・ＤＣつみたてＮＩＳＡ・日本株インデックスファンド,30252,,,48238,0
2021-03-03,三井住友・ＤＣつみたてＮＩＳＡ・日本株インデックスファンド,30404,,,48479,0
2021-03-04,三井住友・ＤＣつみたてＮＩＳＡ・日本株インデックスファンド,30090,,,47996,0
2021-03-05,三井住友・ＤＣつみたてＮＩＳＡ・日本株インデックスファンド,30270,,,48279,0
2021-03-08,三井住友・ＤＣつみたてＮＩＳＡ・日本株インデックスファンド,30231,,,48203,0
2021-03-09,三井住友・ＤＣつみたてＮＩＳＡ・日本株インデックスファンド,30615,,,48800,0
2021-03-10,三井住友・ＤＣつみたてＮＩＳＡ・日本株インデックスファンド,30647,,,48850,0
2021-03-11,三井住友・ＤＣつみたてＮＩＳＡ・日本株インデックスファンド,30730,,,49362,0
2021-03-12,三井住友・ＤＣつみたてＮＩＳＡ・日本株インデックスファンド,31148,,,50050,0
2021-03-15,三井住友・ＤＣつみたてＮＩＳＡ・日本株インデックスファンド,31428,,,50502,0
2021-03-16,三井住友・ＤＣつみたてＮＩＳＡ・日本株インデックスファンド,31633,,,50826,0
2021-03-17,三井住友・ＤＣつみたてＮＩＳＡ・日本株インデックスファンド,31673,,,50880,0
2021-03-18,三井住友・ＤＣつみたてＮＩＳＡ・日本株インデックスファンド,32065,,,51860,0
2021-03-19,三井住友・ＤＣつみたてＮＩＳＡ・日本株インデックスファンド,32123,,,51941,0
2021-03-22,三井住友・ＤＣつみたてＮＩＳＡ・日本株インデックスファンド,31772,,,51360,0
2021-03-23,三井住友・ＤＣつみたてＮＩＳＡ・日本株インデックスファンド,31474,,,50869,0
2021-03-24,三井住友・ＤＣつみたてＮＩＳＡ・日本株インデックスファンド,30787,,,49778,0
2021-03-25,三井住友・ＤＣつみたてＮＩＳＡ・日本株インデックスファンド,31218,,,50509,0
2021-03-26,三井住友・ＤＣつみたてＮＩＳＡ・日本株インデックスファンド,31675,,,51257,0
2021-03-29,三井住友・ＤＣつみたてＮＩＳＡ・日本株インデックスファンド,31819,,,51502,0
2021-03-30,三井住友・ＤＣつみたてＮＩＳＡ・日本株インデックスファンド,31845,,,51706,0
2021-03-31,三井住友・ＤＣつみたてＮＩＳＡ・日本株インデックスファンド,31460,,,51084,0
2021-04-01,三井住友・ＤＣつみたてＮＩＳＡ・日本株インデックスファンド,31520,,,51193,0
2021-04-02,三井住友・ＤＣつみたてＮＩＳＡ・日本株インデックスファンド,31747,,,51577,0
2021-04-05,三井住友・ＤＣつみたてＮＩＳＡ・日本株インデックスファンド,31936,,,51870,0
2021-04-06,三井住友・ＤＣつみたてＮＩＳＡ・日本株インデックスファンド,31467,,,51083,0
2021-04-07,三井住友・ＤＣつみたてＮＩＳＡ・日本株インデックスファンド,31678,,,51421,0
2021-04-08,三井住友・ＤＣつみたてＮＩＳＡ・日本株インデックスファンド,31426,,,51013,0
2021-04-09,三井住友・ＤＣつみたてＮＩＳＡ・日本株インデックスファンド,31549,,,51209,0
2021-04-12,三井住友・ＤＣつみたてＮＩＳＡ・日本株インデックスファンド,31471,,,51078,0
2021-04-13,三井住友・ＤＣつみたてＮＩＳＡ・日本株インデックスファンド,31534,,,51580,0
2021-04-14,三井住友・ＤＣつみたてＮＩＳＡ・日本株インデックスファンド,31431,,,51394,0
2021-04-15,三井住友・ＤＣつみたてＮＩＳＡ・日本株インデックスファンド,31543,,,51931,0
2021-04-16,三井住友・ＤＣつみたてＮＩＳＡ・日本株インデックスファンド,31573,,,51990,0
2021-04-19,三井住友・ＤＣつみたてＮＩＳＡ・日本株インデックスファンド,31502,,,51867,0
2021-04-20,三井住友・ＤＣつみたてＮＩＳＡ・日本株インデックスファンド,31014,,,51050,0
2021-04-21,三井住友・ＤＣつみたてＮＩＳＡ・日本株インデックスファンド,30401,,,50035,0
2021-04-22,三井住友・ＤＣつみたてＮＩＳＡ・日本株インデックスファンド,30952,,,50944,0
2021-04-23,三井住友・ＤＣつみたてＮＩＳＡ・日本株インデックスファンド,30830,,,50747,0
2021-04-26,三井住友・ＤＣつみたてＮＩＳＡ・日本株インデックスファンド,30880,,,50823,0
2021-04-27,三井住友・ＤＣつみたてＮＩＳＡ・日本株インデックスファンド,30644,,,50462,0
2021-04-28,三井住友・ＤＣつみたてＮＩＳＡ・日本株インデックスファンド,30735,,,50726,0
2021-04-30,三井住友・ＤＣつみたてＮＩＳＡ・日本株インデックスファンド,30566,,,50458,0
2021-05-06,三井住友・ＤＣつみたてＮＩＳＡ・日本株インデックスファンド,31035,,,51222,0
2021-05-07,三井住友・ＤＣつみたてＮＩＳＡ・日本株インデックスファンド,31131,,,51375,0
2021-05-10,三井住友・ＤＣつみたてＮＩＳＡ・日本株インデックスファンド,31441,,,51880,0
2021-05-11,三井住友・ＤＣつみたてＮＩＳＡ・日本株インデックスファンド,30695,,,51033,0
2021-05-12,三井住友・ＤＣつみたてＮＩＳＡ・日本株インデックスファンド,30245,,,50297,0
2021-05-13,三井住友・ＤＣつみたてＮＩＳＡ・日本株インデックスファンド,29786,,,49540,0
2021-05-14,三井住友・ＤＣつみたてＮＩＳＡ・日本株インデックスファンド,30337,,,50455,0
2021-05-17,三井住友・ＤＣつみたてＮＩＳＡ・日本株インデックスファンド,30268,,,50342,0
2021-05-18,三井住友・ＤＣつみたてＮＩＳＡ・日本株インデックスファンド,30734,,,51109,0
2021-05-19,三井住友・ＤＣつみたてＮＩＳＡ・日本株インデックスファンド,30529,,,50766,0
2021-05-20,三井住友・ＤＣつみたてＮＩＳＡ・日本株インデックスファンド,30543,,,51158,0
2021-05-21,三井住友・ＤＣつみたてＮＩＳＡ・日本株インデックスファンド,30686,,,51418,0
2021-05-24,三井住友・ＤＣつみたてＮＩＳＡ・日本株インデックスファンド,30818,,,51649,0
2021-05-25,三井住友・ＤＣつみたてＮＩＳＡ・日本株インデックスファンド,30923,,,51814,0
2021-05-26,三井住友・ＤＣつみたてＮＩＳＡ・日本株インデックスファンド,30939,,,51848,0
2021-05-27,三井住友・ＤＣつみたてＮＩＳＡ・日本株インデックスファンド,30782,,,51577,0
2021-05-28,三井住友・ＤＣつみたてＮＩＳＡ・日本株インデックスファンド,31373,,,52683,0
2021-05-31,三井住友・ＤＣつみたてＮＩＳＡ・日本株インデックスファンド,30980,,,52044,0
2021-06-01,三井住友・ＤＣつみたてＮＩＳＡ・日本株インデックスファンド,31026,,,52117,0
2021-06-02,三井住友・ＤＣつみたてＮＩＳＡ・日本株インデックスファンド,31287,,,52583,0
2021-06-03,三井住友・ＤＣつみたてＮＩＳＡ・日本株インデックスファンド,31552,,,53037,0
2021-06-04,三井住友・ＤＣつみたてＮＩＳＡ・日本株インデックスファンド,31559,,,53029,0
2021-06-07,三井住友・ＤＣつみたてＮＩＳＡ・日本株インデックスファンド,31586,,,53062,0
2021-06-08,三井住友・ＤＣつみたてＮＩＳＡ・日本株インデックスファンド,31616,,,53086,0
2021-06-09,三井住友・ＤＣつみたてＮＩＳＡ・日本株インデックスファンド,31526,,,52924,0
2021-06-10,三井住友・ＤＣつみたてＮＩＳＡ・日本株インデックスファンド,31521,,,52924,0
2021-06-11,三井住友・ＤＣつみたてＮＩＳＡ・日本株インデックスファンド,31476,,,53260,0
2021-06-14,三井住友・ＤＣつみたてＮＩＳＡ・日本株インデックスファンド,31568,,,53444,0
2021-06-15,三井住友・ＤＣつみたてＮＩＳＡ・日本株インデックスファンド,31821,,,54220,0
2021-06-16,三井住友・ＤＣつみたてＮＩＳＡ・日本株インデックスファンド,31827,,,54246,0
2021-06-17,三井住友・ＤＣつみたてＮＩＳＡ・日本株インデックスファンド,31630,,,53913,0
2021-06-18,三井住友・ＤＣつみたてＮＩＳＡ・日本株インデックスファンド,31355,,,53436,0
2021-06-21,三井住友・ＤＣつみたてＮＩＳＡ・日本株インデックスファンド,30597,,,52138,0
2021-06-22,三井住友・ＤＣつみたてＮＩＳＡ・日本株インデックスファンド,31563,,,53772,0
2021-06-23,三井住友・ＤＣつみたてＮＩＳＡ・日本株インデックスファンド,31396,,,53508,0
2021-06-24,三井住友・ＤＣつみたてＮＩＳＡ・日本株インデックスファンド,31364,,,53454,0
2021-06-25,三井住友・ＤＣつみたてＮＩＳＡ・日本株インデックスファンド,31617,,,53894,0
2021-06-28,三井住友・ＤＣつみたてＮＩＳＡ・日本株インデックスファンド,31664,,,53985,0
2021-06-29,三井住友・ＤＣつみたてＮＩＳＡ・日本株インデックスファンド,31438,,,53601,0
2021-06-30,三井住友・ＤＣつみたてＮＩＳＡ・日本株インデックスファンド,31344,,,53584,0
2021-07-01,三井住友・ＤＣつみたてＮＩＳＡ・日本株インデックスファンド,31272,,,53472,0
2021-07-02,三井住友・ＤＣつみたてＮＩＳＡ・日本株インデックスファンド,31549,,,53978,0
2021-07-05,三井住友・ＤＣつみたてＮＩＳＡ・日本株インデックスファンド,31430,,,53771,0
2021-07-06,三井住友・ＤＣつみたてＮＩＳＡ・日本株インデックスファンド,31518,,,53921,0
2021-07-07,三井住友・ＤＣつみたてＮＩＳＡ・日本株インデックスファンド,31248,,,53451,0
2021-07-08,三井住友・ＤＣつみたてＮＩＳＡ・日本株インデックスファンド,30969,,,52980,0
2021-07-09,三井住友・ＤＣつみたてＮＩＳＡ・日本株インデックスファンド,30845,,,52760,0
2021-07-12,三井住友・ＤＣつみたてＮＩＳＡ・日本株インデックスファンド,31500,,,53891,0
2021-07-13,三井住友・ＤＣつみたてＮＩＳＡ・日本株インデックスファンド,31731,,,54787,0
2021-07-14,三井住友・ＤＣつみたてＮＩＳＡ・日本株インデックスファンド,31659,,,54676,0
2021-07-15,三井住友・ＤＣつみたてＮＩＳＡ・日本株インデックスファンド,31278,,,54024,0
2021-07-16,三井住友・ＤＣつみたてＮＩＳＡ・日本株インデックスファンド,31157,,,54173,0
2021-07-19,三井住友・ＤＣつみたてＮＩＳＡ・日本株インデックスファンド,30753,,,53487,0
2021-07-20,三井住友・ＤＣつみたてＮＩＳＡ・日本株インデックスファンド,30459,,,52977,0
2021-07-21,三井住友・ＤＣつみたてＮＩＳＡ・日本株インデックスファンド,30710,,,53418,0
2021-07-26,三井住友・ＤＣつみたてＮＩＳＡ・日本株インデックスファンド,31052,,,54012,0
2021-07-27,三井住友・ＤＣつみたてＮＩＳＡ・日本株インデックスファンド,31250,,,54348,0
2021-07-28,三井住友・ＤＣつみたてＮＩＳＡ・日本株インデックスファンド,30953,,,53950,0
2021-07-29,三井住友・ＤＣつみたてＮＩＳＡ・日本株インデックスファンド,31084,,,54176,0
2021-07-30,三井住友・ＤＣつみたてＮＩＳＡ・日本株インデックスファンド,30659,,,53437,0
2021-08-02,三井住友・ＤＣつみたてＮＩＳＡ・日本株インデックスファンド,31286,,,54530,0
2021-08-03,三井住友・ＤＣつみたてＮＩＳＡ・日本株インデックスファンド,31141,,,54295,0
2021-08-04,三井住友・ＤＣつみたてＮＩＳＡ・日本株インデックスファンド,30985,,,54020,0
2021-08-05,三井住友・ＤＣつみたてＮＩＳＡ・日本株インデックスファンド,31106,,,54236,0
2021-08-06,三井住友・ＤＣつみたてＮＩＳＡ・日本株インデックスファンド,31114,,,54251,0
2021-08-10,三井住友・ＤＣつみたてＮＩＳＡ・日本株インデックスファンド,31225,,,54444,0
2021-08-11,三井住友・ＤＣつみたてＮＩＳＡ・日本株インデックスファンド,31513,,,55367,0
2021-08-12,三井住友・ＤＣつみたてＮＩＳＡ・日本株インデックスファンド,31504,,,55364,0
2021-08-13,三井住友・ＤＣつみたてＮＩＳＡ・日本株インデックスファンド,31549,,,55443,0
2021-08-16,三井住友・ＤＣつみたてＮＩＳＡ・日本株インデックスファンド,31042,,,54903,0
2021-08-17,三井住友・ＤＣつみたてＮＩＳＡ・日本株インデックスファンド,30890,,,54656,0
2021-08-18,三井住友・ＤＣつみたてＮＩＳＡ・日本株インデックスファンド,31025,,,54894,0
2021-08-19,三井住友・ＤＣつみたてＮＩＳＡ・日本株インデックスファンド,30593,,,54132,0
2021-08-20,三井住友・ＤＣつみたてＮＩＳＡ・日本株インデックスファンド,30327,,,53670,0
2021-08-23,三井住友・ＤＣつみたてＮＩＳＡ・日本株インデックスファンド,30884,,,54675,0
2021-08-24,三井住友・ＤＣつみたてＮＩＳＡ・日本株インデックスファンド,31190,,,55223,0
2021-08-25,三井住友・ＤＣつみたてＮＩＳＡ・日本株インデックスファンド,31213,,,55270,0
2021-08-26,三井住友・ＤＣつみたてＮＩＳＡ・日本株インデックスファンド,31207,,,55253,0
2021-08-27,三井住友・ＤＣつみたてＮＩＳＡ・日本株インデックスファンド,31102,,,55059,0
2021-08-30,三井住友・ＤＣつみたてＮＩＳＡ・日本株インデックスファンド,31452,,,55802,0
2021-08-31,三井住友・ＤＣつみたてＮＩＳＡ・日本株インデックスファンド,31624,,,56087,0
2021-09-01,三井住友・ＤＣつみたてＮＩＳＡ・日本株インデックスファンド,31948,,,56671,0
2021-09-02,三井住友・ＤＣつみたてＮＩＳＡ・日本株インデックスファンド,31992,,,56757,0
2021-09-03,三井住友・ＤＣつみたてＮＩＳＡ・日本株インデックスファンド,32508,,,57660,0
2021-09-06,三井住友・ＤＣつみたてＮＩＳＡ・日本株インデックスファンド,32922,,,58386,0
2021-09-07,三井住友・ＤＣつみたてＮＩＳＡ・日本株インデックスファンド,33279,,,59015,0
2021-09-08,三井住友・ＤＣつみたてＮＩＳＡ・日本株インデックスファンド,33541,,,59460,0
2021-09-09,三井住友・ＤＣつみたてＮＩＳＡ・日本株インデックスファンド,33303,,,59014,0
2021-09-10,三井住友・ＤＣつみたてＮＩＳＡ・日本株インデックスファンド,33735,,,59793,0
2021-09-13,三井住友・ＤＣつみたてＮＩＳＡ・日本株インデックスファンド,33832,,,60395,0
2021-09-14,三井住友・ＤＣつみたてＮＩＳＡ・日本株インデックスファンド,34173,,,61025,0
2021-09-15,三井住友・ＤＣつみたてＮＩＳＡ・日本株インデックスファンド,33811,,,60735,0
2021-09-16,三井住友・ＤＣつみたてＮＩＳＡ・日本株インデックスファンド,33713,,,60583,0
2021-09-17,三井住友・ＤＣつみたてＮＩＳＡ・日本株インデックスファンド,33874,,,60875,0
2021-09-21,三井住友・ＤＣつみたてＮＩＳＡ・日本株インデックスファンド,33297,33297,33297,59827,0
2021-09-22,三井住友・ＤＣつみたてＮＩＳＡ・日本株インデックスファンド,32957,32957,32957,59218,0
2021-09-24,三井住友・ＤＣつみたてＮＩＳＡ・日本株インデックスファンド,33720,33720,33720,60594,0
2021-09-27,三井住友・ＤＣつみたてＮＩＳＡ・日本株インデックスファンド,33669,33669,33669,60487,0
2021-09-28,三井住友・ＤＣつみたてＮＩＳＡ・日本株インデックスファンド,33570,33570,33570,60305,0
2021-09-29,三井住友・ＤＣつみたてＮＩＳＡ・日本株インデックスファンド,33130,33130,33130,59656,0
2021-09-30,三井住友・ＤＣつみたてＮＩＳＡ・日本株インデックスファンド,32998,32998,32998,59429,0
2021-10-01,三井住友・ＤＣつみたてＮＩＳＡ・日本株インデックスファンド,32284,32284,32284,58156,0
2021-10-04,三井住友・ＤＣつみたてＮＩＳＡ・日本株インデックスファンド,32079,32079,32079,57822,0
2021-10-05,三井住友・ＤＣつみたてＮＩＳＡ・日本株インデックスファンド,31654,31654,31654,57054,0
2021-10-06,三井住友・ＤＣつみたてＮＩＳＡ・日本株インデックスファンド,31559,31559,31559,56886,0
2021-10-07,三井住友・ＤＣつみたてＮＩＳＡ・日本株インデックスファンド,31526,31526,31526,56849,0
2021-10-08,三井住友・ＤＣつみたてＮＩＳＡ・日本株インデックスファンド,31886,31886,31886,57514,0
2021-10-11,三井住友・ＤＣつみたてＮＩＳＡ・日本株インデックスファンド,32448,32448,32448,58559,0
2021-10-12,三井住友・ＤＣつみたてＮＩＳＡ・日本株インデックスファンド,32217,32217,32217,58620,0
2021-10-13,三井住友・ＤＣつみたてＮＩＳＡ・日本株インデックスファンド,32077,32077,32077,58370,0
2021-10-14,三井住友・ＤＣつみたてＮＩＳＡ・日本株インデックスファンド,32292,32292,32292,58781,0
2021-10-15,三井住友・ＤＣつみたてＮＩＳＡ・日本株インデックスファンド,32895,32895,32895,60243,0
2021-10-18,三井住友・ＤＣつみたてＮＩＳＡ・日本株インデックスファンド,32812,32812,32812,60102,0
2021-10-19,三井住友・ＤＣつみたてＮＩＳＡ・日本株インデックスファンド,32936,32936,32936,60323,0
2021-10-20,三井住友・ＤＣつみたてＮＩＳＡ・日本株インデックスファンド,32954,32954,32954,60358,0
2021-10-21,三井住友・ＤＣつみたてＮＩＳＡ・日本株インデックスファンド,32517,32517,32517,59540,0
2021-10-22,三井住友・ＤＣつみたてＮＩＳＡ・日本株インデックスファンド,32541,32541,32541,59567,0
2021-10-25,三井住友・ＤＣつみたてＮＩＳＡ・日本株インデックスファンド,32428,32428,32428,59345,0
2021-10-26,三井住友・ＤＣつみたてＮＩＳＡ・日本株インデックスファンド,32803,32803,32803,60037,0
2021-10-27,三井住友・ＤＣつみたてＮＩＳＡ・日本株インデックスファンド,32724,32724,32724,59917,0
2021-10-28,三井住友・ＤＣつみたてＮＩＳＡ・日本株インデックスファンド,32499,32499,32499,59633,0
2021-10-29,三井住友・ＤＣつみたてＮＩＳＡ・日本株インデックスファンド,32522,32522,32522,59676,0
2021-11-01,三井住友・ＤＣつみたてＮＩＳＡ・日本株インデックスファンド,33231,33231,33231,60978,0
2021-11-02,三井住友・ＤＣつみたてＮＩＳＡ・日本株インデックスファンド,33020,33020,33020,60581,0
2021-11-04,三井住友・ＤＣつみたてＮＩＳＡ・日本株インデックスファンド,33414,33414,33414,61292,0
2021-11-05,三井住友・ＤＣつみたてＮＩＳＡ・日本株インデックスファンド,33184,33184,33184,60866,0
2021-11-08,三井住友・ＤＣつみたてＮＩＳＡ・日本株インデックスファンド,33085,33085,33085,60685,0
2021-11-09,三井住友・ＤＣつみたてＮＩＳＡ・日本株インデックスファンド,32819,32819,32819,60199,0
2021-11-10,三井住友・ＤＣつみたてＮＩＳＡ・日本株インデックスファンド,32643,32643,32643,59892,0
2021-11-11,三井住友・ＤＣつみたてＮＩＳＡ・日本株インデックスファンド,32747,32747,32747,60537,0
2021-11-12,三井住友・ＤＣつみたてＮＩＳＡ・日本株インデックスファンド,33173,33173,33173,61350,0
2021-11-15,三井住友・ＤＣつみたてＮＩＳＡ・日本株インデックスファンド,33303,33303,33303,61589,0
2021-11-16,三井住友・ＤＣつみたてＮＩＳＡ・日本株インデックスファンド,33340,33340,33340,62003,0
2021-11-17,三井住友・ＤＣつみたてＮＩＳＡ・日本株インデックスファンド,33136,33136,33136,61641,0
2021-11-18,三井住友・ＤＣつみたてＮＩＳＡ・日本株インデックスファンド,33090,33090,33090,61574,0
2021-11-19,三井住友・ＤＣつみたてＮＩＳＡ・日本株インデックスファンド,33239,33239,33239,61844,0
2021-11-22,三井住友・ＤＣつみたてＮＩＳＡ・日本株インデックスファンド,33210,33210,33210,61781,0
2021-11-24,三井住友・ＤＣつみたてＮＩＳＡ・日本株インデックスファンド,32824,32824,32824,61035,0
2021-11-25,三井住友・ＤＣつみたてＮＩＳＡ・日本株インデックスファンド,32929,32929,32929,61242,0
2021-11-26,三井住友・ＤＣつみたてＮＩＳＡ・日本株インデックスファンド,32268,32268,32268,60021,0
2021-11-29,三井住友・ＤＣつみたてＮＩＳＡ・日本株インデックスファンド,31673,31673,31673,58899,0
2021-11-30,三井住友・ＤＣつみたてＮＩＳＡ・日本株インデックスファンド,31333,31333,31333,58388,0
2021-12-01,三井住友・ＤＣつみたてＮＩＳＡ・日本株インデックスファンド,31493,31493,31493,58670,0
2021-12-02,三井住友・ＤＣつみたてＮＩＳＡ・日本株インデックスファンド,31316,31316,31316,58398,0
2021-12-03,三井住友・ＤＣつみたてＮＩＳＡ・日本株インデックスファンド,31828,31828,31828,59355,0
2021-12-06,三井住友・ＤＣつみたてＮＩＳＡ・日本株インデックスファンド,31657,31657,31657,59053,0
2021-12-07,三井住友・ＤＣつみたてＮＩＳＡ・日本株インデックスファンド,32348,32348,32348,60352,0
2021-12-08,三井住友・ＤＣつみたてＮＩＳＡ・日本株インデックスファンド,32551,32551,32551,60744,0
2021-12-09,三井住友・ＤＣつみたてＮＩＳＡ・日本株インデックスファンド,32363,32363,32363,60405,0
2021-12-10,三井住友・ＤＣつみたてＮＩＳＡ・日本株インデックスファンド,32115,32115,32115,59961,0
2021-12-13,三井住友・ＤＣつみたてＮＩＳＡ・日本株インデックスファンド,32158,32158,32158,60483,0
2021-12-14,三井住友・ＤＣつみたてＮＩＳＡ・日本株インデックスファンド,32086,32086,32086,60366,0
2021-12-15,三井住友・ＤＣつみたてＮＩＳＡ・日本株インデックスファンド,32254,32254,32254,60677,0
2021-12-16,三井住友・ＤＣつみたてＮＩＳＡ・日本株インデックスファンド,32724,32724,32724,61939,0
2021-12-17,三井住友・ＤＣつみたてＮＩＳＡ・日本株インデックスファンド,32257,32257,32257,61075,0
2021-12-20,三井住友・ＤＣつみたてＮＩＳＡ・日本株インデックスファンド,31556,31556,31556,59744,0
2021-12-21,三井住友・ＤＣつみたてＮＩＳＡ・日本株インデックスファンド,32018,32018,32018,60597,0
2021-12-22,三井住友・ＤＣつみたてＮＩＳＡ・日本株インデックスファンド,32045,32045,32045,60654,0
2021-12-23,三井住友・ＤＣつみたてＮＩＳＡ・日本株インデックスファンド,32337,32337,32337,61189,0
2021-12-24,三井住友・ＤＣつみたてＮＩＳＡ・日本株インデックスファンド,32294,32294,32294,61115,0
2021-12-27,三井住友・ＤＣつみたてＮＩＳＡ・日本株インデックスファンド,32150,32150,32150,60839,0
2021-12-28,三井住友・ＤＣつみたてＮＩＳＡ・日本株インデックスファンド,32590,32590,32590,61661,0
2021-12-29,三井住友・ＤＣつみたてＮＩＳＡ・日本株インデックスファンド,32533,32533,32533,61661,0
2021-12-30,三井住友・ＤＣつみたてＮＩＳＡ・日本株インデックスファンド,32426,32426,32426,61452,0
2022-01-04,三井住友・ＤＣつみたてＮＩＳＡ・日本株インデックスファンド,33040,33040,33040,62595,0
2022-01-05,三井住友・ＤＣつみたてＮＩＳＡ・日本株インデックスファンド,33188,33188,33188,62865,0
2022-01-06,三井住友・ＤＣつみたてＮＩＳＡ・日本株インデックスファンド,32499,32499,32499,61539,0
2022-01-07,三井住友・ＤＣつみたてＮＩＳＡ・日本株インデックスファンド,32477,32477,32477,61483,0
2022-01-11,三井住友・ＤＣつみたてＮＩＳＡ・日本株インデックスファンド,32332,32332,32332,61205,0
2022-01-12,三井住友・ＤＣつみたてＮＩＳＡ・日本株インデックスファンド,32863,32863,32863,62751,0
2022-01-13,三井住友・ＤＣつみたてＮＩＳＡ・日本株インデックスファンド,32638,32638,32638,62328,0
2022-01-14,三井住友・ＤＣつみたてＮＩＳＡ・日本株インデックスファンド,32183,32183,32183,61466,0
2022-01-17,三井住友・ＤＣつみたてＮＩＳＡ・日本株インデックスファンド,32329,32329,32329,61742,0
2022-01-18,三井住友・ＤＣつみたてＮＩＳＡ・日本株インデックスファンド,32193,32193,32193,61474,0
2022-01-19,三井住友・ＤＣつみたてＮＩＳＡ・日本株インデックスファンド,31240,31240,31240,60065,0
2022-01-20,三井住友・ＤＣつみたてＮＩＳＡ・日本株インデックスファンド,31544,31544,31544,60690,0
2022-01-21,三井住友・ＤＣつみたてＮＩＳＡ・日本株インデックスファンド,31358,31358,31358,60335,0
2022-01-24,三井住友・ＤＣつみたてＮＩＳＡ・日本株インデックスファンド,31403,31403,31403,60428,0
2022-01-25,三井住友・ＤＣつみたてＮＩＳＡ・日本株インデックスファンド,30860,30860,30860,59388,0
2022-01-26,三井住友・ＤＣつみたてＮＩＳＡ・日本株インデックスファンド,30783,30783,30783,59238,0
2022-01-27,三井住友・ＤＣつみたてＮＩＳＡ・日本株インデックスファンド,29978,29978,29978,57703,0
2022-01-28,三井住友・ＤＣつみたてＮＩＳＡ・日本株インデックスファンド,30540,30540,30540,58932,0
2022-01-31,三井住友・ＤＣつみたてＮＩＳＡ・日本株インデックスファンド,30852,30852,30852,59532,0
2022-02-01,三井住友・ＤＣつみたてＮＩＳＡ・日本株インデックスファンド,30853,30853,30853,59532,0
2022-02-02,三井住友・ＤＣつみたてＮＩＳＡ・日本株インデックスファンド,31514,31514,31514,60855,0
2022-02-03,三井住友・ＤＣつみたてＮＩＳＡ・日本株インデックスファンド,31241,31241,31241,60355,0
2022-02-04,三井住友・ＤＣつみたてＮＩＳＡ・日本株インデックスファンド,31415,31415,31415,60696,0
2022-02-07,三井住友・ＤＣつみたてＮＩＳＡ・日本株インデックスファンド,31339,31339,31339,60564,0
2022-02-08,三井住友・ＤＣつみたてＮＩＳＡ・日本株インデックスファンド,31471,31471,31471,60828,0
2022-02-09,三井住友・ＤＣつみたてＮＩＳＡ・日本株インデックスファンド,31768,31768,31768,61408,0
2022-02-10,三井住友・ＤＣつみたてＮＩＳＡ・日本株インデックスファンド,31938,31938,31938,61739,0
2022-02-14,三井住友・ＤＣつみたてＮＩＳＡ・日本株インデックスファンド,31416,31416,31416,61173,0
2022-02-15,三井住友・ＤＣつみたてＮＩＳＡ・日本株インデックスファンド,31156,31156,31156,60695,0
2022-02-16,三井住友・ＤＣつみたてＮＩＳＡ・日本株インデックスファンド,31675,31675,31675,62074,0
2022-02-17,三井住友・ＤＣつみたてＮＩＳＡ・日本株インデックスファンド,31423,31423,31423,61612,0
2022-02-18,三井住友・ＤＣつみたてＮＩＳＡ・日本株インデックスファンド,31310,31310,31310,61408,0
2022-02-21,三井住友・ＤＣつみたてＮＩＳＡ・日本株インデックスファンド,31088,31088,31088,60986,0
2022-02-22,三井住友・ＤＣつみたてＮＩＳＡ・日本株インデックスファンド,30606,30606,30606,60031,0
2022-02-24,三井住友・ＤＣつみたてＮＩＳＡ・日本株インデックスファンド,30223,30223,30223,59306,0
2022-02-25,三井住友・ＤＣつみたてＮＩＳＡ・日本株インデックスファンド,30536,30536,30536,59880,0
2022-02-28,三井住友・ＤＣつみたてＮＩＳＡ・日本株インデックスファンド,30711,30711,30711,60213,0
2022-03-01,三井住友・ＤＣつみたてＮＩＳＡ・日本株インデックスファンド,30878,30878,30878,60526,0
2022-03-02,三井住友・ＤＣつみたてＮＩＳＡ・日本株インデックスファンド,30270,30270,30270,59509,0
2022-03-03,三井住友・ＤＣつみたてＮＩＳＡ・日本株インデックスファンド,30627,30627,30627,60250,0
2022-03-04,三井住友・ＤＣつみたてＮＩＳＡ・日本株インデックスファンド,30027,30027,30027,59082,0
2022-03-07,三井住友・ＤＣつみたてＮＩＳＡ・日本株インデックスファンド,29193,29193,29193,57435,0
2022-03-08,三井住友・ＤＣつみたてＮＩＳＡ・日本株インデックスファンド,28638,28638,28638,56336,0
2022-03-09,三井住友・ＤＣつみたてＮＩＳＡ・日本株インデックスファンド,28623,28623,28623,56306,0
2022-03-10,三井住友・ＤＣつみたてＮＩＳＡ・日本株インデックスファンド,29784,29784,29784,58571,0
2022-03-11,三井住友・ＤＣつみたてＮＩＳＡ・日本株インデックスファンド,29288,29288,29288,58067,0
2022-03-14,三井住友・ＤＣつみたてＮＩＳＡ・日本株インデックスファンド,29491,29491,29491,58500,0
2022-03-15,三井住友・ＤＣつみたてＮＩＳＡ・日本株インデックスファンド,29726,29726,29726,58965,0
2022-03-16,三井住友・ＤＣつみたてＮＩＳＡ・日本株インデックスファンド,30159,30159,30159,59831,0
2022-03-17,三井住友・ＤＣつみたてＮＩＳＡ・日本株インデックスファンド,30905,30905,30905,61317,0
2022-03-18,三井住友・ＤＣつみたてＮＩＳＡ・日本株インデックスファンド,31074,31074,31074,62036,0
2022-03-22,三井住友・ＤＣつみたてＮＩＳＡ・日本株インデックスファンド,31471,31471,31471,62836,0
2022-03-23,三井住友・ＤＣつみたてＮＩＳＡ・日本株インデックスファンド,32204,32204,32204,64279,0
2022-03-24,三井住友・ＤＣつみたてＮＩＳＡ・日本株インデックスファンド,32247,32247,32247,64386,0
2022-03-25,三井住友・ＤＣつみたてＮＩＳＡ・日本株インデックスファンド,32247,32247,32247,64374,0
2022-03-28,三井住友・ＤＣつみたてＮＩＳＡ・日本株インデックスファンド,32113,32113,32113,64065,0
2022-03-29,三井住友・ＤＣつみたてＮＩＳＡ・日本株インデックスファンド,32410,32410,32410,64622,0
2022-03-30,三井住友・ＤＣつみたてＮＩＳＡ・日本株インデックスファンド,32375,32375,32375,64684,0
2022-03-31,三井住友・ＤＣつみたてＮＩＳＡ・日本株インデックスファンド,32025,32025,32025,63980,0
2022-04-01,三井住友・ＤＣつみたてＮＩＳＡ・日本株インデックスファンド,31989,31989,31989,63890,0
2022-04-04,三井住友・ＤＣつみたてＮＩＳＡ・日本株インデックスファンド,32146,32146,32146,64219,0
2022-04-05,三井住友・ＤＣつみたてＮＩＳＡ・日本株インデックスファンド,32071,32071,32071,64070,0
2022-04-06,三井住友・ＤＣつみたてＮＩＳＡ・日本株インデックスファンド,31640,31640,31640,63232,0
2022-04-07,三井住友・ＤＣつみたてＮＩＳＡ・日本株インデックスファンド,31143,31143,31143,62225,0
2022-04-08,三井住友・ＤＣつみたてＮＩＳＡ・日本株インデックスファンド,31208,31208,31208,62357,0
2022-04-11,三井住友・ＤＣつみたてＮＩＳＡ・日本株インデックスファンド,31089,31089,31089,62116,0
2022-04-12,三井住友・ＤＣつみたてＮＩＳＡ・日本株インデックスファンド,30660,30660,30660,61706,0
2022-04-13,三井住友・ＤＣつみたてＮＩＳＡ・日本株インデックスファンド,31097,31097,31097,62608,0
2022-04-14,三井住友・ＤＣつみたてＮＩＳＡ・日本株インデックスファンド,31392,31392,31392,63210,0
2022-04-15,三井住友・ＤＣつみたてＮＩＳＡ・日本株インデックスファンド,31199,31199,31199,63199,0
2022-04-18,三井住友・ＤＣつみたてＮＩＳＡ・日本株インデックスファンド,30929,30929,30929,62680,0
2022-04-19,三井住友・ＤＣつみたてＮＩＳＡ・日本株インデックスファンド,31189,31189,31189,63196,0
2022-04-20,三井住友・ＤＣつみたてＮＩＳＡ・日本株インデックスファンド,31507,31507,31507,63856,0
2022-04-21,三井住友・ＤＣつみたてＮＩＳＡ・日本株インデックスファンド,31718,31718,31718,64278,0
2022-04-22,三井住友・ＤＣつみたてＮＩＳＡ・日本株インデックスファンド,31342,31342,31342,63497,0
2022-04-25,三井住友・ＤＣつみたてＮＩＳＡ・日本株インデックスファンド,30869,30869,30869,62526,0
2022-04-26,三井住友・ＤＣつみたてＮＩＳＡ・日本株インデックスファンド,30902,30902,30902,62580,0
2022-04-27,三井住友・ＤＣつみたてＮＩＳＡ・日本株インデックスファンド,30613,30613,30613,62003,0
2022-04-28,三井住友・ＤＣつみたてＮＩＳＡ・日本株インデックスファンド,31256,31256,31256,63463,0
2022-05-02,三井住友・ＤＣつみたてＮＩＳＡ・日本株インデックスファンド,31236,31236,31236,63412,0
2022-05-06,三井住友・ＤＣつみたてＮＩＳＡ・日本株インデックスファンド,31527,31527,31527,64022,0
2022-05-09,三井住友・ＤＣつみたてＮＩＳＡ・日本株インデックスファンド,30909,30909,30909,62758,0
2022-05-10,三井住友・ＤＣつみたてＮＩＳＡ・日本株インデックスファンド,30650,30650,30650,62242,0
2022-05-11,三井住友・ＤＣつみたてＮＩＳＡ・日本株インデックスファンド,30470,30470,30470,62319,0
2022-05-12,三井住友・ＤＣつみたてＮＩＳＡ・日本株インデックスファンド,30110,30110,30110,61615,0
2022-05-13,三井住友・ＤＣつみたてＮＩＳＡ・日本株インデックスファンド,30688,30688,30688,62808,0
2022-05-16,三井住友・ＤＣつみたてＮＩＳＡ・日本株インデックスファンド,30674,30674,30674,62777,0
2022-05-17,三井住友・ＤＣつみたてＮＩＳＡ・日本株インデックスファンド,30733,30733,30733,62903,0
2022-05-18,三井住友・ＤＣつみたてＮＩＳＡ・日本株インデックスファンド,31028,31028,31028,63504,0
2022-05-19,三井住友・ＤＣつみたてＮＩＳＡ・日本株インデックスファンド,30622,30622,30622,62678,0
2022-05-20,三井住友・ＤＣつみたてＮＩＳＡ・日本株インデックスファンド,30909,30909,30909,63651,0
2022-05-23,三井住友・ＤＣつみたてＮＩＳＡ・日本株インデックスファンド,31193,31193,31193,64252,0
2022-05-24,三井住友・ＤＣつみたてＮＩＳＡ・日本株インデックスファンド,30922,30922,30922,63710,0
2022-05-25,三井住友・ＤＣつみたてＮＩＳＡ・日本株インデックスファンド,30895,30895,30895,63665,0
2022-05-26,三井住友・ＤＣつみたてＮＩＳＡ・日本株インデックスファンド,30911,30911,30911,63708,0
2022-05-27,三井住友・ＤＣつみたてＮＩＳＡ・日本株インデックスファンド,31071,31071,31071,64033,0
2022-05-30,三井住友・ＤＣつみたてＮＩＳＡ・日本株インデックスファンド,31649,31649,31649,65358,0
2022-05-31,三井住友・ＤＣつみたてＮＩＳＡ・日本株インデックスファンド,31486,31486,31486,65024,0
2022-06-01,三井住友・ＤＣつみたてＮＩＳＡ・日本株インデックスファンド,31916,31916,31916,65911,0
2022-06-02,三井住友・ＤＣつみたてＮＩＳＡ・日本株インデックスファンド,31713,31713,31713,65504,0
2022-06-03,三井住友・ＤＣつみたてＮＩＳＡ・日本株インデックスファンド,31824,31824,31824,65736,0
2022-06-06,三井住友・ＤＣつみたてＮＩＳＡ・日本株インデックスファンド,31920,31920,31920,65930,0
2022-06-07,三井住友・ＤＣつみたてＮＩＳＡ・日本株インデックスファンド,32053,32053,32053,66187,0
2022-06-08,三井住友・ＤＣつみたてＮＩＳＡ・日本株インデックスファンド,32429,32429,32429,66966,0
2022-06-09,三井住友・ＤＣつみたてＮＩＳＡ・日本株インデックスファンド,32416,32416,32416,66937,0
2022-06-10,三井住友・ＤＣつみたてＮＩＳＡ・日本株インデックスファンド,31989,31989,31989,66048,0
2022-06-13,三井住友・ＤＣつみたてＮＩＳＡ・日本株インデックスファンド,31292,31292,31292,65037,0
2022-06-14,三井住友・ＤＣつみたてＮＩＳＡ・日本株インデックスファンド,30926,30926,30926,64325,0
2022-06-15,三井住友・ＤＣつみたてＮＩＳＡ・日本株インデックスファンド,30554,30554,30554,63922,0
2022-06-16,三井住友・ＤＣつみたてＮＩＳＡ・日本株インデックスファンド,30748,30748,30748,64361,0
2022-06-17,三井住友・ＤＣつみたてＮＩＳＡ・日本株インデックスファンド,30220,30220,30220,63253,0
2022-06-20,三井住友・ＤＣつみたてＮＩＳＡ・日本株インデックスファンド,29945,29945,29945,62708,0
2022-06-21,三井住友・ＤＣつみたてＮＩＳＡ・日本株インデックスファンド,30557,30557,30557,63987,0
2022-06-22,三井住友・ＤＣつみたてＮＩＳＡ・日本株インデックスファンド,30499,30499,30499,63894,0
2022-06-23,三井住友・ＤＣつみたてＮＩＳＡ・日本株インデックスファンド,30484,30484,30484,63883,0
2022-06-24,三井住友・ＤＣつみたてＮＩＳＡ・日本株インデックスファンド,30732,30732,30732,64410,0
2022-06-27,三井住友・ＤＣつみたてＮＩＳＡ・日本株インデックスファンド,31069,31069,31069,65128,0
2022-06-28,三井住友・ＤＣつみたてＮＩＳＡ・日本株インデックスファンド,31400,31400,31400,65835,0
2022-06-29,三井住友・ＤＣつみたてＮＩＳＡ・日本株インデックスファンド,31213,31213,31213,65582,0
2022-06-30,三井住友・ＤＣつみたてＮＩＳＡ・日本株インデックスファンド,30840,30840,30840,64813,0
2022-07-01,三井住友・ＤＣつみたてＮＩＳＡ・日本株インデックスファンド,30415,30415,30415,63908,0
2022-07-04,三井住友・ＤＣつみたてＮＩＳＡ・日本株インデックスファンド,30822,30822,30822,64784,0
2022-07-05,三井住友・ＤＣつみたてＮＩＳＡ・日本株インデックスファンド,30977,30977,30977,65093,0
2022-07-06,三井住友・ＤＣつみたてＮＩＳＡ・日本株インデックスファンド,30595,30595,30595,64294,0
2022-07-07,三井住友・ＤＣつみたてＮＩＳＡ・日本株インデックスファンド,31032,31032,31032,65243,0
2022-07-08,三井住友・ＤＣつみたてＮＩＳＡ・日本株インデックスファンド,31118,31118,31118,65416,0
2022-07-11,三井住友・ＤＣつみたてＮＩＳＡ・日本株インデックスファンド,31563,31563,31563,66385,0
2022-07-12,三井住友・ＤＣつみたてＮＩＳＡ・日本株インデックスファンド,31046,31046,31046,65819,0
2022-07-13,三井住友・ＤＣつみたてＮＩＳＡ・日本株インデックスファンド,31138,31138,31138,66018,0
2022-07-14,三井住友・ＤＣつみたてＮＩＳＡ・日本株インデックスファンド,31209,31209,31209,66189,0
2022-07-15,三井住友・ＤＣつみたてＮＩＳＡ・日本株インデックスファンド,31199,31199,31199,66575,0
2022-07-19,三井住友・ＤＣつみたてＮＩＳＡ・日本株インデックスファンド,31368,31368,31368,66949,0
2022-07-20,三井住友・ＤＣつみたてＮＩＳＡ・日本株インデックスファンド,32089,32089,32089,68491,0
2022-07-21,三井住友・ＤＣつみたてＮＩＳＡ・日本株インデックスファンド,32157,32157,32157,68628,0
2022-07-22,三井住友・ＤＣつみたてＮＩＳＡ・日本株インデックスファンド,32247,32247,32247,68820,0
2022-07-25,三井住友・ＤＣつみたてＮＩＳＡ・日本株インデックスファンド,32034,32034,32034,68343,0
2022-07-26,三井住友・ＤＣつみたてＮＩＳＡ・日本株インデックスファンド,32034,32034,32034,68326,0
2022-07-27,三井住友・ＤＣつみたてＮＩＳＡ・日本株インデックスファンド,32078,32078,32078,68412,0
2022-07-28,三井住友・ＤＣつみたてＮＩＳＡ・日本株インデックスファンド,32128,32128,32128,68645,0
2022-07-29,三井住友・ＤＣつみたてＮＩＳＡ・日本株インデックスファンド,31987,31987,31987,68340,0
2022-08-01,三井住友・ＤＣつみたてＮＩＳＡ・日本株インデックスファンド,32314,32314,32314,69034,0
2022-08-02,三井住友・ＤＣつみたてＮＩＳＡ・日本株インデックスファンド,31742,31742,31742,67832,0
2022-08-03,三井住友・ＤＣつみたてＮＩＳＡ・日本株インデックスファンド,31828,31828,31828,67993,0
2022-08-04,三井住友・ＤＣつみたてＮＩＳＡ・日本株インデックスファンド,31828,31828,31828,67996,0
2022-08-05,三井住友・ＤＣつみたてＮＩＳＡ・日本株インデックスファンド,32099,32099,32099,68580,0
2022-08-08,三井住友・ＤＣつみたてＮＩＳＡ・日本株インデックスファンド,32168,32168,32168,68721,0
2022-08-09,三井住友・ＤＣつみたてＮＩＳＡ・日本株インデックスファンド,31931,31931,31931,68203,0
2022-08-10,三井住友・ＤＣつみたてＮＩＳＡ・日本株インデックスファンド,31876,31876,31876,68095,0
2022-08-12,三井住友・ＤＣつみたてＮＩＳＡ・日本株インデックスファンド,32527,32527,32527,69928,0
2022-08-15,三井住友・ＤＣつみたてＮＩＳＡ・日本株インデックスファンド,32720,32720,32720,70351,0
2022-08-16,三井住友・ＤＣつみたてＮＩＳＡ・日本株インデックスファンド,32672,32672,32672,70640,0
2022-08-17,三井住友・ＤＣつみたてＮＩＳＡ・日本株インデックスファンド,33082,33082,33082,71523,0
2022-08-18,三井住友・ＤＣつみたてＮＩＳＡ・日本株インデックスファンド,32810,32810,32810,70909,0
2022-08-19,三井住友・ＤＣつみたてＮＩＳＡ・日本株インデックスファンド,32876,32876,32876,70996,0
2022-08-22,三井住友・ＤＣつみたてＮＩＳＡ・日本株インデックスファンド,32844,32844,32844,70893,0
2022-08-23,三井住友・ＤＣつみたてＮＩＳＡ・日本株インデックスファンド,32495,32495,32495,70107,0
2022-08-24,三井住友・ＤＣつみたてＮＩＳＡ・日本株インデックスファンド,32424,32424,32424,69967,0
2022-08-25,三井住友・ＤＣつみたてＮＩＳＡ・日本株インデックスファンド,32581,32581,32581,70299,0
2022-08-26,三井住友・ＤＣつみたてＮＩＳＡ・日本株インデックスファンド,32628,32628,32628,70424,0
2022-08-29,三井住友・ＤＣつみたてＮＩＳＡ・日本株インデックスファンド,32044,32044,32044,69172,0
2022-08-30,三井住友・ＤＣつみたてＮＩＳＡ・日本株インデックスファンド,32451,32451,32451,70182,0
2022-08-31,三井住友・ＤＣつみたてＮＩＳＡ・日本株インデックスファンド,32365,32365,32365,70000,0
2022-09-01,三井住友・ＤＣつみたてＮＩＳＡ・日本株インデックスファンド,31909,31909,31909,69037,0
2022-09-02,三井住友・ＤＣつみたてＮＩＳＡ・日本株インデックスファンド,31820,31820,31820,68879,0
2022-09-05,三井住友・ＤＣつみたてＮＩＳＡ・日本株インデックスファンド,31798,31798,31798,68800,0
2022-09-06,三井住友・ＤＣつみたてＮＩＳＡ・日本株インデックスファンド,31761,31761,31761,68716,0
2022-09-07,三井住友・ＤＣつみたてＮＩＳＡ・日本株インデックスファンド,31581,31581,31581,68332,0
2022-09-08,三井住友・ＤＣつみたてＮＩＳＡ・日本株インデックスファンド,32273,32273,32273,69848,0
2022-09-09,三井住友・ＤＣつみたてＮＩＳＡ・日本株インデックスファンド,32404,32404,32404,70133,0
2022-09-12,三井住友・ＤＣつみたてＮＩＳＡ・日本株インデックスファンド,32645,32645,32645,70642,0
2022-09-13,三井住友・ＤＣつみたてＮＩＳＡ・日本株インデックスファンド,32749,32749,32749,71316,0
2022-09-14,三井住友・ＤＣつみたてＮＩＳＡ・日本株インデックスファンド,32104,32104,32104,69909,0
2022-09-15,三井住友・ＤＣつみたてＮＩＳＡ・日本株インデックスファンド,32153,32153,32153,70420,0
2022-09-16,三井住友・ＤＣつみたてＮＩＳＡ・日本株インデックスファンド,31958,31958,31958,70025,0
2022-09-20,三井住友・ＤＣつみたてＮＩＳＡ・日本株インデックスファンド,32102,32102,32102,70324,0
2022-09-21,三井住友・ＤＣつみたてＮＩＳＡ・日本株インデックスファンド,31665,31665,31665,69367,0
2022-09-22,三井住友・ＤＣつみたてＮＩＳＡ・日本株インデックスファンド,31589,31589,31589,69220,0
2022-09-26,三井住友・ＤＣつみたてＮＩＳＡ・日本株インデックスファンド,30732,30732,30732,67341,0
2022-09-27,三井住友・ＤＣつみたてＮＩＳＡ・日本株インデックスファンド,30875,30875,30875,67662,0
2022-09-28,三井住友・ＤＣつみたてＮＩＳＡ・日本株インデックスファンド,30579,30579,30579,67159,0
2022-09-29,三井住友・ＤＣつみたてＮＩＳＡ・日本株インデックスファンド,31126,31126,31126,68369,0
2022-09-30,三井住友・ＤＣつみたてＮＩＳＡ・日本株インデックスファンド,30583,30583,30583,67199,0
2022-10-03,三井住友・ＤＣつみたてＮＩＳＡ・日本株インデックスファンド,30776,30776,30776,67644,0
2022-10-04,三井住友・ＤＣつみたてＮＩＳＡ・日本株インデックスファンド,31764,31764,31764,69871,0
2022-10-05,三井住友・ＤＣつみたてＮＩＳＡ・日本株インデックスファンド,31866,31866,31866,70109,0
2022-10-06,三井住友・ＤＣつみたてＮＩＳＡ・日本株インデックスファンド,32025,32025,32025,70471,0
2022-10-07,三井住友・ＤＣつみたてＮＩＳＡ・日本株インデックスファンド,31764,31764,31764,69883,0
2022-10-11,三井住友・ＤＣつみたてＮＩＳＡ・日本株インデックスファンド,31170,31170,31170,68575,0
2022-10-12,三井住友・ＤＣつみたてＮＩＳＡ・日本株インデックスファンド,31130,31130,31130,68950,0
2022-10-13,三井住友・ＤＣつみたてＮＩＳＡ・日本株インデックスファンド,30889,30889,30889,68426,0
2022-10-14,三井住友・ＤＣつみたてＮＩＳＡ・日本株インデックスファンド,31617,31617,31617,70052,0
2022-10-17,三井住友・ＤＣつみたてＮＩＳＡ・日本株インデックスファンド,31306,31306,31306,69764,0
2022-10-18,三井住友・ＤＣつみたてＮＩＳＡ・日本株インデックスファンド,31673,31673,31673,70598,0
2022-10-19,三井住友・ＤＣつみたてＮＩＳＡ・日本株インデックスファンド,31732,31732,31732,70734,0
2022-10-20,三井住友・ＤＣつみたてＮＩＳＡ・日本株インデックスファンド,31572,31572,31572,70382,0
2022-10-21,三井住友・ＤＣつみたてＮＩＳＡ・日本株インデックスファンド,31349,31349,31349,69888,0
2022-10-24,三井住友・ＤＣつみたてＮＩＳＡ・日本株インデックスファンド,31433,31433,31433,70097,0
2022-10-25,三井住友・ＤＣつみたてＮＩＳＡ・日本株インデックスファンド,31768,31768,31768,70848,0
2022-10-26,三井住友・ＤＣつみたてＮＩＳＡ・日本株インデックスファンド,31951,31951,31951,71281,0
2022-10-27,三井住友・ＤＣつみたてＮＩＳＡ・日本株インデックスファンド,31740,31740,31740,70803,0
2022-10-28,三井住友・ＤＣつみたてＮＩＳＡ・日本株インデックスファンド,31628,31628,31628,70662,0
2022-10-31,三井住友・ＤＣつみたてＮＩＳＡ・日本株インデックスファンド,32139,32139,32139,71804,0
2022-11-01,三井住友・ＤＣつみたてＮＩＳＡ・日本株インデックスファンド,32293,32293,32293,72136,0
2022-11-02,三井住友・ＤＣつみたてＮＩＳＡ・日本株インデックスファンド,32323,32323,32323,72214,0
2022-11-04,三井住友・ＤＣつみたてＮＩＳＡ・日本株インデックスファンド,31904,31904,31904,71274,0
2022-11-07,三井住友・ＤＣつみたてＮＩＳＡ・日本株インデックスファンド,32220,32220,32220,71970,0
2022-11-08,三井住友・ＤＣつみたてＮＩＳＡ・日本株インデックスファンド,32611,32611,32611,72844,0
2022-11-09,三井住友・ＤＣつみたてＮＩＳＡ・日本株インデックスファンド,32473,32473,32473,72561,0
2022-11-10,三井住友・ＤＣつみたてＮＩＳＡ・日本株インデックスファンド,32261,32261,32261,72099,0
2022-11-11,三井住友・ＤＣつみたてＮＩＳＡ・日本株インデックスファンド,32948,32948,32948,74077,0
2022-11-14,三井住友・ＤＣつみたてＮＩＳＡ・日本株インデックスファンド,32598,32598,32598,73304,0
2022-11-15,三井住友・ＤＣつみたてＮＩＳＡ・日本株インデックスファンド,32722,32722,32722,73559,0
2022-11-16,三井住友・ＤＣつみたてＮＩＳＡ・日本株インデックスファンド,32707,32707,32707,73932,0
2022-11-17,三井住友・ＤＣつみたてＮＩＳＡ・日本株インデックスファンド,32758,32758,32758,74060,0
2022-11-18,三井住友・ＤＣつみたてＮＩＳＡ・日本株インデックスファンド,32770,32770,32770,74086,0
2022-11-21,三井住友・ＤＣつみたてＮＩＳＡ・日本株インデックスファンド,32862,32862,32862,74306,0
2022-11-22,三井住友・ＤＣつみたてＮＩＳＡ・日本株インデックスファンド,33232,33232,33232,75139,0
2022-11-24,三井住友・ＤＣつみたてＮＩＳＡ・日本株インデックスファンド,33632,33632,33632,76069,0
2022-11-25,三井住友・ＤＣつみたてＮＩＳＡ・日本株インデックスファンド,33620,33620,33620,76049,0
2022-11-28,三井住友・ＤＣつみたてＮＩＳＡ・日本株インデックスファンド,33390,33390,33390,75527,0
2022-11-29,三井住友・ＤＣつみたてＮＩＳＡ・日本株インデックスファンド,33201,33201,33201,75094,0
2022-11-30,三井住友・ＤＣつみたてＮＩＳＡ・日本株インデックスファンド,33080,33080,33080,74957,0
2022-12-01,三井住友・ＤＣつみたてＮＩＳＡ・日本株インデックスファンド,33093,33093,33093,74983,0
2022-12-02,三井住友・ＤＣつみたてＮＩＳＡ・日本株インデックスファンド,32550,32550,32550,73796,0
2022-12-05,三井住友・ＤＣつみたてＮＩＳＡ・日本株インデックスファンド,32449,32449,32449,73562,0
2022-12-06,三井住友・ＤＣつみたてＮＩＳＡ・日本株インデックスファンド,32487,32487,32487,73642,0
2022-12-07,三井住友・ＤＣつみたてＮＩＳＡ・日本株インデックスファンド,32454,32454,32454,73586,0
2022-12-08,三井住友・ＤＣつみたてＮＩＳＡ・日本株インデックスファンド,32343,32343,32343,73346,0
2022-12-09,三井住友・ＤＣつみたてＮＩＳＡ・日本株インデックスファンド,32677,32677,32677,74132,0
2022-12-12,三井住友・ＤＣつみたてＮＩＳＡ・日本株インデックスファンド,32606,32606,32606,73987,0
2022-12-13,三井住友・ＤＣつみたてＮＩＳＡ・日本株インデックスファンド,32745,32745,32745,74762,0
2022-12-14,三井住友・ＤＣつみたてＮＩＳＡ・日本株インデックスファンド,32939,32939,32939,75191,0
2022-12-15,三井住友・ＤＣつみたてＮＩＳＡ・日本株インデックスファンド,32880,32880,32880,75066,0
2022-12-16,三井住友・ＤＣつみたてＮＩＳＡ・日本株インデックスファンド,32487,32487,32487,74578,0
2022-12-19,三井住友・ＤＣつみたてＮＩＳＡ・日本株インデックスファンド,32241,32241,32241,74040,0
2022-12-20,三井住友・ＤＣつみたてＮＩＳＡ・日本株インデックスファンド,31745,31745,31745,72906,0
2022-12-21,三井住友・ＤＣつみたてＮＩＳＡ・日本株インデックスファンド,31538,31538,31538,72421,0
2022-12-22,三井住友・ＤＣつみたてＮＩＳＡ・日本株インデックスファンド,31786,31786,31786,73026,0
2022-12-23,三井住友・ＤＣつみたてＮＩＳＡ・日本株インデックスファンド,31616,31616,31616,72634,0
2022-12-26,三井住友・ＤＣつみたてＮＩＳＡ・日本株インデックスファンド,31693,31693,31693,72852,0
2022-12-27,三井住友・ＤＣつみたてＮＩＳＡ・日本株インデックスファンド,31819,31819,31819,73168,0
2022-12-28,三井住友・ＤＣつみたてＮＩＳＡ・日本株インデックスファンド,31799,31799,31799,73290,0
2022-12-29,三井住友・ＤＣつみたてＮＩＳＡ・日本株インデックスファンド,31623,31623,31623,72884,0
2022-12-30,三井住友・ＤＣつみたてＮＩＳＡ・日本株インデックスファンド,31565,31565,31565,72756,0
2023-01-04,三井住友・ＤＣつみたてＮＩＳＡ・日本株インデックスファンド,31168,31168,31168,71850,0
2023-01-05,三井住友・ＤＣつみたてＮＩＳＡ・日本株インデックスファンド,31180,31180,31180,71896,0
2023-01-06,三井住友・ＤＣつみたてＮＩＳＡ・日本株インデックスファンド,31295,31295,31295,72166,0
2023-01-10,三井住友・ＤＣつみたてＮＩＳＡ・日本株インデックスファンド,31381,31381,31381,72389,0
2023-01-11,三井住友・ＤＣつみたてＮＩＳＡ・日本株インデックスファンド,31720,31720,31720,73679,0
2023-01-12,三井住友・ＤＣつみたてＮＩＳＡ・日本株インデックスファンド,31835,31835,31835,74004,0
2023-01-13,三井住友・ＤＣつみたてＮＩＳＡ・日本株インデックスファンド,31751,31751,31751,73852,0
2023-01-16,三井住友・ＤＣつみたてＮＩＳＡ・日本株インデックスファンド,31470,31470,31470,73210,0
2023-01-17,三井住友・ＤＣつみたてＮＩＳＡ・日本株インデックスファンド,31748,31748,31748,73859,0
2023-01-18,三井住友・ＤＣつみたてＮＩＳＡ・日本株インデックスファンド,32281,32281,32281,75619,0
2023-01-19,三井住友・ＤＣつみたてＮＩＳＡ・日本株インデックスファンド,31958,31958,31958,74902,0
2023-01-20,三井住友・ＤＣつみたてＮＩＳＡ・日本株インデックスファンド,32147,32147,32147,75343,0
2023-01-23,三井住友・ＤＣつみたてＮＩＳＡ・日本株インデックスファンド,32456,32456,32456,76073,0
2023-01-24,三井住友・ＤＣつみたてＮＩＳＡ・日本株インデックスファンド,32916,32916,32916,77143,0
2023-01-25,三井住友・ＤＣつみたてＮＩＳＡ・日本株インデックスファンド,33044,33044,33044,77394,0
2023-01-26,三井住友・ＤＣつみたてＮＩＳＡ・日本株インデックスファンド,33007,33007,33007,77297,0
2023-01-27,三井住友・ＤＣつみたてＮＩＳＡ・日本株インデックスファンド,33076,33076,33076,77446,0
2023-01-30,三井住友・ＤＣつみたてＮＩＳＡ・日本株インデックスファンド,33073,33073,33073,77557,0
2023-01-31,三井住友・ＤＣつみたてＮＩＳＡ・日本株インデックスファンド,32954,32954,32954,77272,0
2023-02-01,三井住友・ＤＣつみたてＮＩＳＡ・日本株インデックスファンド,32903,32903,32903,77155,0
2023-02-02,三井住友・ＤＣつみたてＮＩＳＡ・日本株インデックスファンド,32785,32785,32785,76899,0
2023-02-03,三井住友・ＤＣつみたてＮＩＳＡ・日本株インデックスファンド,32868,32868,32868,77087,0
2023-02-06,三井住友・ＤＣつみたてＮＩＳＡ・日本株インデックスファンド,33018,33018,33018,77436,0
2023-02-07,三井住友・ＤＣつみたてＮＩＳＡ・日本株インデックスファンド,33088,33088,33088,77588,0
2023-02-08,三井住友・ＤＣつみたてＮＩＳＡ・日本株インデックスファンド,33098,33098,33098,77629,0
2023-02-09,三井住友・ＤＣつみたてＮＩＳＡ・日本株インデックスファンド,33114,33114,33114,77681,0
2023-02-10,三井住友・ＤＣつみたてＮＩＳＡ・日本株インデックスファンド,33147,33147,33147,77750,0
2023-02-13,三井住友・ＤＣつみたてＮＩＳＡ・日本株インデックスファンド,32992,32992,32992,77786,0
2023-02-14,三井住友・ＤＣつみたてＮＩＳＡ・日本株インデックスファンド,33250,33250,33250,78418,0
2023-02-15,三井住友・ＤＣつみたてＮＩＳＡ・日本株インデックスファンド,33159,33159,33159,78628,0
2023-02-16,三井住友・ＤＣつみたてＮＩＳＡ・日本株インデックスファンド,33382,33382,33382,79179,0
2023-02-17,三井住友・ＤＣつみたてＮＩＳＡ・日本株インデックスファンド,33230,33230,33230,78828,0
2023-02-20,三井住友・ＤＣつみたてＮＩＳＡ・日本株インデックスファンド,33358,33358,33358,79139,0
2023-02-21,三井住友・ＤＣつみたてＮＩＳＡ・日本株インデックスファンド,33321,33321,33321,79034,0
2023-02-22,三井住友・ＤＣつみたてＮＩＳＡ・日本株インデックスファンド,32950,32950,32950,78207,0
2023-02-24,三井住友・ＤＣつみたてＮＩＳＡ・日本株インデックスファンド,33169,33169,33169,78732,0
2023-02-27,三井住友・ＤＣつみたてＮＩＳＡ・日本株インデックスファンド,33251,33251,33251,78938,0
2023-02-28,三井住友・ＤＣつみたてＮＩＳＡ・日本株インデックスファンド,33260,33260,33260,78963,0
2023-03-01,三井住友・ＤＣつみたてＮＩＳＡ・日本株インデックスファンド,33336,33336,33336,79294,0
2023-03-02,三井住友・ＤＣつみたてＮＩＳＡ・日本株インデックスファンド,33281,33281,33281,79211,0
2023-03-03,三井住友・ＤＣつみたてＮＩＳＡ・日本株インデックスファンド,33698,33698,33698,80214,0
2023-03-06,三井住友・ＤＣつみたてＮＩＳＡ・日本株インデックスファンド,33980,33980,33980,80875,0
2023-03-07,三井住友・ＤＣつみたてＮＩＳＡ・日本株インデックスファンド,34122,34122,34122,81197,0
2023-03-08,三井住友・ＤＣつみたてＮＩＳＡ・日本株インデックスファンド,34226,34226,34226,81441,0
2023-03-09,三井住友・ＤＣつみたてＮＩＳＡ・日本株インデックスファンド,34559,34559,34559,82242,0
2023-03-10,三井住友・ＤＣつみたてＮＩＳＡ・日本株インデックスファンド,33899,33899,33899,80677,0
2023-03-13,三井住友・ＤＣつみたてＮＩＳＡ・日本株インデックスファンド,33388,33388,33388,79876,0
2023-03-14,三井住友・ＤＣつみたてＮＩＳＡ・日本株インデックスファンド,32494,32494,32494,77764,0
2023-03-15,三井住友・ＤＣつみたてＮＩＳＡ・日本株インデックスファンド,32706,32706,32706,78281,0
2023-03-16,三井住友・ＤＣつみたてＮＩＳＡ・日本株インデックスファンド,32319,32319,32319,77392,0
2023-03-17,三井住友・ＤＣつみたてＮＩＳＡ・日本株インデックスファンド,32694,32694,32694,78791,0
2023-03-20,三井住友・ＤＣつみたてＮＩＳＡ・日本株インデックスファンド,32188,32188,32188,77633,0
2023-03-22,三井住友・ＤＣつみたてＮＩＳＡ・日本株インデックスファンド,32750,32750,32750,79006,0
2023-03-23,三井住友・ＤＣつみたてＮＩＳＡ・日本株インデックスファンド,32657,32657,32657,78825,0
2023-03-24,三井住友・ＤＣつみたてＮＩＳＡ・日本株インデックスファンド,32625,32625,32625,78780,0
2023-03-27,三井住友・ＤＣつみたてＮＩＳＡ・日本株インデックスファンド,32733,32733,32733,79057,0
2023-03-28,三井住友・ＤＣつみたてＮＩＳＡ・日本株インデックスファンド,32813,32813,32813,79267,0
2023-03-29,三井住友・ＤＣつみたてＮＩＳＡ・日本株インデックスファンド,33294,33294,33294,80601,0
2023-03-30,三井住友・ＤＣつみたてＮＩＳＡ・日本株インデックスファンド,33480,33480,33480,81051,0
2023-03-31,三井住友・ＤＣつみたてＮＩＳＡ・日本株インデックスファンド,33819,33819,33819,81881,0
2023-04-03,三井住友・ＤＣつみたてＮＩＳＡ・日本株インデックスファンド,34060,34060,34060,82461,0
2023-04-04,三井住友・ＤＣつみたてＮＩＳＡ・日本株インデックスファンド,34143,34143,34143,82674,0
2023-04-05,三井住友・ＤＣつみたてＮＩＳＡ・日本株インデックスファンド,33485,33485,33485,81065,0
2023-04-06,三井住友・ＤＣつみたてＮＩＳＡ・日本株インデックスファンド,33105,33105,33105,80158,0
2023-04-07,三井住友・ＤＣつみたてＮＩＳＡ・日本株インデックスファンド,33176,33176,33176,80323,0
2023-04-10,三井住友・ＤＣつみたてＮＩＳＡ・日本株インデックスファンド,33361,33361,33361,80784,0
2023-04-11,三井住友・ＤＣつみたてＮＩＳＡ・日本株インデックスファンド,33619,33619,33619,81843,0
2023-04-12,三井住友・ＤＣつみたてＮＩＳＡ・日本株インデックスファンド,33874,33874,33874,82514,0
2023-04-13,三井住友・ＤＣつみたてＮＩＳＡ・日本株インデックスファンド,33892,33892,33892,82542,0
2023-04-14,三井住友・ＤＣつみたてＮＩＳＡ・日本株インデックスファンド,34072,34072,34072,83414,0
2023-04-17,三井住友・ＤＣつみたてＮＩＳＡ・日本株インデックスファンド,34213,34213,34213,83780,0
2023-04-18,三井住友・ＤＣつみたてＮＩＳＡ・日本株インデックスファンド,34447,34447,34447,84326,0
2023-04-19,三井住友・ＤＣつみたてＮＩＳＡ・日本株インデックスファンド,34437,34437,34437,84296,0
2023-04-20,三井住友・ＤＣつみたてＮＩＳＡ・日本株インデックスファンド,34426,34426,34426,84298,0
2023-04-21,三井住友・ＤＣつみたてＮＩＳＡ・日本株インデックスファンド,34347,34347,34347,84066,0
2023-04-24,三井住友・ＤＣつみたてＮＩＳＡ・日本株インデックスファンド,34387,34387,34387,84175,0
2023-04-25,三井住友・ＤＣつみたてＮＩＳＡ・日本株インデックスファンド,34468,34468,34468,84373,0
2023-04-26,三井住友・ＤＣつみたてＮＩＳＡ・日本株インデックスファンド,34159,34159,34159,83595,0
2023-04-27,三井住友・ＤＣつみたてＮＩＳＡ・日本株インデックスファンド,34304,34304,34304,83968,0
2023-04-28,三井住友・ＤＣつみたてＮＩＳＡ・日本株インデックスファンド,34726,34726,34726,85136,0
2023-05-01,三井住友・ＤＣつみたてＮＩＳＡ・日本株インデックスファンド,35075,35075,35075,85985,0
2023-05-02,三井住友・ＤＣつみたてＮＩＳＡ・日本株インデックスファンド,35031,35031,35031,85921,0
2023-05-08,三井住友・ＤＣつみたてＮＩＳＡ・日本株インデックスファンド,34957,34957,34957,85713,0
2023-05-09,三井住友・ＤＣつみたてＮＩＳＡ・日本株インデックスファンド,35402,35402,35402,86787,0
2023-05-10,三井住友・ＤＣつみたてＮＩＳＡ・日本株インデックスファンド,35209,35209,35209,86311,0
2023-05-11,三井住友・ＤＣつみたてＮＩＳＡ・日本株インデックスファンド,35167,35167,35167,86661,0
2023-05-12,三井住友・ＤＣつみたてＮＩＳＡ・日本株インデックスファンド,35395,35395,35395,87269,0
2023-05-15,三井住友・ＤＣつみたてＮＩＳＡ・日本株インデックスファンド,35710,35710,35710,88070,0
2023-05-16,三井住友・ＤＣつみたてＮＩＳＡ・日本株インデックスファンド,35918,35918,35918,88573,0
2023-05-17,三井住友・ＤＣつみたてＮＩＳＡ・日本株インデックスファンド,36026,36026,36026,88815,0
2023-05-18,三井住友・ＤＣつみたてＮＩＳＡ・日本株インデックスファンド,36437,36437,36437,89825,0
2023-05-19,三井住友・ＤＣつみたてＮＩＳＡ・日本株インデックスファンド,36503,36503,36503,90466,0
2023-05-22,三井住友・ＤＣつみたてＮＩＳＡ・日本株インデックスファンド,36740,36740,36740,91053,0
2023-05-23,三井住友・ＤＣつみたてＮＩＳＡ・日本株インデックスファンド,36495,36495,36495,90399,0
2023-05-24,三井住友・ＤＣつみたてＮＩＳＡ・日本株インデックスファンド,36342,36342,36342,90073,0
2023-05-25,三井住友・ＤＣつみたてＮＩＳＡ・日本株インデックスファンド,36237,36237,36237,89801,0
2023-05-26,三井住友・ＤＣつみたてＮＩＳＡ・日本株インデックスファンド,36231,36231,36231,89835,0
2023-05-29,三井住友・ＤＣつみたてＮＩＳＡ・日本株インデックスファンド,36482,36482,36482,90441,0
2023-05-30,三井住友・ＤＣつみたてＮＩＳＡ・日本株インデックスファンド,36459,36459,36459,90540,0
2023-05-31,三井住友・ＤＣつみたてＮＩＳＡ・日本株インデックスファンド,35974,35974,35974,89361,0
2023-06-01,三井住友・ＤＣつみたてＮＩＳＡ・日本株インデックスファンド,36291,36291,36291,90179,0
2023-06-02,三井住友・ＤＣつみたてＮＩＳＡ・日本株インデックスファンド,36856,36856,36856,91611,0
2023-06-05,三井住友・ＤＣつみたてＮＩＳＡ・日本株インデックスファンド,37482,37482,37482,93179,0
2023-06-06,三井住友・ＤＣつみたてＮＩＳＡ・日本株インデックスファンド,37757,37757,37757,93845,0
2023-06-07,三井住友・ＤＣつみたてＮＩＳＡ・日本株インデックスファンド,37252,37252,37252,92563,0
2023-06-08,三井住友・ＤＣつみたてＮＩＳＡ・日本株インデックスファンド,37003,37003,37003,91916,0
2023-06-09,三井住友・ＤＣつみたてＮＩＳＡ・日本株インデックスファンド,37557,37557,37557,93346,0
2023-06-12,三井住友・ＤＣつみたてＮＩＳＡ・日本株インデックスファンド,37801,37801,37801,93931,0
2023-06-13,三井住友・ＤＣつみたてＮＩＳＡ・日本株インデックスファンド,38240,38240,38240,95484,0
2023-06-14,三井住友・ＤＣつみたてＮＩＳＡ・日本株インデックスファンド,38744,38744,38744,96751,0
2023-06-15,三井住友・ＤＣつみたてＮＩＳＡ・日本株インデックスファンド,38733,38733,38733,97212,0
2023-06-16,三井住友・ＤＣつみたてＮＩＳＡ・日本株インデックスファンド,38839,38839,38839,97480,0
2023-06-19,三井住友・ＤＣつみたてＮＩＳＡ・日本株インデックスファンド,38676,38676,38676,97070,0
2023-06-20,三井住友・ＤＣつみたてＮＩＳＡ・日本株インデックスファンド,38563,38563,38563,96771,0
2023-06-21,三井住友・ＤＣつみたてＮＩＳＡ・日本株インデックスファンド,38753,38753,38753,97267,0
2023-06-22,三井住友・ＤＣつみたてＮＩＳＡ・日本株インデックスファンド,38774,38774,38774,97374,0
2023-06-23,三井住友・ＤＣつみたてＮＩＳＡ・日本株インデックスファンド,38236,38236,38236,96051,0
2023-06-26,三井住友・ＤＣつみたてＮＩＳＡ・日本株インデックスファンド,38159,38159,38159,95888,0
2023-06-27,三井住友・ＤＣつみたてＮＩＳＡ・日本株インデックスファンド,38053,38053,38053,95640,0
2023-06-28,三井住友・ＤＣつみたてＮＩＳＡ・日本株インデックスファンド,38809,38809,38809,97694,0
2023-06-29,三井住友・ＤＣつみたてＮＩＳＡ・日本株インデックスファンド,38816,38816,38816,97755,0
2023-06-30,三井住友・ＤＣつみたてＮＩＳＡ・日本株インデックスファンド,38688,38688,38688,97437,0
2023-07-03,三井住友・ＤＣつみたてＮＩＳＡ・日本株インデックスファンド,39231,39231,39231,98814,0
2023-07-04,三井住友・ＤＣつみたてＮＩＳＡ・日本株インデックスファンド,38987,38987,38987,98174,0
2023-07-05,三井住友・ＤＣつみたてＮＩＳＡ・日本株インデックスファンド,38981,38981,38981,98167,0
2023-07-06,三井住友・ＤＣつみたてＮＩＳＡ・日本株インデックスファンド,38491,38491,38491,96958,0
2023-07-07,三井住友・ＤＣつみたてＮＩＳＡ・日本株インデックスファンド,38116,38116,38116,96029,0
2023-07-10,三井住友・ＤＣつみたてＮＩＳＡ・日本株インデックスファンド,37920,37920,37920,95553,0
2023-07-11,三井住友・ＤＣつみたてＮＩＳＡ・日本株インデックスファンド,37804,37804,37804,95780,0
2023-07-12,三井住友・ＤＣつみたてＮＩＳＡ・日本株インデックスファンド,37552,37552,37552,95185,0
2023-07-13,三井住友・ＤＣつみたてＮＩＳＡ・日本株インデックスファンド,37914,37914,37914,96134,0
2023-07-14,三井住友・ＤＣつみたてＮＩＳＡ・日本株インデックスファンド,37847,37847,37847,96446,0
2023-07-18,三井住友・ＤＣつみたてＮＩＳＡ・日本株インデックスファンド,38068,38068,38068,97041,0
2023-07-19,三井住友・ＤＣつみたてＮＩＳＡ・日本株インデックスファンド,38523,38523,38523,98211,0
2023-07-20,三井住友・ＤＣつみたてＮＩＳＡ・日本株インデックスファンド,38214,38214,38214,97441,0
2023-07-21,三井住友・ＤＣつみたてＮＩＳＡ・日本株インデックスファンド,38236,38236,38236,97515,0
2023-07-24,三井住友・ＤＣつみたてＮＩＳＡ・日本株インデックスファンド,38557,38557,38557,98375,0
2023-07-25,三井住友・ＤＣつみたてＮＩＳＡ・日本株インデックスファンド,38629,38629,38629,98530,0
2023-07-26,三井住友・ＤＣつみたてＮＩＳＡ・日本株インデックスファンド,38590,38590,38590,98440,0
2023-07-27,三井住友・ＤＣつみたてＮＩＳＡ・日本株インデックスファンド,38795,38795,38795,98967,0
2023-07-28,三井住友・ＤＣつみたてＮＩＳＡ・日本株インデックスファンド,38721,38721,38721,98937,0
2023-07-31,三井住友・ＤＣつみたてＮＩＳＡ・日本株インデックスファンド,39262,39262,39262,100308,0
2023-08-01,三井住友・ＤＣつみたてＮＩＳＡ・日本株インデックスファンド,39509,39509,39509,100933,0
2023-08-02,三井住友・ＤＣつみたてＮＩＳＡ・日本株インデックスファンド,38907,38907,38907,99419,0
2023-08-03,三井住友・ＤＣつみたてＮＩＳＡ・日本株インデックスファンド,38343,38343,38343,97981,0
2023-08-04,三井住友・ＤＣつみたてＮＩＳＡ・日本株インデックスファンド,38448,38448,38448,98256,0
2023-08-07,三井住友・ＤＣつみたてＮＩＳＡ・日本株インデックスファンド,38608,38608,38608,98692,0
2023-08-08,三井住友・ＤＣつみたてＮＩＳＡ・日本株インデックスファンド,38738,38738,38738,99041,0
2023-08-09,三井住友・ＤＣつみたてＮＩＳＡ・日本株インデックスファンド,38584,38584,38584,98724,0
2023-08-10,三井住友・ＤＣつみたてＮＩＳＡ・日本株インデックスファンド,38938,38938,38938,99633,0
2023-08-14,三井住友・ＤＣつみたてＮＩＳＡ・日本株インデックスファンド,38554,38554,38554,99074,0
2023-08-15,三井住友・ＤＣつみたてＮＩＳＡ・日本株インデックスファンド,38712,38712,38712,99502,0
2023-08-16,三井住友・ＤＣつみたてＮＩＳＡ・日本株インデックスファンド,38213,38213,38213,98721,0
2023-08-17,三井住友・ＤＣつみたてＮＩＳＡ・日本株インデックスファンド,38083,38083,38083,98433,0
2023-08-18,三井住友・ＤＣつみたてＮＩＳＡ・日本株インデックスファンド,37816,37816,37816,97751,0
2023-08-21,三井住友・ＤＣつみたてＮＩＳＡ・日本株インデックスファンド,37885,37885,37885,97940,0
2023-08-22,三井住友・ＤＣつみたてＮＩＳＡ・日本株インデックスファンド,38296,38296,38296,98980,0
2023-08-23,三井住友・ＤＣつみたてＮＩＳＡ・日本株インデックスファンド,38487,38487,38487,99512,0
2023-08-24,三井住友・ＤＣつみたてＮＩＳＡ・日本株インデックスファンド,38648,38648,38648,99947,0
2023-08-25,三井住友・ＤＣつみたてＮＩＳＡ・日本株インデックスファンド,38307,38307,38307,99081,0
2023-08-28,三井住友・ＤＣつみたてＮＩＳＡ・日本株インデックスファンド,38871,38871,38871,100540,0
2023-08-29,三井住友・ＤＣつみたてＮＩＳＡ・日本株インデックスファンド,38932,38932,38932,100692,0
2023-08-30,三井住友・ＤＣつみたてＮＩＳＡ・日本株インデックスファンド,39108,39108,39108,101296,0
2023-08-31,三井住友・ＤＣつみたてＮＩＳＡ・日本株インデックスファンド,39423,39423,39423,102116,0
2023-09-01,三井住友・ＤＣつみたてＮＩＳＡ・日本株インデックスファンド,39723,39723,39723,102896,0
2023-09-04,三井住友・ＤＣつみたてＮＩＳＡ・日本株インデックスファンド,40129,40129,40129,103963,0
2023-09-05,三井住友・ＤＣつみたてＮＩＳＡ・日本株インデックスファンド,40198,40198,40198,104146,0
2023-09-06,三井住友・ＤＣつみたてＮＩＳＡ・日本株インデックスファンド,40447,40447,40447,104788,0
2023-09-07,三井住友・ＤＣつみたてＮＩＳＡ・日本株インデックスファンド,40293,40293,40293,104425,0
2023-09-08,三井住友・ＤＣつみたてＮＩＳＡ・日本株インデックスファンド,39880,39880,39880,103331,0
2023-09-11,三井住友・ＤＣつみたてＮＩＳＡ・日本株インデックスファンド,39905,39905,39905,103417,0
2023-09-12,三井住友・ＤＣつみたてＮＩＳＡ・日本株インデックスファンド,40232,40232,40232,104751,0
2023-09-13,三井住友・ＤＣつみたてＮＩＳＡ・日本株インデックスファンド,40210,40210,40210,104713,0
2023-09-14,三井住友・ＤＣつみたてＮＩＳＡ・日本株インデックスファンド,40665,40665,40665,105922,0
2023-09-15,三井住友・ＤＣつみたてＮＩＳＡ・日本株インデックスファンド,41050,41050,41050,107402,0
2023-09-19,三井住友・ＤＣつみたてＮＩＳＡ・日本株インデックスファンド,41084,41084,41084,107521,0
2023-09-20,三井住友・ＤＣつみたてＮＩＳＡ・日本株インデックスファンド,40673,40673,40673,106464,0
2023-09-21,三井住友・ＤＣつみたてＮＩＳＡ・日本株インデックスファンド,40290,40290,40290,105481,0
2023-09-22,三井住友・ＤＣつみたてＮＩＳＡ・日本株インデックスファンド,40170,40170,40170,105242,0
2023-09-25,三井住友・ＤＣつみたてＮＩＳＡ・日本株インデックスファンド,40324,40324,40324,105711,0
2023-09-26,三井住友・ＤＣつみたてＮＩＳＡ・日本株インデックスファンド,40095,40095,40095,105144,0
2023-09-27,三井住友・ＤＣつみたてＮＩＳＡ・日本株インデックスファンド,40223,40223,40223,105537,0
2023-09-28,三井住友・ＤＣつみたてＮＩＳＡ・日本株インデックスファンド,40000,40000,40000,105123,0
2023-09-29,三井住友・ＤＣつみたてＮＩＳＡ・日本株インデックスファンド,39624,39624,39624,104163,0
2023-10-02,三井住友・ＤＣつみたてＮＩＳＡ・日本株インデックスファンド,39471,39471,39471,103790,0
2023-10-03,三井住友・ＤＣつみたてＮＩＳＡ・日本株インデックスファンド,38804,38804,38804,102089,0
2023-10-04,三井住友・ＤＣつみたてＮＩＳＡ・日本株インデックスファンド,37837,37837,37837,99593,0
2023-10-05,三井住友・ＤＣつみたてＮＩＳＡ・日本株インデックスファンド,38603,38603,38603,101640,0
2023-10-06,三井住友・ＤＣつみたてＮＩＳＡ・日本株インデックスファンド,38609,38609,38609,101684,0
2023-10-10,三井住友・ＤＣつみたてＮＩＳＡ・日本株インデックスファンド,39428,39428,39428,103912,0
2023-10-11,三井住友・ＤＣつみたてＮＩＳＡ・日本株インデックスファンド,39355,39355,39355,104196,0
2023-10-12,三井住友・ＤＣつみたてＮＩＳＡ・日本株インデックスファンド,39947,39947,39947,105856,0
2023-10-13,三井住友・ＤＣつみたてＮＩＳＡ・日本株インデックスファンド,39370,39370,39370,104322,0
2023-10-16,三井住友・ＤＣつみたてＮＩＳＡ・日本株インデックスファンド,38770,38770,38770,102741,0
2023-10-17,三井住友・ＤＣつみたてＮＩＳＡ・日本株インデックスファンド,39085,39085,39085,104080,0
2023-10-18,三井住友・ＤＣつみたてＮＩＳＡ・日本株インデックスファンド,39140,39140,39140,104243,0
2023-10-19,三井住友・ＤＣつみたてＮＩＳＡ・日本株インデックスファンド,38607,38607,38607,102823,0
2023-10-20,三井住友・ＤＣつみたてＮＩＳＡ・日本株インデックスファンド,38462,38462,38462,102450,0
2023-10-23,三井住友・ＤＣつみたてＮＩＳＡ・日本株インデックスファンド,38175,38175,38175,101688,0
2023-10-24,三井住友・ＤＣつみたてＮＩＳＡ・日本株インデックスファンド,38209,38209,38209,101814,0
2023-10-25,三井住友・ＤＣつみたてＮＩＳＡ・日本株インデックスファンド,38440,38440,38440,102459,0
2023-10-26,三井住友・ＤＣつみたてＮＩＳＡ・日本株インデックスファンド,37926,37926,37926,101102,0
2023-10-27,三井住友・ＤＣつみたてＮＩＳＡ・日本株インデックスファンド,38446,38446,38446,102546,0
2023-10-30,三井住友・ＤＣつみたてＮＩＳＡ・日本株インデックスファンド,38049,38049,38049,101660,0
2023-10-31,三井住友・ＤＣつみたてＮＩＳＡ・日本株インデックスファンド,38430,38430,38430,102693,0
2023-11-01,三井住友・ＤＣつみたてＮＩＳＡ・日本株インデックスファンド,39405,39405,39405,105343,0
2023-11-02,三井住友・ＤＣつみたてＮＩＳＡ・日本株インデックスファンド,39603,39603,39603,105926,0
2023-11-06,三井住友・ＤＣつみたてＮＩＳＡ・日本株インデックスファンド,40255,40255,40255,107712,0
2023-11-07,三井住友・ＤＣつみたてＮＩＳＡ・日本株インデックスファンド,39782,39782,39782,106418,0
2023-11-08,三井住友・ＤＣつみたてＮＩＳＡ・日本株インデックスファンド,39322,39322,39322,105197,0
2023-11-09,三井住友・ＤＣつみたてＮＩＳＡ・日本株インデックスファンド,39821,39821,39821,106575,0
2023-11-10,三井住友・ＤＣつみたてＮＩＳＡ・日本株インデックスファンド,39852,39852,39852,106695,0
2023-11-13,三井住友・ＤＣつみたてＮＩＳＡ・日本株インデックスファンド,39850,39850,39850,107151,0
2023-11-14,三井住友・ＤＣつみたてＮＩＳＡ・日本株インデックスファンド,40000,40000,40000,107553,0
2023-11-15,三井住友・ＤＣつみたてＮＩＳＡ・日本株インデックスファンド,40477,40477,40477,108829,0
2023-11-16,三井住友・ＤＣつみたてＮＩＳＡ・日本株インデックスファンド,40401,40401,40401,109150,0
2023-11-17,三井住友・ＤＣつみたてＮＩＳＡ・日本株インデックスファンド,40783,40783,40783,110206,0
2023-11-20,三井住友・ＤＣつみたてＮＩＳＡ・日本株インデックスファンド,40466,40466,40466,109339,0
2023-11-21,三井住友・ＤＣつみたてＮＩＳＡ・日本株インデックスファンド,40383,40383,40383,109110,0
2023-11-22,三井住友・ＤＣつみたてＮＩＳＡ・日本株インデックスファンド,40560,40560,40560,109640,0
2023-11-24,三井住友・ＤＣつみたてＮＩＳＡ・日本株インデックスファンド,40777,40777,40777,110229,0
2023-11-27,三井住友・ＤＣつみたてＮＩＳＡ・日本株インデックスファンド,40621,40621,40621,109808,0
2023-11-28,三井住友・ＤＣつみたてＮＩＳＡ・日本株インデックスファンド,40535,40535,40535,109543,0
2023-11-29,三井住友・ＤＣつみたてＮＩＳＡ・日本株インデックスファンド,40328,40328,40328,109169,0
2023-11-30,三井住友・ＤＣつみたてＮＩＳＡ・日本株インデックスファンド,40507,40507,40507,109683,0
2023-12-01,三井住友・ＤＣつみたてＮＩＳＡ・日本株インデックスファンド,40635,40635,40635,110084,0
2023-12-04,三井住友・ＤＣつみたてＮＩＳＡ・日本株インデックスファンド,40295,40295,40295,109215,0
2023-12-05,三井住友・ＤＣつみたてＮＩＳＡ・日本株インデックスファンド,39955,39955,39955,108206,0
2023-12-06,三井住友・ＤＣつみたてＮＩＳＡ・日本株インデックスファンド,40715,40715,40715,110284,0
2023-12-07,三井住友・ＤＣつみたてＮＩＳＡ・日本株インデックスファンド,40250,40250,40250,109052,0
2023-12-08,三井住友・ＤＣつみたてＮＩＳＡ・日本株インデックスファンド,39643,39643,39643,107460,0
2023-12-11,三井住友・ＤＣつみたてＮＩＳＡ・日本株インデックスファンド,40225,40225,40225,109067,0
2023-12-12,三井住友・ＤＣつみたてＮＩＳＡ・日本株インデックスファンド,40133,40133,40133,109274,0
2023-12-13,三井住友・ＤＣつみたてＮＩＳＡ・日本株インデックスファンド,40166,40166,40166,109335,0
2023-12-14,三井住友・ＤＣつみたてＮＩＳＡ・日本株インデックスファンド,39591,39591,39591,107789,0
2023-12-15,三井住友・ＤＣつみたてＮＩＳＡ・日本株インデックスファンド,39777,39777,39777,108817,0
2023-12-18,三井住友・ＤＣつみたてＮＩＳＡ・日本株インデックスファンド,39513,39513,39513,108122,0
2023-12-19,三井住友・ＤＣつみたてＮＩＳＡ・日本株インデックスファンド,39804,39804,39804,108925,0
2023-12-20,三井住友・ＤＣつみたてＮＩＳＡ・日本株インデックスファンド,40070,40070,40070,109646,0
2023-12-21,三井住友・ＤＣつみたてＮＩＳＡ・日本株インデックスファンド,39670,39670,39670,108584,0
2023-12-22,三井住友・ＤＣつみたてＮＩＳＡ・日本株インデックスファンド,39848,39848,39848,109123,0
2023-12-25,三井住友・ＤＣつみたてＮＩＳＡ・日本株インデックスファンド,39864,39864,39864,109158,0
2023-12-26,三井住友・ＤＣつみたてＮＩＳＡ・日本株インデックスファンド,39889,39889,39889,109248,0
2023-12-27,三井住友・ＤＣつみたてＮＩＳＡ・日本株インデックスファンド,40343,40343,40343,110511,0
2023-12-28,三井住友・ＤＣつみたてＮＩＳＡ・日本株インデックスファンド,40339,40339,40339,110640,0
2023-12-29,三井住友・ＤＣつみたてＮＩＳＡ・日本株インデックスファンド,40415,40415,40415,110844,0
2024-01-04,三井住友・ＤＣつみたてＮＩＳＡ・日本株インデックスファンド,40625,40625,40625,111390,0
2024-01-05,三井住友・ＤＣつみたてＮＩＳＡ・日本株インデックスファンド,40877,40877,40877,112038,0
2024-01-09,三井住友・ＤＣつみたてＮＩＳＡ・日本株インデックスファンド,41212,41212,41212,112974,0
2024-01-10,三井住友・ＤＣつみたてＮＩＳＡ・日本株インデックスファンド,41750,41750,41750,114423,0
2024-01-11,三井住友・ＤＣつみたてＮＩＳＡ・日本株インデックスファンド,42407,42407,42407,116687,0
2024-01-12,三井住友・ＤＣつみたてＮＩＳＡ・日本株インデックスファンド,42598,42598,42598,117161,0
2024-01-15,三井住友・ＤＣつみたてＮＩＳＡ・日本株インデックスファンド,43119,43119,43119,118591,0
2024-01-16,三井住友・ＤＣつみたてＮＩＳＡ・日本株インデックスファンド,42765,42765,42765,117567,0
2024-01-17,三井住友・ＤＣつみたてＮＩＳＡ・日本株インデックスファンド,42634,42634,42634,117185,0
2024-01-18,三井住友・ＤＣつみたてＮＩＳＡ・日本株インデックスファンド,42562,42562,42562,117073,0
2024-01-19,三井住友・ＤＣつみたてＮＩＳＡ・日本株インデックスファンド,42866,42866,42866,118541,0
2024-01-22,三井住友・ＤＣつみたてＮＩＳＡ・日本株インデックスファンド,43462,43462,43462,120285,0
2024-01-23,三井住友・ＤＣつみたてＮＩＳＡ・日本株インデックスファンド,43412,43412,43412,120139,0
2024-01-24,三井住友・ＤＣつみたてＮＩＳＡ・日本株インデックスファンド,43193,43193,43193,119625,0
2024-01-25,三井住友・ＤＣつみたてＮＩＳＡ・日本株インデックスファンド,43238,43238,43238,119790,0
2024-01-26,三井住友・ＤＣつみたてＮＩＳＡ・日本株インデックスファンド,42653,42653,42653,118192,0
2024-01-29,三井住友・ＤＣつみたてＮＩＳＡ・日本株インデックスファンド,43196,43196,43196,119727,0
2024-01-30,三井住友・ＤＣつみたてＮＩＳＡ・日本株インデックスファンド,43154,43154,43154,119648,0
2024-01-31,三井住友・ＤＣつみたてＮＩＳＡ・日本株インデックスファンド,43569,43569,43569,120838,0
2024-02-01,三井住友・ＤＣつみたてＮＩＳＡ・日本株インデックスファンド,43275,43275,43275,120074,0
2024-02-02,三井住友・ＤＣつみたてＮＩＳＡ・日本株インデックスファンド,43372,43372,43372,120387,0
2024-02-05,三井住友・ＤＣつみたてＮＩＳＡ・日本株インデックスファンド,43665,43665,43665,121173,0
2024-02-06,三井住友・ＤＣつみたてＮＩＳＡ・日本株インデックスファンド,43364,43364,43364,120306,0
2024-02-07,三井住友・ＤＣつみたてＮＩＳＡ・日本株インデックスファンド,43548,43548,43548,120856,0
2024-02-08,三井住友・ＤＣつみたてＮＩＳＡ・日本株インデックスファンド,43766,43766,43766,121489,0
2024-02-09,三井住友・ＤＣつみたてＮＩＳＡ・日本株インデックスファンド,43687,43687,43687,121321,0
2024-02-13,三井住友・ＤＣつみたてＮＩＳＡ・日本株インデックスファンド,44621,44621,44621,123910,0
2024-02-14,三井住友・ＤＣつみたてＮＩＳＡ・日本株インデックスファンド,44147,44147,44147,123006,0
2024-02-15,三井住友・ＤＣつみたてＮＩＳＡ・日本株インデックスファンド,44267,44267,44267,123350,0
2024-02-16,三井住友・ＤＣつみたてＮＩＳＡ・日本株インデックスファンド,44833,44833,44833,125486,0
2024-02-19,三井住友・ＤＣつみたてＮＩＳＡ・日本株インデックスファンド,45088,45088,45088,126255,0
2024-02-20,三井住友・ＤＣつみたてＮＩＳＡ・日本株インデックスファンド,44962,44962,44962,125840,0
2024-02-21,三井住友・ＤＣつみたてＮＩＳＡ・日本株インデックスファンド,44874,44874,44874,125604,0
2024-02-22,三井住友・ＤＣつみたてＮＩＳＡ・日本株インデックスファンド,45445,45445,45445,127318,0
2024-02-26,三井住友・ＤＣつみたてＮＩＳＡ・日本株インデックスファンド,45666,45666,45666,127967,0
2024-02-27,三井住友・ＤＣつみたてＮＩＳＡ・日本株インデックスファンド,45749,45749,45749,128201,0
2024-02-28,三井住友・ＤＣつみたてＮＩＳＡ・日本株インデックスファンド,45696,45696,45696,128201,0
2024-02-29,三井住友・ＤＣつみたてＮＩＳＡ・日本株インデックスファンド,45711,45711,45711,128267,0
2024-03-01,三井住友・ＤＣつみたてＮＩＳＡ・日本株インデックスファンド,46286,46286,46286,129971,0
2024-03-04,三井住友・ＤＣつみたてＮＩＳＡ・日本株インデックスファンド,46232,46232,46232,129865,0
2024-03-05,三井住友・ＤＣつみたてＮＩＳＡ・日本株インデックスファンド,46464,46464,46464,130455,0
2024-03-06,三井住友・ＤＣつみたてＮＩＳＡ・日本株インデックスファンド,46648,46648,46648,130913,0
2024-03-07,三井住友・ＤＣつみたてＮＩＳＡ・日本株インデックスファンド,46442,46442,46442,130329,0
2024-03-08,三井住友・ＤＣつみたてＮＩＳＡ・日本株インデックスファンド,46583,46583,46583,130739,0
2024-03-11,三井住友・ＤＣつみたてＮＩＳＡ・日本株インデックスファンド,45555,45555,45555,127879,0
2024-03-12,三井住友・ＤＣつみたてＮＩＳＡ・日本株インデックスファンド,45391,45391,45391,127882,0
2024-03-13,三井住友・ＤＣつみたてＮＩＳＡ・日本株インデックスファンド,45241,45241,45241,127426,0
2024-03-14,三井住友・ＤＣつみたてＮＩＳＡ・日本株インデックスファンド,45466,45466,45466,128053,0
2024-03-15,三井住友・ＤＣつみたてＮＩＳＡ・日本株インデックスファンド,45623,45623,45623,129028,0
2024-03-18,三井住友・ＤＣつみたてＮＩＳＡ・日本株インデックスファンド,46502,46502,46502,131559,0
2024-03-19,三井住友・ＤＣつみたてＮＩＳＡ・日本株インデックスファンド,46995,46995,46995,132964,0
2024-03-21,三井住友・ＤＣつみたてＮＩＳＡ・日本株インデックスファンド,47771,47771,47771,135151,0
2024-03-22,三井住友・ＤＣつみたてＮＩＳＡ・日本株インデックスファンド,48061,48061,48061,135955,0
2024-03-25,三井住友・ＤＣつみたてＮＩＳＡ・日本株インデックスファンド,47451,47451,47451,134278,0
2024-03-26,三井住友・ＤＣつみたてＮＩＳＡ・日本株インデックスファンド,47506,47506,47506,134386,0
2024-03-27,三井住友・ＤＣつみたてＮＩＳＡ・日本株インデックスファンド,47820,47820,47820,135309,0
2024-03-28,三井住友・ＤＣつみたてＮＩＳＡ・日本株インデックスファンド,47427,47427,47427,134404,0
2024-03-29,三井住友・ＤＣつみたてＮＩＳＡ・日本株インデックスファンド,47735,47735,47735,135342,0
2024-04-01,三井住友・ＤＣつみたてＮＩＳＡ・日本株インデックスファンド,46918,46918,46918,133087,0
2024-04-02,三井住友・ＤＣつみたてＮＩＳＡ・日本株インデックスファンド,46799,46799,46799,132804,0
2024-04-03,三井住友・ＤＣつみたてＮＩＳＡ・日本株インデックスファンド,46664,46664,46664,132443,0
2024-04-04,三井住友・ＤＣつみたてＮＩＳＡ・日本株インデックスファンド,47101,47101,47101,133702,0
2024-04-05,三井住友・ＤＣつみたてＮＩＳＡ・日本株インデックスファンド,46595,46595,46595,132292,0
2024-04-08,三井住友・ＤＣつみたてＮＩＳＡ・日本株インデックスファンド,47038,47038,47038,133594,0
2024-04-09,三井住友・ＤＣつみたてＮＩＳＡ・日本株インデックスファンド,47493,47493,47493,134929,0
2024-04-10,三井住友・ＤＣつみたてＮＩＳＡ・日本株インデックスファンド,47286,47286,47286,134352,0
2024-04-11,三井住友・ＤＣつみたてＮＩＳＡ・日本株インデックスファンド,47359,47359,47359,135015,0
2024-04-12,三井住友・ＤＣつみたてＮＩＳＡ・日本株インデックスファンド,47577,47577,47577,135679,0
2024-04-15,三井住友・ＤＣつみたてＮＩＳＡ・日本株インデックスファンド,47466,47466,47466,135962,0
2024-04-16,三井住友・ＤＣつみたてＮＩＳＡ・日本株インデックスファンド,46497,46497,46497,133220,0
2024-04-17,三井住友・ＤＣつみたてＮＩＳＡ・日本株インデックスファンド,45909,45909,45909,131547,0
2024-04-18,三井住友・ＤＣつみたてＮＩＳＡ・日本株インデックスファンド,46159,46159,46159,132275,0
2024-04-19,三井住友・ＤＣつみたてＮＩＳＡ・日本株インデックスファンド,45275,45275,45275,129759,0
2024-04-22,三井住友・ＤＣつみたてＮＩＳＡ・日本株インデックスファンド,45899,45899,45899,131550,0
2024-04-23,三井住友・ＤＣつみたてＮＩＳＡ・日本株インデックスファンド,45963,45963,45963,131776,0
2024-04-24,三井住友・ＤＣつみたてＮＩＳＡ・日本株インデックスファンド,46731,46731,46731,134062,0
2024-04-25,三井住友・ＤＣつみたてＮＩＳＡ・日本株インデックスファンド,45915,45915,45915,131789,0
2024-04-26,三井住友・ＤＣつみたてＮＩＳＡ・日本株インデックスファンド,46314,46314,46314,133010,0
2024-04-30,三井住友・ＤＣつみたてＮＩＳＡ・日本株インデックスファンド,47297,47297,47297,135892,0
2024-05-01,三井住友・ＤＣつみたてＮＩＳＡ・日本株インデックスファンド,47060,47060,47060,135382,0
2024-05-02,三井住友・ＤＣつみたてＮＩＳＡ・日本株インデックスファンド,47043,47043,47043,135359,0
2024-05-07,三井住友・ＤＣつみたてＮＩＳＡ・日本株インデックスファンド,47352,47352,47352,136357,0
2024-05-08,三井住友・ＤＣつみたてＮＩＳＡ・日本株インデックスファンド,46667,46667,46667,134398,0
2024-05-09,三井住友・ＤＣつみたてＮＩＳＡ・日本株インデックスファンド,46796,46796,46796,134804,0
2024-05-10,三井住友・ＤＣつみたてＮＩＳＡ・日本株インデックスファンド,47054,47054,47054,135588,0
2024-05-13,三井住友・ＤＣつみたてＮＩＳＡ・日本株インデックスファンド,46988,46988,46988,135396,0
2024-05-14,三井住友・ＤＣつみたてＮＩＳＡ・日本株インデックスファンド,47109,47109,47109,135802,0
2024-05-15,三井住友・ＤＣつみたてＮＩＳＡ・日本株インデックスファンド,47110,47110,47110,135818,0
2024-05-16,三井住友・ＤＣつみたてＮＩＳＡ・日本株インデックスファンド,47227,47227,47227,136161,0
2024-05-17,三井住友・ＤＣつみたてＮＩＳＡ・日本株インデックスファンド,47367,47367,47367,136560,0
2024-05-20,三井住友・ＤＣつみたてＮＩＳＡ・日本株インデックスファンド,47753,47753,47753,137659,0
2024-05-21,三井住友・ＤＣつみたてＮＩＳＡ・日本株インデックスファンド,47610,47610,47610,137809,0
2024-05-22,三井住友・ＤＣつみたてＮＩＳＡ・日本株インデックスファンド,47223,47223,47223,136772,0
2024-05-23,三井住友・ＤＣつみたてＮＩＳＡ・日本株インデックスファンド,47523,47523,47523,137664,0
2024-05-24,三井住友・ＤＣつみたてＮＩＳＡ・日本株インデックスファンド,47312,47312,47312,137077,0
2024-05-27,三井住友・ＤＣつみたてＮＩＳＡ・日本株インデックスファンド,47724,47724,47724,138292,0
2024-05-28,三井住友・ＤＣつみたてＮＩＳＡ・日本株インデックスファンド,47761,47761,47761,138396,0
2024-05-29,三井住友・ＤＣつみたてＮＩＳＡ・日本株インデックスファンド,47294,47294,47294,137244,0
2024-05-30,三井住友・ＤＣつみたてＮＩＳＡ・日本株インデックスファンド,47030,47030,47030,136494,0
2024-05-31,三井住友・ＤＣつみたてＮＩＳＡ・日本株インデックスファンド,47831,47831,47831,138880,0
2024-06-03,三井住友・ＤＣつみたてＮＩＳＡ・日本株インデックスファンド,48270,48270,48270,140184,0
2024-06-04,三井住友・ＤＣつみたてＮＩＳＡ・日本株インデックスファンド,48085,48085,48085,139640,0
2024-06-05,三井住友・ＤＣつみたてＮＩＳＡ・日本株インデックスファンド,47410,47410,47410,137748,0
2024-06-06,三井住友・ＤＣつみたてＮＩＳＡ・日本株インデックスファンド,47567,47567,47567,138231,0
2024-06-07,三井住友・ＤＣつみたてＮＩＳＡ・日本株インデックスファンド,47526,47526,47526,138139,0
2024-06-10,三井住友・ＤＣつみたてＮＩＳＡ・日本株インデックスファンド,48000,48000,48000,139500,0
2024-06-11,三井住友・ＤＣつみたてＮＩＳＡ・日本株インデックスファンド,47903,47903,47903,139723,0
2024-06-12,三井住友・ＤＣつみたてＮＩＳＡ・日本株インデックスファンド,47551,47551,47551,138739,0
2024-06-13,三井住友・ＤＣつみたてＮＩＳＡ・日本株インデックスファンド,47124,47124,47124,137492,0
2024-06-14,三井住友・ＤＣつみたてＮＩＳＡ・日本株インデックスファンド,47381,47381,47381,138822,0
2024-06-17,三井住友・ＤＣつみたてＮＩＳＡ・日本株インデックスファンド,46573,46573,46573,136482,0
2024-06-18,三井住友・ＤＣつみたてＮＩＳＡ・日本株インデックスファンド,46846,46846,46846,137301,0
2024-06-19,三井住友・ＤＣつみたてＮＩＳＡ・日本株インデックスファンド,47069,47069,47069,137956,0
2024-06-20,三井住友・ＤＣつみたてＮＩＳＡ・日本株インデックスファンド,47015,47015,47015,137718,0
2024-06-21,三井住友・ＤＣつみたてＮＩＳＡ・日本株インデックスファンド,47000,47000,47000,137658,0
2024-06-24,三井住友・ＤＣつみたてＮＩＳＡ・日本株インデックスファンド,47266,47266,47266,138502,0
2024-06-25,三井住友・ＤＣつみたてＮＩＳＡ・日本株インデックスファンド,48081,48081,48081,140854,0
2024-06-26,三井住友・ＤＣつみたてＮＩＳＡ・日本株インデックスファンド,48350,48350,48350,141647,0
2024-06-27,三井住友・ＤＣつみたてＮＩＳＡ・日本株インデックスファンド,48243,48243,48243,141333,0
2024-06-28,三井住友・ＤＣつみたてＮＩＳＡ・日本株インデックスファンド,48518,48518,48518,142282,0
2024-07-01,三井住友・ＤＣつみたてＮＩＳＡ・日本株インデックスファンド,48770,48770,48770,142985,0
2024-07-02,三井住友・ＤＣつみたてＮＩＳＡ・日本株インデックスファンド,49328,49328,49328,144673,0
2024-07-03,三井住友・ＤＣつみたてＮＩＳＡ・日本株インデックスファンド,49597,49597,49597,145481,0
2024-07-04,三井住友・ＤＣつみたてＮＩＳＡ・日本株インデックスファンド,50049,50049,50049,146767,0
2024-07-05,三井住友・ＤＣつみたてＮＩＳＡ・日本株インデックスファンド,49803,49803,49803,146011,0
2024-07-08,三井住友・ＤＣつみたてＮＩＳＡ・日本株インデックスファンド,49517,49517,49517,145146,0
2024-07-09,三井住友・ＤＣつみたてＮＩＳＡ・日本株インデックスファンド,49999,49999,49999,146576,0
2024-07-10,三井住友・ＤＣつみたてＮＩＳＡ・日本株インデックスファンド,50235,50235,50235,147290,0
2024-07-11,三井住友・ＤＣつみたてＮＩＳＡ・日本株インデックスファンド,50578,50578,50578,148806,0
2024-07-12,三井住友・ＤＣつみたてＮＩＳＡ・日本株インデックスファンド,49982,49982,49982,147140,0
2024-07-16,三井住友・ＤＣつみたてＮＩＳＡ・日本株インデックスファンド,50151,50151,50151,147630,0
2024-07-17,三井住友・ＤＣつみたてＮＩＳＡ・日本株インデックスファンド,50335,50335,50335,148774,0
2024-07-18,三井住友・ＤＣつみたてＮＩＳＡ・日本株インデックスファンド,49531,49531,49531,146452,0
2024-07-19,三井住友・ＤＣつみたてＮＩＳＡ・日本株インデックスファンド,49396,49396,49396,146141,0
2024-07-22,三井住友・ＤＣつみたてＮＩＳＡ・日本株インデックスファンド,48819,48819,48819,144454,0
2024-07-23,三井住友・ＤＣつみたてＮＩＳＡ・日本株インデックスファンド,48920,48920,48920,144769,0
2024-07-24,三井住友・ＤＣつみたてＮＩＳＡ・日本株インデックスファンド,48224,48224,48224,142801,0
2024-07-25,三井住友・ＤＣつみたてＮＩＳＡ・日本株インデックスファンド,46785,46785,46785,138580,0
2024-07-26,三井住友・ＤＣつみたてＮＩＳＡ・日本株インデックスファンド,46607,46607,46607,138098,0
2024-07-29,三井住友・ＤＣつみたてＮＩＳＡ・日本株インデックスファンド,47643,47643,47643,141145,0
2024-07-30,三井住友・ＤＣつみたてＮＩＳＡ・日本株インデックスファンド,47557,47557,47557,141105,0
2024-07-31,三井住友・ＤＣつみたてＮＩＳＡ・日本株インデックスファンド,48247,48247,48247,143241,0
2024-08-01,三井住友・ＤＣつみたてＮＩＳＡ・日本株インデックスファンド,46679,46679,46679,138712,0
2024-08-02,三井住友・ＤＣつみたてＮＩＳＡ・日本株インデックスファンド,43812,43812,43812,130246,0
2024-08-05,三井住友・ＤＣつみたてＮＩＳＡ・日本株インデックスファンド,38442,38442,38442,114276,0
2024-08-06,三井住友・ＤＣつみたてＮＩＳＡ・日本株インデックスファンド,42021,42021,42021,124819,0
2024-08-07,三井住友・ＤＣつみたてＮＩＳＡ・日本株インデックスファンド,42974,42974,42974,127680,0
2024-08-08,三井住友・ＤＣつみたてＮＩＳＡ・日本株インデックスファンド,42501,42501,42501,126390,0
2024-08-09,三井住友・ＤＣつみたてＮＩＳＡ・日本株インデックスファンド,42873,42873,42873,127769,0
2024-08-13,三井住友・ＤＣつみたてＮＩＳＡ・日本株インデックスファンド,44089,44089,44089,131513,0
2024-08-14,三井住友・ＤＣつみたてＮＩＳＡ・日本株インデックスファンド,44576,44576,44576,133509,0
2024-08-15,三井住友・ＤＣつみたてＮＩＳＡ・日本株インデックスファンド,44902,44902,44902,134494,0
2024-08-16,三井住友・ＤＣつみたてＮＩＳＡ・日本株インデックスファンド,46247,46247,46247,139182,0
2024-08-19,三井住友・ＤＣつみたてＮＩＳＡ・日本株インデックスファンド,45592,45592,45592,137306,0
2024-08-20,三井住友・ＤＣつみたてＮＩＳＡ・日本株インデックスファンド,46105,46105,46105,138874,0
2024-08-21,三井住友・ＤＣつみたてＮＩＳＡ・日本株インデックスファンド,46009,46009,46009,138586,0
2024-08-22,三井住友・ＤＣつみたてＮＩＳＡ・日本株インデックスファンド,46122,46122,46122,139020,0
2024-08-23,三井住友・ＤＣつみたてＮＩＳＡ・日本株インデックスファンド,46351,46351,46351,139746,0
2024-08-26,三井住友・ＤＣつみたてＮＩＳＡ・日本株インデックスファンド,45946,45946,45946,138528,0
2024-08-27,三井住友・ＤＣつみたてＮＩＳＡ・日本株インデックスファンド,46282,46282,46282,139551,0
2024-08-28,三井住友・ＤＣつみたてＮＩＳＡ・日本株インデックスファンド,46477,46477,46477,140329,0
2024-08-29,三井住友・ＤＣつみたてＮＩＳＡ・日本株インデックスファンド,46502,46502,46502,140400,0
2024-08-30,三井住友・ＤＣつみたてＮＩＳＡ・日本株インデックスファンド,46842,46842,46842,141523,0
2024-09-02,三井住友・ＤＣつみたてＮＩＳＡ・日本株インデックスファンド,46898,46898,46898,141682,0
2024-09-03,三井住友・ＤＣつみたてＮＩＳＡ・日本株インデックスファンド,47198,47198,47198,142633,0
2024-09-04,三井住友・ＤＣつみたてＮＩＳＡ・日本株インデックスファンド,45473,45473,45473,137409,0
2024-09-05,三井住友・ＤＣつみたてＮＩＳＡ・日本株インデックスファンド,45252,45252,45252,136793,0
2024-09-06,三井住友・ＤＣつみたてＮＩＳＡ・日本株インデックスファンド,44848,44848,44848,135556,0
2024-09-09,三井住友・ＤＣつみたてＮＩＳＡ・日本株インデックスファンド,44545,44545,44545,134673,0
2024-09-10,三井住友・ＤＣつみたてＮＩＳＡ・日本株インデックスファンド,44488,44488,44488,134553,0
2024-09-11,三井住友・ＤＣつみたてＮＩＳＡ・日本株インデックスファンド,43698,43698,43698,132632,0
2024-09-12,三井住友・ＤＣつみたてＮＩＳＡ・日本株インデックスファンド,44761,44761,44761,135949,0
2024-09-13,三井住友・ＤＣつみたてＮＩＳＡ・日本株インデックスファンド,44392,44392,44392,135450,0
2024-09-17,三井住友・ＤＣつみたてＮＩＳＡ・日本株インデックスファンド,44127,44127,44127,134650,0
2024-09-18,三井住友・ＤＣつみたてＮＩＳＡ・日本株インデックスファンド,44293,44293,44293,135144,0
2024-09-19,三井住友・ＤＣつみたてＮＩＳＡ・日本株インデックスファンド,45183,45183,45183,137921,0
2024-09-20,三井住友・ＤＣつみたてＮＩＳＡ・日本株インデックスファンド,45624,45624,45624,139269,0
2024-09-24,三井住友・ＤＣつみたてＮＩＳＡ・日本株インデックスファンド,45874,45874,45874,140050,0
2024-09-25,三井住友・ＤＣつみたてＮＩＳＡ・日本株インデックスファンド,45766,45766,45766,139759,0
2024-09-26,三井住友・ＤＣつみたてＮＩＳＡ・日本株インデックスファンド,46986,46986,46986,143496,0
2024-09-27,三井住友・ＤＣつみたてＮＩＳＡ・日本株インデックスファンド,47773,47773,47773,145925,0
2024-09-30,三井住友・ＤＣつみたてＮＩＳＡ・日本株インデックスファンド,46120,46120,46120,141045,0
2024-10-01,三井住友・ＤＣつみたてＮＩＳＡ・日本株インデックスファンド,46904,46904,46904,143393,0
2024-10-02,三井住友・ＤＣつみたてＮＩＳＡ・日本株インデックスファンド,46221,46221,46221,141395,0
2024-10-03,三井住友・ＤＣつみたてＮＩＳＡ・日本株インデックスファンド,46777,46777,46777,143164,0
2024-10-04,三井住友・ＤＣつみたてＮＩＳＡ・日本株インデックスファンド,46955,46955,46955,143710,0
2024-10-07,三井住友・ＤＣつみたてＮＩＳＡ・日本株インデックスファンド,47746,47746,47746,146117,0
2024-10-08,三井住友・ＤＣつみたてＮＩＳＡ・日本株インデックスファンド,47045,47045,47045,143892,0
2024-10-09,三井住友・ＤＣつみたてＮＩＳＡ・日本株インデックスファンド,47185,47185,47185,144338,0
2024-10-10,三井住友・ＤＣつみたてＮＩＳＡ・日本株インデックスファンド,47278,47278,47278,144610,0
2024-10-11,三井住友・ＤＣつみたてＮＩＳＡ・日本株インデックスファンド,47166,47166,47166,144695,0
2024-10-15,三井住友・ＤＣつみたてＮＩＳＡ・日本株インデックスファンド,47468,47468,47468,145684,0
2024-10-16,三井住友・ＤＣつみたてＮＩＳＡ・日本株インデックスファンド,46894,46894,46894,143877,0
2024-10-17,三井住友・ＤＣつみたてＮＩＳＡ・日本株インデックスファンド,46847,46847,46847,144293,0
2024-10-18,三井住友・ＤＣつみたてＮＩＳＡ・日本株インデックスファンド,46865,46865,46865,144300,0
2024-10-21,三井住友・ＤＣつみたてＮＩＳＡ・日本株インデックスファンド,46706,46706,46706,143801,0
2024-10-22,三井住友・ＤＣつみたてＮＩＳＡ・日本株インデックスファンド,46209,46209,46209,142186,0
2024-10-23,三井住友・ＤＣつみたてＮＩＳＡ・日本株インデックスファンド,45954,45954,45954,141440,0
2024-10-24,三井住友・ＤＣつみたてＮＩＳＡ・日本株インデックスファンド,45930,45930,45930,141303,0
2024-10-25,三井住友・ＤＣつみたてＮＩＳＡ・日本株インデックスファンド,45633,45633,45633,140323,0
2024-10-28,三井住友・ＤＣつみたてＮＩＳＡ・日本株インデックスファンド,46319,46319,46319,142393,0
2024-10-29,三井住友・ＤＣつみたてＮＩＳＡ・日本株インデックスファンド,46743,46743,46743,143713,0
2024-10-30,三井住友・ＤＣつみたてＮＩＳＡ・日本株インデックスファンド,47127,47127,47127,145052,0
2024-10-31,三井住友・ＤＣつみたてＮＩＳＡ・日本株インデックスファンド,46983,46983,46983,144611,0
2024-11-01,三井住友・ＤＣつみたてＮＩＳＡ・日本株インデックスファンド,46089,46089,46089,141921,0
2024-11-05,三井住友・ＤＣつみたてＮＩＳＡ・日本株インデックスファンド,46443,46443,46443,143047,0
2024-11-06,三井住友・ＤＣつみたてＮＩＳＡ・日本株インデックスファンド,47343,47343,47343,145825,0
2024-11-07,三井住友・ＤＣつみたてＮＩＳＡ・日本株インデックスファンド,47815,47815,47815,147297,0
2024-11-08,三井住友・ＤＣつみたてＮＩＳＡ・日本株インデックスファンド,47802,47802,47802,147250,0
2024-11-11,三井住友・ＤＣつみたてＮＩＳＡ・日本株インデックスファンド,47758,47758,47758,147103,0
2024-11-12,三井住友・ＤＣつみたてＮＩＳＡ・日本株インデックスファンド,47791,47791,47791,147584,0
2024-11-13,三井住友・ＤＣつみたてＮＩＳＡ・日本株インデックスファンド,47211,47211,47211,145733,0
2024-11-14,三井住友・ＤＣつみたてＮＩＳＡ・日本株インデックスファンド,47090,47090,47090,145340,0
2024-11-15,三井住友・ＤＣつみたてＮＩＳＡ・日本株インデックスファンド,47271,47271,47271,145854,0
2024-11-18,三井住友・ＤＣつみたてＮＩＳＡ・日本株インデックスファンド,46927,46927,46927,145421,0
2024-11-19,三井住友・ＤＣつみたてＮＩＳＡ・日本株インデックスファンド,47246,47246,47246,146378,0
2024-11-20,三井住友・ＤＣつみたてＮＩＳＡ・日本株インデックスファンド,47043,47043,47043,145753,0
2024-11-21,三井住友・ＤＣつみたてＮＩＳＡ・日本株インデックスファンド,46770,46770,46770,144890,0
2024-11-22,三井住友・ＤＣつみたてＮＩＳＡ・日本株インデックスファンド,47010,47010,47010,145716,0
2024-11-25,三井住友・ＤＣつみたてＮＩＳＡ・日本株インデックスファンド,47338,47338,47338,146707,0
2024-11-26,三井住友・ＤＣつみたてＮＩＳＡ・日本株インデックスファンド,46889,46889,46889,145274,0
2024-11-27,三井住友・ＤＣつみたてＮＩＳＡ・日本株インデックスファンド,46463,46463,46463,143912,0
2024-11-28,三井住友・ＤＣつみたてＮＩＳＡ・日本株インデックスファンド,46847,46847,46847,145240,0
2024-11-29,三井住友・ＤＣつみたてＮＩＳＡ・日本株インデックスファンド,46731,46731,46731,144860,0
2024-12-02,三井住友・ＤＣつみたてＮＩＳＡ・日本株インデックスファンド,47323,47323,47323,146765,0
2024-12-03,三井住友・ＤＣつみたてＮＩＳＡ・日本株インデックスファンド,48002,48002,48002,148906,0
2024-12-04,三井住友・ＤＣつみたてＮＩＳＡ・日本株インデックスファンド,47777,47777,47777,148195,0
2024-12-05,三井住友・ＤＣつみたてＮＩＳＡ・日本株インデックスファンド,47805,47805,47805,148193,0
2024-12-06,三井住友・ＤＣつみたてＮＩＳＡ・日本株インデックスファンド,47542,47542,47542,147326,0
2024-12-09,三井住友・ＤＣつみたてＮＩＳＡ・日本株インデックスファンド,47674,47674,47674,147721,0
2024-12-10,三井住友・ＤＣつみたてＮＩＳＡ・日本株インデックスファンド,47790,47790,47790,148071,0
2024-12-11,三井住友・ＤＣつみたてＮＩＳＡ・日本株インデックスファンド,47929,47929,47929,148899,0
2024-12-12,三井住友・ＤＣつみたてＮＩＳＡ・日本株インデックスファンド,48340,48340,48340,150239,0
2024-12-13,三井住友・ＤＣつみたてＮＩＳＡ・日本株インデックスファンド,47880,47880,47880,148761,0
2024-12-16,三井住友・ＤＣつみたてＮＩＳＡ・日本株インデックスファンド,47736,47736,47736,148816,0
2024-12-17,三井住友・ＤＣつみたてＮＩＳＡ・日本株インデックスファンド,47561,47561,47561,148254,0
2024-12-18,三井住友・ＤＣつみたてＮＩＳＡ・日本株インデックスファンド,47415,47415,47415,147838,0
2024-12-19,三井住友・ＤＣつみたてＮＩＳＡ・日本株インデックスファンド,47314,47314,47314,147482,0
2024-12-20,三井住友・ＤＣつみたてＮＩＳＡ・日本株インデックスファンド,47102,47102,47102,146773,0
2024-12-23,三井住友・ＤＣつみたてＮＩＳＡ・日本株インデックスファンド,47534,47534,47534,148087,0
2024-12-24,三井住友・ＤＣつみたてＮＩＳＡ・日本株インデックスファンド,47544,47544,47544,148146,0
2024-12-25,三井住友・ＤＣつみたてＮＩＳＡ・日本株インデックスファンド,47659,47659,47659,148497,0
2024-12-26,三井住友・ＤＣつみたてＮＩＳＡ・日本株インデックスファンド,48230,48230,48230,150328,0
2024-12-27,三井住友・ＤＣつみたてＮＩＳＡ・日本株インデックスファンド,48900,48900,48900,152437,0
2024-12-30,三井住友・ＤＣつみたてＮＩＳＡ・日本株インデックスファンド,48607,48607,48607,151627,0
2025-01-06,三井住友・ＤＣつみたてＮＩＳＡ・日本株インデックスファンド,48106,48106,48106,149980,0
2025-01-07,三井住友・ＤＣつみたてＮＩＳＡ・日本株インデックスファンド,48631,48631,48631,151659,0
2025-01-08,三井住友・ＤＣつみたてＮＩＳＡ・日本株インデックスファンド,48340,48340,48340,150736,0
2025-01-09,三井住友・ＤＣつみたてＮＩＳＡ・日本株インデックスファンド,47747,47747,47747,148917,0
2025-01-10,三井住友・ＤＣつみたてＮＩＳＡ・日本株インデックスファンド,47368,47368,47368,147777,0
2025-01-14,三井住友・ＤＣつみたてＮＩＳＡ・日本株インデックスファンド,46814,46814,46814,146509,0
2025-01-15,三井住友・ＤＣつみたてＮＩＳＡ・日本株インデックスファンド,46957,46957,46957,146989,0
2025-01-16,三井住友・ＤＣつみたてＮＩＳＡ・日本株インデックスファンド,46916,46916,46916,146858,0
2025-01-17,三井住友・ＤＣつみたてＮＩＳＡ・日本株インデックスファンド,46759,46759,46759,146399,0
2025-01-20,三井住友・ＤＣつみたてＮＩＳＡ・日本株インデックスファンド,47314,47314,47314,148179,0
2025-01-21,三井住友・ＤＣつみたてＮＩＳＡ・日本株インデックスファンド,47351,47351,47351,148237,0
2025-01-22,三井住友・ＤＣつみたてＮＩＳＡ・日本株インデックスファンド,47764,47764,47764,150227,0
2025-01-23,三井住友・ＤＣつみたてＮＩＳＡ・日本株インデックスファンド,48018,48018,48018,151006,0
2025-01-24,三井住友・ＤＣつみたてＮＩＳＡ・日本株インデックスファンド,48006,48006,48006,150891,0
2025-01-27,三井住友・ＤＣつみたてＮＩＳＡ・日本株インデックスファンド,48127,48127,48127,151250,0
2025-01-28,三井住友・ＤＣつみたてＮＩＳＡ・日本株インデックスファンド,48110,48110,48110,151124,0
2025-01-29,三井住友・ＤＣつみたてＮＩＳＡ・日本株インデックスファンド,48437,48437,48437,152306,0
2025-01-30,三井住友・ＤＣつみたてＮＩＳＡ・日本株インデックスファンド,48548,48548,48548,152671,0
2025-01-31,三井住友・ＤＣつみたてＮＩＳＡ・日本株インデックスファンド,48667,48667,48667,153158,0
2025-02-03,三井住友・ＤＣつみたてＮＩＳＡ・日本株インデックスファンド,47474,47474,47474,149386,0
2025-02-04,三井住友・ＤＣつみたてＮＩＳＡ・日本株インデックスファンド,47780,47780,47780,150323,0
2025-02-05,三井住友・ＤＣつみたてＮＩＳＡ・日本株インデックスファンド,47909,47909,47909,150751,0
2025-02-06,三井住友・ＤＣつみたてＮＩＳＡ・日本株インデックスファンド,48029,48029,48029,151127,0
2025-02-07,三井住友・ＤＣつみたてＮＩＳＡ・日本株インデックスファンド,47767,47767,47767,150280,0
2025-02-10,三井住友・ＤＣつみたてＮＩＳＡ・日本株インデックスファンド,47691,47691,47691,150042,0
2025-02-12,三井住友・ＤＣつみたてＮＩＳＡ・日本株インデックスファンド,47698,47698,47698,150520,0
2025-02-13,三井住友・ＤＣつみたてＮＩＳＡ・日本株インデックスファンド,48262,48262,48262,152318,0
2025-02-14,三井住友・ＤＣつみたてＮＩＳＡ・日本株インデックスファンド,48148,48148,48148,152035,0
2025-02-17,三井住友・ＤＣつみたてＮＩＳＡ・日本株インデックスファンド,48284,48284,48284,153091,0
2025-02-18,三井住友・ＤＣつみたてＮＩＳＡ・日本株インデックスファンド,48434,48434,48434,153606,0
2025-02-19,三井住友・ＤＣつみたてＮＩＳＡ・日本株インデックスファンド,48289,48289,48289,153129,0
2025-02-20,三井住友・ＤＣつみたてＮＩＳＡ・日本株インデックスファンド,47719,47719,47719,151325,0
2025-02-21,三井住友・ＤＣつみたてＮＩＳＡ・日本株インデックスファンド,47752,47752,47752,151424,0
2025-02-25,三井住友・ＤＣつみたてＮＩＳＡ・日本株インデックスファンド,47545,47545,47545,150821,0
2025-02-26,三井住友・ＤＣつみたてＮＩＳＡ・日本株インデックスファンド,47400,47400,47400,150380,0
2025-02-27,三井住友・ＤＣつみたてＮＩＳＡ・日本株インデックスファンド,47759,47759,47759,151551,0
2025-02-28,三井住友・ＤＣつみたてＮＩＳＡ・日本株インデックスファンド,46812,46812,46812,148699,0
2025-03-03,三井住友・ＤＣつみたてＮＩＳＡ・日本株インデックスファンド,47643,47643,47643,151390,0
2025-03-04,三井住友・ＤＣつみたてＮＩＳＡ・日本株インデックスファンド,47305,47305,47305,150480,0
2025-03-05,三井住友・ＤＣつみたてＮＩＳＡ・日本株インデックスファンド,47446,47446,47446,151766,0
2025-03-06,三井住友・ＤＣつみたてＮＩＳＡ・日本株インデックスファンド,48026,48026,48026,153643,0
2025-03-07,三井住友・ＤＣつみたてＮＩＳＡ・日本株インデックスファンド,47275,47275,47275,151274,0
2025-03-10,三井住友・ＤＣつみたてＮＩＳＡ・日本株インデックスファンド,47139,47139,47139,150871,0
2025-03-11,三井住友・ＤＣつみたてＮＩＳＡ・日本株インデックスファンド,46615,46615,46615,149655,0
2025-03-12,三井住友・ＤＣつみたてＮＩＳＡ・日本株インデックスファンド,47036,47036,47036,151057,0
2025-03-13,三井住友・ＤＣつみたてＮＩＳＡ・日本株インデックスファンド,47097,47097,47097,151260,0
2025-03-14,三井住友・ＤＣつみたてＮＩＳＡ・日本株インデックスファンド,47404,47404,47404,152244,0
2025-03-17,三井住友・ＤＣつみたてＮＩＳＡ・日本株インデックスファンド,47969,47969,47969,154094,0
2025-03-18,三井住友・ＤＣつみたてＮＩＳＡ・日本株インデックスファンド,48588,48588,48588,156796,0
2025-03-19,三井住友・ＤＣつみたてＮＩＳＡ・日本株インデックスファンド,48803,48803,48803,157525,0
2025-03-21,三井住友・ＤＣつみたてＮＩＳＡ・日本株インデックスファンド,48945,48945,48945,157959,0
2025-03-24,三井住友・ＤＣつみたてＮＩＳＡ・日本株インデックスファンド,48712,48712,48712,157233,0
2025-03-25,三井住友・ＤＣつみたてＮＩＳＡ・日本株インデックスファンド,48830,48830,48830,157667,0
2025-03-26,三井住友・ＤＣつみたてＮＩＳＡ・日本株インデックスファンド,49097,49097,49097,158534,0
2025-03-27,三井住友・ＤＣつみたてＮＩＳＡ・日本株インデックスファンド,49140,49140,49140,158699,0
2025-03-28,三井住友・ＤＣつみたてＮＩＳＡ・日本株インデックスファンド,48645,48645,48645,157289,0
2025-03-31,三井住友・ＤＣつみたてＮＩＳＡ・日本株インデックスファンド,46912,46912,46912,151692,0
2025-04-01,三井住友・ＤＣつみたてＮＩＳＡ・日本株インデックスファンド,46963,46963,46963,151960,0
2025-04-02,三井住友・ＤＣつみたてＮＩＳＡ・日本株インデックスファンド,46761,46761,46761,151320,0
2025-04-03,三井住友・ＤＣつみたてＮＩＳＡ・日本株インデックスファンド,45321,45321,45321,146706,0
2025-04-04,三井住友・ＤＣつみたてＮＩＳＡ・日本株インデックスファンド,43788,43788,43788,141818,0
2025-04-07,三井住友・ＤＣつみたてＮＩＳＡ・日本株インデックスファンド,40368,40368,40368,130713,0
2025-04-08,三井住友・ＤＣつみたてＮＩＳＡ・日本株インデックスファンド,42908,42908,42908,138856,0
2025-04-09,三井住友・ＤＣつみたてＮＩＳＡ・日本株インデックスファンド,41448,41448,41448,134211,0
2025-04-10,三井住友・ＤＣつみたてＮＩＳＡ・日本株インデックスファンド,44805,44805,44805,145194,0
2025-04-11,三井住友・ＤＣつみたてＮＩＳＡ・日本株インデックスファンド,43525,43525,43525,141517,0
2025-04-14,三井住友・ＤＣつみたてＮＩＳＡ・日本株インデックスファンド,43913,43913,43913,142911,0
2025-04-15,三井住友・ＤＣつみたてＮＩＳＡ・日本株インデックスファンド,44348,44348,44348,144967,0
2025-04-16,三井住友・ＤＣつみたてＮＩＳＡ・日本株インデックスファンド,44077,44077,44077,144170,0
2025-04-17,三井住友・ＤＣつみたてＮＩＳＡ・日本株インデックスファンド,44646,44646,44646,146070,0
2025-04-18,三井住友・ＤＣつみたてＮＩＳＡ・日本株インデックスファンド,45157,45157,45157,147857,0
2025-04-21,三井住友・ＤＣつみたてＮＩＳＡ・日本株インデックスファンド,44619,44619,44619,146123,0
2025-04-22,三井住友・ＤＣつみたてＮＩＳＡ・日本株インデックスファンド,44680,44680,44680,146351,0
2025-04-23,三井住友・ＤＣつみたてＮＩＳＡ・日本株インデックスファンド,45599,45599,45599,149467,0
2025-04-24,三井住友・ＤＣつみたてＮＩＳＡ・日本株インデックスファンド,45744,45744,45744,149984,0
2025-04-25,三井住友・ＤＣつみたてＮＩＳＡ・日本株インデックスファンド,46375,46375,46375,152059,0
2025-04-28,三井住友・ＤＣつみたてＮＩＳＡ・日本株インデックスファンド,46775,46775,46775,153416,0
2025-04-30,三井住友・ＤＣつみたてＮＩＳＡ・日本株インデックスファンド,47070,47070,47070,154441,0
2025-05-01,三井住友・ＤＣつみたてＮＩＳＡ・日本株インデックスファンド,47292,47292,47292,155319,0
2025-05-02,三井住友・ＤＣつみたてＮＩＳＡ・日本株インデックスファンド,47437,47437,47437,155823,0
2025-05-07,三井住友・ＤＣつみたてＮＩＳＡ・日本株インデックスファンド,47585,47585,47585,156437,0
2025-05-08,三井住友・ＤＣつみたてＮＩＳＡ・日本株インデックスファンド,47634,47634,47634,156581,0
2025-05-09,三井住友・ＤＣつみたてＮＩＳＡ・日本株インデックスファンド,48249,48249,48249,158655,0
2025-05-12,三井住友・ＤＣつみたてＮＩＳＡ・日本株インデックスファンド,48404,48404,48404,159218,0
2025-05-13,三井住友・ＤＣつみたてＮＩＳＡ・日本株インデックスファンド,48938,48938,48938,161415,0
2025-05-14,三井住友・ＤＣつみたてＮＩＳＡ・日本株インデックスファンド,48782,48782,48782,160795,0
2025-05-15,三井住友・ＤＣつみたてＮＩＳＡ・日本株インデックスファンド,48353,48353,48353,159353,0
2025-05-16,三井住友・ＤＣつみたてＮＩＳＡ・日本株インデックスファンド,48385,48385,48385,159576,0
2025-05-19,三井住友・ＤＣつみたてＮＩＳＡ・日本株インデックスファンド,48345,48345,48345,159472,0
2025-05-20,三井住友・ＤＣつみたてＮＩＳＡ・日本株インデックスファンド,48354,48354,48354,159461,0
2025-05-21,三井住友・ＤＣつみたてＮＩＳＡ・日本株インデックスファンド,48249,48249,48249,159793,0
2025-05-22,三井住友・ＤＣつみたてＮＩＳＡ・日本株インデックスファンド,47973,47973,47973,159004,0
2025-05-23,三井住友・ＤＣつみたてＮＩＳＡ・日本株インデックスファンド,48298,48298,48298,160100,0
2025-05-26,三井住友・ＤＣつみたてＮＩＳＡ・日本株インデックスファンド,48588,48588,48588,161100,0
2025-05-27,三井住友・ＤＣつみたてＮＩＳＡ・日本株インデックスファンド,48900,48900,48900,162135,0
2025-05-28,三井住友・ＤＣつみたてＮＩＳＡ・日本株インデックスファンド,48898,48898,48898,162382,0
2025-05-29,三井住友・ＤＣつみたてＮＩＳＡ・日本株インデックスファンド,49647,49647,49647,164933,0
2025-05-30,三井住友・ＤＣつみたてＮＩＳＡ・日本株インデックスファンド,49463,49463,49463,164416,0
2025-06-02,三井住友・ＤＣつみたてＮＩＳＡ・日本株インデックスファンド,49035,49035,49035,163014,0
2025-06-03,三井住友・ＤＣつみたてＮＩＳＡ・日本株インデックスファンド,48926,48926,48926,162751,0
2025-06-04,三井住友・ＤＣつみたてＮＩＳＡ・日本株インデックスファンド,49175,49175,49175,163637,0
2025-06-05,三井住友・ＤＣつみたてＮＩＳＡ・日本株インデックスファンド,48667,48667,48667,161984,0
2025-06-06,三井住友・ＤＣつみたてＮＩＳＡ・日本株インデックスファンド,48897,48897,48897,162804,0
2025-06-09,三井住友・ＤＣつみたてＮＩＳＡ・日本株インデックスファンド,49179,49179,49179,163786,0
2025-06-10,三井住友・ＤＣつみたてＮＩＳＡ・日本株インデックスファンド,49192,49192,49192,163860,0
2025-06-11,三井住友・ＤＣつみたてＮＩＳＡ・日本株インデックスファンド,49237,49237,49237,164452,0
2025-06-12,三井住友・ＤＣつみたてＮＩＳＡ・日本株インデックスファンド,49134,49134,49134,164162,0
2025-06-13,三井住友・ＤＣつみたてＮＩＳＡ・日本株インデックスファンド,48666,48666,48666,163297,0
2025-06-16,三井住友・ＤＣつみたてＮＩＳＡ・日本株インデックスファンド,49032,49032,49032,164542,0
2025-06-17,三井住友・ＤＣつみたてＮＩＳＡ・日本株インデックスファンド,49204,49204,49204,165109,0
2025-06-18,三井住友・ＤＣつみたてＮＩＳＡ・日本株インデックスファンド,49582,49582,49582,166452,0
2025-06-19,三井住友・ＤＣつみたてＮＩＳＡ・日本株インデックスファンド,49295,49295,49295,165537,0
2025-06-20,三井住友・ＤＣつみたてＮＩＳＡ・日本株インデックスファンド,48925,48925,48925,164328,0
2025-06-23,三井住友・ＤＣつみたてＮＩＳＡ・日本株インデックスファンド,48749,48749,48749,163734,0
2025-06-24,三井住友・ＤＣつみたてＮＩＳＡ・日本株インデックスファンド,49107,49107,49107,165107,0
2025-06-25,三井住友・ＤＣつみたてＮＩＳＡ・日本株インデックスファンド,49120,49120,49120,165120,0
2025-06-26,三井住友・ＤＣつみたてＮＩＳＡ・日本株インデックスファンド,49516,49516,49516,166483,0
2025-06-27,三井住友・ＤＣつみたてＮＩＳＡ・日本株インデックスファンド,50213,50213,50213,168840,0
2025-06-30,三井住友・ＤＣつみたてＮＩＳＡ・日本株インデックスファンド,50428,50428,50428,169687,0
2025-07-01,三井住友・ＤＣつみたてＮＩＳＡ・日本株インデックスファンド,50059,50059,50059,168372,0
2025-07-02,三井住友・ＤＣつみたてＮＩＳＡ・日本株インデックスファンド,49953,49953,49953,168048,0
2025-07-03,三井住友・ＤＣつみたてＮＩＳＡ・日本株インデックスファンド,50003,50003,50003,168231,0
2025-07-04,三井住友・ＤＣつみたてＮＩＳＡ・日本株インデックスファンド,49985,49985,49985,168180,0
2025-07-07,三井住友・ＤＣつみたてＮＩＳＡ・日本株インデックスファンド,49698,49698,49698,167183,0
2025-07-08,三井住友・ＤＣつみたてＮＩＳＡ・日本株インデックスファンド,49786,49786,49786,167477,0
2025-07-09,三井住友・ＤＣつみたてＮＩＳＡ・日本株インデックスファンド,49989,49989,49989,168210,0
2025-07-10,三井住友・ＤＣつみたてＮＩＳＡ・日本株インデックスファンド,49710,49710,49710,167277,0
2025-07-11,三井住友・ＤＣつみたてＮＩＳＡ・日本株インデックスファンド,49900,49900,49900,168365,0
2025-07-14,三井住友・ＤＣつみたてＮＩＳＡ・日本株インデックスファンド,49893,49893,49893,168368,0
2025-07-15,三井住友・ＤＣつみたてＮＩＳＡ・日本株インデックスファンド,49937,49937,49937,168489,0
2025-07-16,三井住友・ＤＣつみたてＮＩＳＡ・日本株インデックスファンド,49830,49830,49830,168782,0
2025-07-17,三井住友・ＤＣつみたてＮＩＳＡ・日本株インデックスファンド,50193,50193,50193,170067,0
2025-07-18,三井住友・ＤＣつみたてＮＩＳＡ・日本株インデックスファンド,50099,50099,50099,169785,0
2025-07-22,三井住友・ＤＣつみたてＮＩＳＡ・日本株インデックスファンド,50128,50128,50128,169876,0
2025-07-23,三井住友・ＤＣつみたてＮＩＳＡ・日本株インデックスファンド,51723,51723,51723,175245,0
2025-07-24,三井住友・ＤＣつみたてＮＩＳＡ・日本株インデックスファンド,52628,52628,52628,178410,0
2025-07-25,三井住友・ＤＣつみたてＮＩＳＡ・日本株インデックスファンド,52172,52172,52172,176797,0
2025-07-28,三井住友・ＤＣつみたてＮＩＳＡ・日本株インデックスファンド,51798,51798,51798,175472,0
2025-07-29,三井住友・ＤＣつみたてＮＩＳＡ・日本株インデックスファンド,51409,51409,51409,174105,0
2025-07-30,三井住友・ＤＣつみたてＮＩＳＡ・日本株インデックスファンド,51615,51615,51615,175040,0
2025-07-31,三井住友・ＤＣつみたてＮＩＳＡ・日本株インデックスファンド,52021,52021,52021,176467,0
2025-08-01,三井住友・ＤＣつみたてＮＩＳＡ・日本株インデックスファンド,52120,52120,52120,176925,0
2025-08-04,三井住友・ＤＣつみたてＮＩＳＡ・日本株インデックスファンド,51545,51545,51545,175012,0
2025-08-05,三井住友・ＤＣつみたてＮＩＳＡ・日本株インデックスファンド,51906,51906,51906,176177,0
2025-08-06,三井住友・ＤＣつみたてＮＩＳＡ・日本株インデックスファンド,52436,52436,52436,178068,0
2025-08-07,三井住友・ＤＣつみたてＮＩＳＡ・日本株インデックスファンド,52813,52813,52813,179381,0
2025-08-08,三井住友・ＤＣつみたてＮＩＳＡ・日本株インデックスファンド,53455,53455,53455,181561,0
2025-08-12,三井住友・ＤＣつみたてＮＩＳＡ・日本株インデックスファンド,54200,54200,54200,184129,0
2025-08-13,三井住友・ＤＣつみたてＮＩＳＡ・日本株インデックスファンド,54650,54650,54650,186044,0
2025-08-14,三井住友・ＤＣつみたてＮＩＳＡ・日本株インデックスファンド,54049,54049,54049,183906,0
2025-08-15,三井住友・ＤＣつみたてＮＩＳＡ・日本株インデックスファンド,54928,54928,54928,186791,0
2025-08-18,三井住友・ＤＣつみたてＮＩＳＡ・日本株インデックスファンド,55162,55162,55162,188353,0
2025-08-19,三井住友・ＤＣつみたてＮＩＳＡ・日本株インデックスファンド,55085,55085,55085,188115,0
2025-08-20,三井住友・ＤＣつみたてＮＩＳＡ・日本株インデックスファンド,54773,54773,54773,187019,0
2025-08-21,三井住友・ＤＣつみたてＮＩＳＡ・日本株インデックスファンド,54490,54490,54490,186051,0
2025-08-22,三井住友・ＤＣつみたてＮＩＳＡ・日本株インデックスファンド,54805,54805,54805,187261,0
2025-08-25,三井住友・ＤＣつみたてＮＩＳＡ・日本株インデックスファンド,54887,54887,54887,187548,0
2025-08-26,三井住友・ＤＣつみたてＮＩＳＡ・日本株インデックスファンド,54294,54294,54294,185552,0
2025-08-27,三井住友・ＤＣつみたてＮＩＳＡ・日本株インデックスファンド,54254,54254,54254,185503,0
2025-08-28,三井住友・ＤＣつみたてＮＩＳＡ・日本株インデックスファンド,54623,54623,54623,186977,0
2025-08-29,三井住友・ＤＣつみたてＮＩＳＡ・日本株インデックスファンド,54365,54365,54365,186149,0
2025-09-01,三井住友・ＤＣつみたてＮＩＳＡ・日本株インデックスファンド,54153,54153,54153,185577,0
2025-09-02,三井住友・ＤＣつみたてＮＩＳＡ・日本株インデックスファンド,54483,54483,54483,186736,0
2025-09-03,三井住友・ＤＣつみたてＮＩＳＡ・日本株インデックスファンド,53899,53899,53899,184694,0
2025-09-04,三井住友・ＤＣつみたてＮＩＳＡ・日本株インデックスファンド,54452,54452,54452,186634,0
2025-09-05,三井住友・ＤＣつみたてＮＩＳＡ・日本株インデックスファンド,54897,54897,54897,188166,0
2025-09-08,三井住友・ＤＣつみたてＮＩＳＡ・日本株インデックスファンド,55478,55478,55478,190173,0
2025-09-09,三井住友・ＤＣつみたてＮＩＳＡ・日本株インデックスファンド,55194,55194,55194,189277,0
2025-09-10,三井住友・ＤＣつみたてＮＩＳＡ・日本株インデックスファンド,55528,55528,55528,190437,0
2025-09-11,三井住友・ＤＣつみたてＮＩＳＡ・日本株インデックスファンド,55647,55647,55647,191268,0
2025-09-12,三井住友・ＤＣつみたてＮＩＳＡ・日本株インデックスファンド,55871,55871,55871,192060,0
2025-09-16,三井住友・ＤＣつみたてＮＩＳＡ・日本株インデックスファンド,56009,56009,56009,193219,0
2025-09-17,三井住友・ＤＣつみたてＮＩＳＡ・日本株インデックスファンド,55610,55610,55610,191850,0
2025-09-18,三井住友・ＤＣつみたてＮＩＳＡ・日本株インデックスファンド,55844,55844,55844,192685,0
2025-09-19,三井住友・ＤＣつみたてＮＩＳＡ・日本株インデックスファンド,55644,55644,55644,192099,0
2025-09-22,三井住友・ＤＣつみたてＮＩＳＡ・日本株インデックスファンド,55917,55917,55917,193066,0
2025-09-24,三井住友・ＤＣつみたてＮＩＳＡ・日本株インデックスファンド,56045,56045,56045,193451,0
2025-09-25,三井住友・ＤＣつみたてＮＩＳＡ・日本株インデックスファンド,56309,56309,56309,194442,0
2025-09-26,三井住友・ＤＣつみたてＮＩＳＡ・日本株インデックスファンド,56338,56338,56338,194566,0
2025-09-29,三井住友・ＤＣつみたてＮＩＳＡ・日本株インデックスファンド,55875,55875,55875,192991,0
2025-09-30,三井住友・ＤＣつみたてＮＩＳＡ・日本株インデックスファンド,55980,55980,55980,193541,0
2025-10-01,三井住友・ＤＣつみたてＮＩＳＡ・日本株インデックスファンド,55212,55212,55212,190907,0
2025-10-02,三井住友・ＤＣつみたてＮＩＳＡ・日本株インデックスファンド,55085,55085,55085,190630,0
2025-10-03,三井住友・ＤＣつみたてＮＩＳＡ・日本株インデックスファンド,55830,55830,55830,193238,0
2025-10-06,三井住友・ＤＣつみたてＮＩＳＡ・日本株インデックスファンド,57561,57561,57561,199203,0
2025-10-07,三井住友・ＤＣつみたてＮＩＳＡ・日本株インデックスファンド,57591,57591,57591,199232,0
2025-10-08,三井住友・ＤＣつみたてＮＩＳＡ・日本株インデックスファンド,57728,57728,57728,199694,0
2025-10-09,三井住友・ＤＣつみたてＮＩＳＡ・日本株インデックスファンド,58123,58123,58123,201110,0
2025-10-10,三井住友・ＤＣつみたてＮＩＳＡ・日本株インデックスファンド,57041,57041,57041,197414,0
2025-10-14,三井住友・ＤＣつみたてＮＩＳＡ・日本株インデックスファンド,55911,55911,55911,193887,0
2025-10-15,三井住友・ＤＣつみたてＮＩＳＡ・日本株インデックスファンド,56801,56801,56801,197025,0
2025-10-16,三井住友・ＤＣつみたてＮＩＳＡ・日本株インデックスファンド,57153,57153,57153,198250,0
2025-10-17,三井住友・ＤＣつみたてＮＩＳＡ・日本株インデックスファンド,56562,56562,56562,196943,0
2025-10-20,三井住友・ＤＣつみたてＮＩＳＡ・日本株インデックスファンド,57957,57957,57957,202022,0
2025-10-21,三井住友・ＤＣつみたてＮＩＳＡ・日本株インデックスファンド,57972,57972,57972,202061,0
2025-10-22,三井住友・ＤＣつみたてＮＩＳＡ・日本株インデックスファンド,58275,58275,58275,203210,0
2025-10-23,三井住友・ＤＣつみたてＮＩＳＡ・日本株インデックスファンド,58049,58049,58049,202407,0
2025-10-24,三井住友・ＤＣつみたてＮＩＳＡ・日本株インデックスファンド,58328,58328,58328,203420,0
2025-10-27,三井住友・ＤＣつみたてＮＩＳＡ・日本株インデックスファンド,59320,59320,59320,206904,0
2025-10-28,三井住友・ＤＣつみたてＮＩＳＡ・日本株インデックスファンド,58621,58621,58621,204508,0
2025-10-29,三井住友・ＤＣつみたてＮＩＳＡ・日本株インデックスファンド,58483,58483,58483,204188,0
2025-10-30,三井住友・ＤＣつみたてＮＩＳＡ・日本株インデックスファンド,58886,58886,58886,205686,0
2025-10-31,三井住友・ＤＣつみたてＮＩＳＡ・日本株インデックスファンド,59440,59440,59440,207743,0
2025-11-04,三井住友・ＤＣつみたてＮＩＳＡ・日本株インデックスファンド,59054,59054,59054,206378,0
2025-11-05,三井住友・ＤＣつみたてＮＩＳＡ・日本株インデックスファンド,58307,58307,58307,203736,0
2025-11-06,三井住友・ＤＣつみたてＮＩＳＡ・日本株インデックスファンド,59110,59110,59110,206617,0
2025-11-07,三井住友・ＤＣつみたてＮＩＳＡ・日本株インデックスファンド,58850,58850,58850,205742,0
2025-11-10,三井住友・ＤＣつみたてＮＩＳＡ・日本株インデックスファンド,59187,59187,59187,207009,0
2025-11-11,三井住友・ＤＣつみたてＮＩＳＡ・日本株インデックスファンド,59260,59260,59260,207692,0
2025-11-12,三井住友・ＤＣつみたてＮＩＳＡ・日本株インデックスファンド,59935,59935,59935,210065,0
2025-11-13,三井住友・ＤＣつみたてＮＩＳＡ・日本株インデックスファンド,60337,60337,60337,211415,0
2025-11-14,三井住友・ＤＣつみたてＮＩＳＡ・日本株インデックスファンド,59943,59943,59943,210021,0
2025-11-17,三井住友・ＤＣつみたてＮＩＳＡ・日本株インデックスファンド,59726,59726,59726,209922,0
2025-11-18,三井住友・ＤＣつみたてＮＩＳＡ・日本株インデックスファンド,58000,58000,58000,203947,0
2025-11-19,三井住友・ＤＣつみたてＮＩＳＡ・日本株インデックスファンド,57905,57905,57905,203599,0
2025-11-20,三井住友・ＤＣつみたてＮＩＳＡ・日本株インデックスファンド,58873,58873,58873,206974,0
2025-11-21,三井住友・ＤＣつみたてＮＩＳＡ・日本株インデックスファンド,58838,58838,58838,206899,0
2025-11-25,三井住友・ＤＣつみたてＮＩＳＡ・日本株インデックスファンド,58714,58714,58714,206588,0
2025-11-26,三井住友・ＤＣつみたてＮＩＳＡ・日本株インデックスファンド,59870,59870,59870,210623,0
2025-11-27,三井住友・ＤＣつみたてＮＩＳＡ・日本株インデックスファンド,60102,60102,60102,211453,0
2025-11-28,三井住友・ＤＣつみたてＮＩＳＡ・日本株インデックスファンド,60278,60278,60278,212283,0
2025-12-01,三井住友・ＤＣつみたてＮＩＳＡ・日本株インデックスファンド,59560,59560,59560,209759,0
2025-12-02,三井住友・ＤＣつみたてＮＩＳＡ・日本株インデックスファンド,59607,59607,59607,210075,0
2025-12-03,三井住友・ＤＣつみたてＮＩＳＡ・日本株インデックスファンド,59487,59487,59487,209681,0
2025-12-04,三井住友・ＤＣつみたてＮＩＳＡ・日本株インデックスファンド,60627,60627,60627,213590,0
2025-12-05,三井住友・ＤＣつみたてＮＩＳＡ・日本株インデックスファンド,59990,59990,59990,211340,0
2025-12-08,三井住友・ＤＣつみたてＮＩＳＡ・日本株インデックスファンド,60379,60379,60379,212767,0
2025-12-09,三井住友・ＤＣつみたてＮＩＳＡ・日本株インデックスファンド,60391,60391,60391,212781,0
2025-12-10,三井住友・ＤＣつみたてＮＩＳＡ・日本株インデックスファンド,60462,60462,60462,213036,0
2025-12-11,三井住友・ＤＣつみたてＮＩＳＡ・日本株インデックスファンド,59895,59895,59895,211488,0
2025-12-12,三井住友・ＤＣつみたてＮＩＳＡ・日本株インデックスファンド,61080,61080,61080,215754,0
2025-12-15,三井住友・ＤＣつみたてＮＩＳＡ・日本株インデックスファンド,61218,61218,61218,216223,0
2025-12-16,三井住友・ＤＣつみたてＮＩＳＡ・日本株インデックスファンド,60130,60130,60130,213041,0
2025-12-17,三井住友・ＤＣつみたてＮＩＳＡ・日本株インデックスファンド,60112,60112,60112,213000,0
2025-12-18,三井住友・ＤＣつみたてＮＩＳＡ・日本株インデックスファンド,59888,59888,59888,212298,0
2025-12-19,三井住友・ＤＣつみたてＮＩＳＡ・日本株インデックスファンド,60364,60364,60364,214033,0
2025-12-22,三井住友・ＤＣつみたてＮＩＳＡ・日本株インデックスファンド,60748,60748,60748,215386,0
2025-12-23,三井住友・ＤＣつみたてＮＩＳＡ・日本株インデックスファンド,61071,61071,61071,216482,0
2025-12-24,三井住友・ＤＣつみたてＮＩＳＡ・日本株インデックスファンド,60784,60784,60784,215591,0
2025-12-25,三井住友・ＤＣつみたてＮＩＳＡ・日本株インデックスファンド,60977,60977,60977,216293,0
2025-12-26,三井住友・ＤＣつみたてＮＩＳＡ・日本株インデックスファンド,61064,61064,61064,216637,0
2025-12-29,三井住友・ＤＣつみたてＮＩＳＡ・日本株インデックスファンド,61200,61200,61200,217144,0
2025-12-30,三井住友・ＤＣつみたてＮＩＳＡ・日本株インデックスファンド,60887,60887,60887,216217,0
2026-01-05,三井住友・ＤＣつみたてＮＩＳＡ・日本株インデックスファンド,62109,62109,62109,220561,0
2026-01-06,三井住友・ＤＣつみたてＮＩＳＡ・日本株インデックスファンド,63199,63199,63199,224474,0
2026-01-07,三井住友・ＤＣつみたてＮＩＳＡ・日本株インデックスファンド,62714,62714,62714,222755,0
2026-01-08,三井住友・ＤＣつみたてＮＩＳＡ・日本株インデックスファンド,62230,62230,62230,221063,0
2026-01-09,三井住友・ＤＣつみたてＮＩＳＡ・日本株インデックスファンド,62764,62764,62764,223051,0
2026-01-13,三井住友・ＤＣつみたてＮＩＳＡ・日本株インデックスファンド,64279,64279,64279,228476,0
2026-01-14,三井住友・ＤＣつみたてＮＩＳＡ・日本株インデックスファンド,65085,65085,65085,231858,0
2026-01-15,三井住友・ＤＣつみたてＮＩＳＡ・日本株インデックスファンド,65528,65528,65528,233416,0
2026-01-16,三井住友・ＤＣつみたてＮＩＳＡ・日本株インデックスファンド,65346,65346,65346,232783,0
2026-01-19,三井住友・ＤＣつみたてＮＩＳＡ・日本株インデックスファンド,65303,65303,65303,232794,0
2026-01-20,三井住友・ＤＣつみたてＮＩＳＡ・日本株インデックスファンド,64752,64752,64752,230935,0
2026-01-21,三井住友・ＤＣつみたてＮＩＳＡ・日本株インデックスファンド,64112,64112,64112,229474,0
2026-01-22,三井住友・ＤＣつみたてＮＩＳＡ・日本株インデックスファンド,64588,64588,64588,231408,0
2026-01-23,三井住友・ＤＣつみたてＮＩＳＡ・日本株インデックスファンド,64825,64825,64825,232248,0
2026-01-26,三井住友・ＤＣつみたてＮＩＳＡ・日本株インデックスファンド,63446,63446,63446,227408,0
2026-01-27,三井住友・ＤＣつみたてＮＩＳＡ・日本株インデックスファンド,63643,63643,63643,228112,0
2026-01-28,三井住友・ＤＣつみたてＮＩＳＡ・日本株インデックスファンド,63139,63139,63139,226539,0
2026-01-29,三井住友・ＤＣつみたてＮＩＳＡ・日本株インデックスファンド,63318,63318,63318,227200,0
2026-01-30,三井住友・ＤＣつみたてＮＩＳＡ・日本株インデックスファンド,63696,63696,63696,228751,0
2026-02-02,三井住友・ＤＣつみたてＮＩＳＡ・日本株インデックスファンド,63152,63152,63152,226812,0
2026-02-03,三井住友・ＤＣつみたてＮＩＳＡ・日本株インデックスファンド,65115,65115,65115,233834,0
2026-02-04,三井住友・ＤＣつみたてＮＩＳＡ・日本株インデックスファンド,65290,65290,65290,234556,0
2026-02-05,三井住友・ＤＣつみたてＮＩＳＡ・日本株インデックスファンド,65235,65235,65235,234342,0
2026-02-06,三井住友・ＤＣつみたてＮＩＳＡ・日本株インデックスファンド,66068,66068,66068,237483,0
2026-02-09,三井住友・ＤＣつみたてＮＩＳＡ・日本株インデックスファンド,67578,67578,67578,243052,0
2026-02-10,三井住友・ＤＣつみたてＮＩＳＡ・日本株インデックスファンド,68861,68861,68861,247685,0
2026-02-12,三井住友・ＤＣつみたてＮＩＳＡ・日本株インデックスファンド,69342,69342,69342,249811,0
2026-02-13,三井住友・ＤＣつみたてＮＩＳＡ・日本株インデックスファンド,68211,68211,68211,245754,0
2026-02-16,三井住友・ＤＣつみたてＮＩＳＡ・日本株インデックスファンド,67649,67649,67649,244572,0
2026-02-17,三井住友・ＤＣつみたてＮＩＳＡ・日本株インデックスファンド,67185,67185,67185,243014,0
2026-02-18,三井住友・ＤＣつみたてＮＩＳＡ・日本株インデックスファンド,68005,68005,68005,246218,0
2026-02-19,三井住友・ＤＣつみたてＮＩＳＡ・日本株インデックスファンド,68808,68808,68808,249237,0
2026-02-20,三井住友・ＤＣつみたてＮＩＳＡ・日本株インデックスファンド,68029,68029,68029,246490,0
2026-02-24,三井住友・ＤＣつみたてＮＩＳＡ・日本株インデックスファンド,68162,68162,68162,247154,0
2026-02-25,三井住友・ＤＣつみたてＮＩＳＡ・日本株インデックスファンド,68648,68648,68648,249095,0
2026-02-26,三井住友・ＤＣつみたてＮＩＳＡ・日本株インデックスファンド,69326,69326,69326,251622,0
2026-02-27,三井住友・ＤＣつみたてＮＩＳＡ・日本株インデックスファンド,70370,70370,70370,255452,0
2026-03-02,三井住友・ＤＣつみたてＮＩＳＡ・日本株インデックスファンド,69648,69648,69648,253093,0
2026-03-03,三井住友・ＤＣつみたてＮＩＳＡ・日本株インデックスファンド,67390,67390,67390,244882,0
2026-03-04,三井住友・ＤＣつみたてＮＩＳＡ・日本株インデックスファンド,64913,64913,64913,236027,0
2026-03-05,三井住友・ＤＣつみたてＮＩＳＡ・日本株インデックスファンド,66146,66146,66146,240539,0
2026-03-06,三井住友・ＤＣつみたてＮＩＳＡ・日本株インデックスファンド,66403,66403,66403,241520,0
2026-03-09,三井住友・ＤＣつみたてＮＩＳＡ・日本株インデックスファンド,63877,63877,63877,232499,0
2026-03-10,三井住友・ＤＣつみたてＮＩＳＡ・日本株インデックスファンド,65459,65459,65459,238395,0
2026-03-11,三井住友・ＤＣつみたてＮＩＳＡ・日本株インデックスファンド,66075,66075,66075,241073,0
2026-03-12,三井住友・ＤＣつみたてＮＩＳＡ・日本株インデックスファンド,65197,65197,65197,237979,0